dataset,source_file,output_file,source_rows,coffee_c_rows,status,error
disaggregated_futures_only,raw_cot_data/disaggregated_futures_only/fut_disagg_xls_2017/f_year.xls,COT/disaggregated_futures_only/fut_disagg_xls_2017__f_year__coffee_c.csv,10204,52,filtered,
disaggregated_futures_only,raw_cot_data/disaggregated_futures_only/fut_disagg_xls_2018/f_year.xls,COT/disaggregated_futures_only/fut_disagg_xls_2018__f_year__coffee_c.csv,10874,53,filtered,
disaggregated_futures_only,raw_cot_data/disaggregated_futures_only/fut_disagg_xls_2019/f_year.xls,COT/disaggregated_futures_only/fut_disagg_xls_2019__f_year__coffee_c.csv,10954,52,filtered,
disaggregated_futures_only,raw_cot_data/disaggregated_futures_only/fut_disagg_xls_2020/f_year.xls,COT/disaggregated_futures_only/fut_disagg_xls_2020__f_year__coffee_c.csv,10786,52,filtered,
disaggregated_futures_only,raw_cot_data/disaggregated_futures_only/fut_disagg_xls_2021/f_year.xls,COT/disaggregated_futures_only/fut_disagg_xls_2021__f_year__coffee_c.csv,10704,52,filtered,
disaggregated_futures_only,raw_cot_data/disaggregated_futures_only/fut_disagg_xls_2022/f_year.xls,COT/disaggregated_futures_only/fut_disagg_xls_2022__f_year__coffee_c.csv,11526,52,filtered,
disaggregated_futures_only,raw_cot_data/disaggregated_futures_only/fut_disagg_xls_2023/f_year.xls,COT/disaggregated_futures_only/fut_disagg_xls_2023__f_year__coffee_c.csv,12534,52,filtered,
disaggregated_futures_only,raw_cot_data/disaggregated_futures_only/fut_disagg_xls_2024/f_year.xls,COT/disaggregated_futures_only/fut_disagg_xls_2024__f_year__coffee_c.csv,13601,53,filtered,
disaggregated_futures_only,raw_cot_data/disaggregated_futures_only/fut_disagg_xls_2025/f_year.xls,COT/disaggregated_futures_only/fut_disagg_xls_2025__f_year__coffee_c.csv,13630,52,filtered,
disaggregated_futures_only,raw_cot_data/disaggregated_futures_only/fut_disagg_xls_2026/f_year.xls,COT/disaggregated_futures_only/fut_disagg_xls_2026__f_year__coffee_c.csv,9502,35,filtered,
disaggregated_futures_only,raw_cot_data/disaggregated_futures_only/fut_disagg_xls_hist_2006_2016/F_DisAgg06_15.xls,COT/disaggregated_futures_only/fut_disagg_xls_hist_2006_2016__F_DisAgg06_15__coffee_c.csv,59679,499,filtered,
disaggregated_futures_only,raw_cot_data/disaggregated_futures_only/fut_disagg_xls_hist_2006_2016/F_DisAgg16_16.xls,COT/disaggregated_futures_only/fut_disagg_xls_hist_2006_2016__F_DisAgg16_16__coffee_c.csv,10520,52,filtered,
legacy_futures_only,raw_cot_data/legacy_futures_only/dea_fut_xls_2004/annual.xls,COT/legacy_futures_only/dea_fut_xls_2004__annual__coffee_c.csv,3465,52,filtered,
legacy_futures_only,raw_cot_data/legacy_futures_only/dea_fut_xls_2005/annual.xls,COT/legacy_futures_only/dea_fut_xls_2005__annual__coffee_c.csv,3909,52,filtered,
legacy_futures_only,raw_cot_data/legacy_futures_only/dea_fut_xls_2006/annual.xls,COT/legacy_futures_only/dea_fut_xls_2006__annual__coffee_c.csv,4926,52,filtered,
legacy_futures_only,raw_cot_data/legacy_futures_only/dea_fut_xls_2007/annual_2007.xls,COT/legacy_futures_only/dea_fut_xls_2007__annual_2007__coffee_c.csv,5394,53,filtered,
legacy_futures_only,raw_cot_data/legacy_futures_only/dea_fut_xls_2008/annual.xls,COT/legacy_futures_only/dea_fut_xls_2008__annual__coffee_c.csv,5631,52,filtered,
legacy_futures_only,raw_cot_data/legacy_futures_only/dea_fut_xls_2009/annual.xls,COT/legacy_futures_only/dea_fut_xls_2009__annual__coffee_c.csv,6570,52,filtered,
legacy_futures_only,raw_cot_data/legacy_futures_only/dea_fut_xls_2010/annual.xls,COT/legacy_futures_only/dea_fut_xls_2010__annual__coffee_c.csv,7308,52,filtered,
legacy_futures_only,raw_cot_data/legacy_futures_only/dea_fut_xls_2011/annual.xls,COT/legacy_futures_only/dea_fut_xls_2011__annual__coffee_c.csv,7365,52,filtered,
legacy_futures_only,raw_cot_data/legacy_futures_only/dea_fut_xls_2012/annual.xls,COT/legacy_futures_only/dea_fut_xls_2012__annual__coffee_c.csv,7838,53,filtered,
legacy_futures_only,raw_cot_data/legacy_futures_only/dea_fut_xls_2013/annual.xls,COT/legacy_futures_only/dea_fut_xls_2013__annual__coffee_c.csv,10159,52,filtered,
legacy_futures_only,raw_cot_data/legacy_futures_only/dea_fut_xls_2014/annual.xls,COT/legacy_futures_only/dea_fut_xls_2014__annual__coffee_c.csv,12131,52,filtered,
legacy_futures_only,raw_cot_data/legacy_futures_only/dea_fut_xls_2015/annual.xls,COT/legacy_futures_only/dea_fut_xls_2015__annual__coffee_c.csv,11610,52,filtered,
legacy_futures_only,raw_cot_data/legacy_futures_only/dea_fut_xls_2016/annual.xls,COT/legacy_futures_only/dea_fut_xls_2016__annual__coffee_c.csv,12434,52,filtered,
legacy_futures_only,raw_cot_data/legacy_futures_only/dea_fut_xls_2017/annual.xls,COT/legacy_futures_only/dea_fut_xls_2017__annual__coffee_c.csv,12314,52,filtered,
legacy_futures_only,raw_cot_data/legacy_futures_only/dea_fut_xls_2018/annual.xls,COT/legacy_futures_only/dea_fut_xls_2018__annual__coffee_c.csv,13410,53,filtered,
legacy_futures_only,raw_cot_data/legacy_futures_only/dea_fut_xls_2019/annual.xls,COT/legacy_futures_only/dea_fut_xls_2019__annual__coffee_c.csv,13468,52,filtered,
legacy_futures_only,raw_cot_data/legacy_futures_only/dea_fut_xls_2020/annual.xls,COT/legacy_futures_only/dea_fut_xls_2020__annual__coffee_c.csv,13131,52,filtered,
legacy_futures_only,raw_cot_data/legacy_futures_only/dea_fut_xls_2021/annual.xls,COT/legacy_futures_only/dea_fut_xls_2021__annual__coffee_c.csv,13307,52,filtered,
legacy_futures_only,raw_cot_data/legacy_futures_only/dea_fut_xls_2022/annual.xls,COT/legacy_futures_only/dea_fut_xls_2022__annual__coffee_c.csv,14245,52,filtered,
legacy_futures_only,raw_cot_data/legacy_futures_only/dea_fut_xls_2023/annual.xls,COT/legacy_futures_only/dea_fut_xls_2023__annual__coffee_c.csv,15343,52,filtered,
legacy_futures_only,raw_cot_data/legacy_futures_only/dea_fut_xls_2024/annual.xls,COT/legacy_futures_only/dea_fut_xls_2024__annual__coffee_c.csv,16764,53,filtered,
legacy_futures_only,raw_cot_data/legacy_futures_only/dea_fut_xls_2025/annual.xls,COT/legacy_futures_only/dea_fut_xls_2025__annual__coffee_c.csv,17316,52,filtered,
legacy_futures_only,raw_cot_data/legacy_futures_only/dea_fut_xls_2026/annual.xls,COT/legacy_futures_only/dea_fut_xls_2026__annual__coffee_c.csv,12552,35,filtered,
legacy_futures_only,raw_cot_data/legacy_futures_only/deafut_xls_2000/Fut_2000.xls,COT/legacy_futures_only/deafut_xls_2000__Fut_2000__coffee_c.csv,3261,52,filtered,
legacy_futures_only,raw_cot_data/legacy_futures_only/deafut_xls_2001/Fut_2001.xls,COT/legacy_futures_only/deafut_xls_2001__Fut_2001__coffee_c.csv,2782,52,filtered,
legacy_futures_only,raw_cot_data/legacy_futures_only/deafut_xls_2002/Fut_2002.xls,COT/legacy_futures_only/deafut_xls_2002__Fut_2002__coffee_c.csv,2854,52,filtered,
legacy_futures_only,raw_cot_data/legacy_futures_only/deafut_xls_2003/Fut_2003.xls,COT/legacy_futures_only/deafut_xls_2003__Fut_2003__coffee_c.csv,3135,52,filtered,
