Date,window_start,window_end,actual_return_5d,predicted_return_5d,abs_return_error,article_count,weighted_news_score,max_weekly_strength_score,news_direction,news_aligned_with_actual_move,strong_weekly_news_effect,top_news_titles,news_explanation
2023-01-24,2023-01-20,2023-01-31,0.1370033973117421,0.0020892914053127,0.1349141059064294,8,0.0,0.5,mixed/none,False,False,Arabica Coffee 4/5 Futures Historical Prices - Investing.com | Coffee - Price - Chart - Historical Data - News | Coffee Arabica Price (Monthly) - Historical Data & Trends,moderate/weak mixed news signal versus an actual upward weekly move; matched: no high-impact keyword cluster.
2024-03-28,2024-03-24,2024-04-04,0.1252316289760719,0.0001010767542608,0.1251305522218111,8,0.0,0.75,mixed/none,False,False,Coffee - Price - Chart - Historical Data - News | Coffee C Futures Pricing | Arabica Coffee Prices at 2024-Lows - TRADING ECONOMICS,moderate/weak mixed news signal versus an actual upward weekly move; matched: no high-impact keyword cluster.
2024-04-10,2024-04-06,2024-04-17,0.1551362869724413,-0.0010314345437674,0.1561677215162087,8,0.0,0.75,mixed/none,False,False,Arabica Coffee 4/5 Futures Historical Prices - Investing.com | Coffee C Futures Pricing | Arabica Coffee 4/5 Futures Price Today - Investing.com,moderate/weak mixed news signal versus an actual upward weekly move; matched: no high-impact keyword cluster.
2024-04-29,2024-04-25,2024-05-06,-0.1406551302687657,-0.0165908488066362,0.1240642814621295,8,0.0,0.5,mixed/none,False,False,Arabica Coffee 4/5 Futures Historical Prices - Investing.com | Coffee C Futures Pricing | Coffee (Arabica) price information - FT.com,moderate/weak mixed news signal versus an actual downward weekly move; matched: no high-impact keyword cluster.
2024-07-01,2024-06-27,2024-07-08,0.1116012500764791,-0.0138124792264988,0.1254137293029779,8,0.0,0.5,mixed/none,False,False,Coffee Jul '24 Futures Price - Barchart.com | Coffee (Arabica) price information - FT.com | Arabica Coffee 4/5 Futures Historical Prices - Investing.com,moderate/weak mixed news signal versus an actual upward weekly move; matched: no high-impact keyword cluster.
2024-11-19,2024-11-15,2024-11-26,0.1158176725522228,-0.0038757591746088,0.1196934317268317,0,0.0,0.0,mixed/none,False,False,,No relevant dated public-news result found in the search window.
2024-12-02,2024-11-28,2024-12-09,0.1106282561346756,-0.0122225130831095,0.1228507692177851,8,0.0,0.75,mixed/none,False,False,Coffee C Futures Pricing | Coffee Dec '24 Futures Price - Barchart.com | Coffee (Arabica) price information - FT.com,moderate/weak mixed news signal versus an actual upward weekly move; matched: no high-impact keyword cluster.
2024-12-03,2024-11-29,2024-12-10,0.1274772594334372,-0.0086943763121661,0.1361716357456034,8,0.0,0.5,mixed/none,False,False,Coffee (Arabica) price information - FT.com | Coffee C Futures Pricing | Coffee Arabica Price (Monthly) - Historical Data & Trends,moderate/weak mixed news signal versus an actual upward weekly move; matched: no high-impact keyword cluster.
2025-02-03,2025-01-30,2025-02-10,0.1264111175322566,-0.0067271051144326,0.1331382226466892,8,-3.0,2.0,bearish,False,False,Coffee Cost Crisis Estimated to Ease With Predictions of 30% Fall by ... | Arabica coffee prices seen falling 30% by end-2025 | Reuters | Coffee C Futures Pricing,"moderate/weak bearish news signal versus an actual upward weekly move; matched: ease, falling."
2025-04-21,2025-04-17,2025-04-28,0.1492639090023697,-7.315529193454669e-05,0.1493370642943043,8,-3.0,2.0,bearish,False,False,Arabica Coffee 4/5 Futures Historical Prices - Investing.com | Arabica Coffee 4/5 Futures Price Today - Investing.com | Coffee (Arabica) price information - FT.com,moderate/weak bearish news signal versus an actual upward weekly move; matched: no high-impact keyword cluster.
2025-08-12,2025-08-08,2025-08-19,0.1302554945440688,-0.0013656411838303,0.1316211357278991,8,0.0,0.5,mixed/none,False,False,Coffee - Price - Chart - Historical Data - News | Coffee C Futures Pricing | Coffee (Arabica) price information - FT.com,moderate/weak mixed news signal versus an actual upward weekly move; matched: no high-impact keyword cluster.
2025-08-13,2025-08-09,2025-08-20,0.1271902162708913,0.0001076701241864,0.1270825461467049,8,0.0,0.5,mixed/none,False,False,Coffee - Price - Chart - Historical Data - News | Coffee C Futures Pricing | Coffee Prices and Coffee Futures Prices - Barchart.com,moderate/weak mixed news signal versus an actual upward weekly move; matched: no high-impact keyword cluster.
2025-08-14,2025-08-10,2025-08-21,0.1493108728943337,0.0001378120463599,0.1491730608479738,8,0.0,0.5,mixed/none,False,False,Coffee - Price - Chart - Historical Data - News | Coffee C Futures Pricing | Coffee (Arabica) price information - FT.com,moderate/weak mixed news signal versus an actual upward weekly move; matched: no high-impact keyword cluster.
2025-08-15,2025-08-11,2025-08-22,0.1434216328856319,0.002304020291034,0.1411176125945979,8,0.0,0.5,mixed/none,False,False,Coffee C Futures Pricing | Coffee Prices and Coffee Futures Prices - Barchart.com | Live Coffee Arabica Price & Charts | CommodityPriceAPI,moderate/weak mixed news signal versus an actual upward weekly move; matched: no high-impact keyword cluster.
2025-08-18,2025-08-14,2025-08-25,0.1348952423753797,0.0003876902504989,0.1345075521248807,8,5.0,4.25,bullish,True,True,Coffee - Price - Chart - Historical Data - News | Coffee (Arabica) price information - FT.com | Coffee C Futures Pricing,strong bullish news signal versus an actual upward weekly move; matched: no high-impact keyword cluster.
2025-09-15,2025-09-11,2025-09-22,-0.1503411566610163,-0.0253880211967461,0.1249531354642702,8,1.0,5.0,bullish,False,True,Arabica Coffee Futures Stay Near 7-Month Highs - TRADING ECONOMICS | Arabica Coffee Hits Highest Since February on Supply Concerns | Coffee C Futures Pricing,"strong bullish news signal versus an actual downward weekly move; matched: highest, highs, supply concerns."
2025-09-16,2025-09-12,2025-09-23,-0.170751938670256,-0.0225106918219112,0.1482412468483447,8,1.0,5.0,bullish,False,True,"Coffee C Futures Pricing | Coffee News Recap, 19 Sep: Arabica futures drop sharply from near ... | Coffee - Price - Chart - Historical Data - News","strong bullish news signal versus an actual downward weekly move; matched: drop, drop sharply."
2025-12-10,2025-12-06,2025-12-17,-0.1220059765115146,0.0011400414075821,0.1231460179190968,6,3.0,1.75,bullish,False,False,Brazil Robusta Coffee Growers Push For Quality | India Coffee Exports Set to Top $2 Billion in 2025 on Surging Global Prices | Coffee prices are soaring and caffeine addicts are switching vices,moderate/weak bullish news signal versus an actual downward weekly move; matched: soaring.
2025-12-11,2025-12-07,2025-12-18,-0.1479837173352033,-0.0003228846077161,0.1476608327274872,8,-2.0,2.0,bearish,True,False,Coffee - Price - Chart - Historical Data - News | Coffee Dec '25 Futures Price - Barchart.com | US Coffee C Futures Historical Prices - Investing.com,moderate/weak bearish news signal versus an actual downward weekly move; matched: no high-impact keyword cluster.
2025-12-12,2025-12-08,2025-12-19,-0.1423716429320539,-0.0004703861657424,0.1419012567663115,8,0.0,0.5,mixed/none,False,False,Coffee Dec '25 Futures Price - Barchart.com | Coffee C Futures Pricing | US Coffee C Futures Historical Prices - Investing.com,moderate/weak mixed news signal versus an actual downward weekly move; matched: no high-impact keyword cluster.
2026-01-27,2026-01-23,2026-02-03,-0.1365554632988002,-0.0019309985017589,0.1346244647970412,8,0.0,0.75,mixed/none,False,False,"World Coffee Prices 2026: Arabica, Robusta & Price Predictions | Coffee price forecast from 2026 to 2030. Luckin coffee stock price ... | Coffee (Arabica) Price Today — Chart, History & 2026 Forecast",moderate/weak mixed news signal versus an actual downward weekly move; matched: no high-impact keyword cluster.
2026-01-28,2026-01-24,2026-02-04,-0.1206552880442041,-0.0001469724017002,0.1205083156425039,2,-3.0,2.5,bearish,True,False,"Why Are Coffee Prices Falling , and How Much Lower Will They Go ?  | Over 80 , 000 Keurig Coffee Pods Were Recalled : What to Know","moderate/weak bearish news signal versus an actual downward weekly move; matched: falling, lower."
2026-06-09,2026-06-05,2026-06-16,0.134410830294166,0.0050825953872068,0.1293282349069591,5,-1.0,1.0,bearish,False,False,Uganda Ebola Crisis : Coffee Trade Risk Offset by Global Supply Boom | Uganda Ebola Crisis : Coffee Trade Risk Offset by Global Supply Boom | Uganda Ebola Crisis : Coffee Trade Risk Offset by Global Supply Boom,moderate/weak bearish news signal versus an actual upward weekly move; matched: no high-impact keyword cluster.
2026-06-26,2026-06-22,2026-07-03,0.2692241053427422,-0.0028868740642094,0.2721109794069516,8,-2.0,1.75,bearish,False,False,"World Coffee Prices 2026: Arabica, Robusta & Price Predictions | Coffee price analysis: Falling wedge pattern readies market for a breakout | Coffee (Arabica) Price Today — Chart, History & 2026 Forecast",moderate/weak bearish news signal versus an actual upward weekly move; matched: falling.
2026-06-29,2026-06-25,2026-07-06,0.1391274446954087,-0.0030515214983656,0.1421789661937744,8,0.0,0.75,mixed/none,False,False,"World Coffee Prices 2026: Arabica, Robusta & Price Predictions | Coffee (Arabica) Price Today — Chart, History & 2026 Forecast | Arabica Coffee 4/5 Sep '26 Futures Price - Barchart.com",moderate/weak mixed news signal versus an actual upward weekly move; matched: no high-impact keyword cluster.
