event_id,event_start,event_end,peak_date,peak_close,peak_drift_score,return_5d,return_20d,cot_report_date_used,cot_release_date_estimate,cot_fill_status,cot_days_since_report,most_abnormal_cot_context
75,2014-01-30,2014-03-24,2014-02-19,171.75,6.543066959715205,0.25227858288955085,0.4780551162707938,2014-02-18,2014-02-21,forward_filled_from_previous_cot,1.0,swap_dealer_net z=1.1; managed_money_net_pct_oi z=0.6; noncommercial_net z=0.6; commercial_net z=0.6; Open_Interest_All z=0.1
2,2000-07-07,2000-08-16,2000-07-18,116.5,6.486810654141129,0.29300779104298913,0.335243553008596,2000-07-18,2000-07-21,original_cot_row,0.0,Open_Interest_All z=1.6; noncommercial_net z=0.3; commercial_net z=0.2
116,2021-07-21,2021-08-18,2021-07-26,207.8000030517578,6.026926655092171,0.3384863320564111,0.3214626585167428,2021-07-20,2021-07-23,forward_filled_from_previous_cot,6.0,Open_Interest_All z=1.8; commercial_net z=1.8; noncommercial_net z=1.7; swap_dealer_net z=0.8; managed_money_net_pct_oi z=0.5
102,2018-08-15,2018-11-19,2018-10-15,119.3499984741211,5.633480911266463,0.06705409121427297,0.2771535834316159,2018-10-09,2018-10-12,forward_filled_from_previous_cot,6.0,noncommercial_net z=2.7; commercial_net z=2.6; Open_Interest_All z=2.3; managed_money_net_pct_oi z=1.8; swap_dealer_net z=0.7
148,2026-07-01,2026-07-31,2026-07-09,356.95001220703125,5.437074305077505,0.10067846328414332,0.4605156347025827,2026-07-07,2026-07-10,forward_filled_from_previous_cot,2.0,swap_dealer_net z=1.3; managed_money_net_pct_oi z=0.9; noncommercial_net z=0.5; commercial_net z=0.4; Open_Interest_All z=0.2
54,2010-06-11,2010-07-12,2010-06-15,159.35000610351562,4.563449588385764,0.19318609106851858,0.1843181158622338,2010-06-15,2010-06-18,original_cot_row,0.0,swap_dealer_net z=0.7; noncommercial_net z=0.5; commercial_net z=0.4; managed_money_net_pct_oi z=0.4; Open_Interest_All z=0.1
111,2020-03-03,2020-04-09,2020-03-24,125.5999984741211,4.164270787475203,0.220602493796205,0.1727357634320621,2020-03-24,2020-03-27,original_cot_row,0.0,Open_Interest_All z=1.2; noncommercial_net z=0.4; commercial_net z=0.4; swap_dealer_net z=0.1; managed_money_net_pct_oi z=0.0
40,2007-09-10,2007-10-26,2007-09-20,133.14999389648438,4.162823963525768,0.14586916861789634,0.16339010438505208,2007-09-18,2007-09-21,forward_filled_from_previous_cot,2.0,swap_dealer_net z=0.8; noncommercial_net z=0.6; commercial_net z=0.6; managed_money_net_pct_oi z=0.4; Open_Interest_All z=0.0
41,2008-02-14,2008-04-14,2008-03-20,130.89999389648438,4.128066416757882,-0.15874043212182865,-0.16277589519364266,2008-03-18,2008-03-21,forward_filled_from_previous_cot,2.0,swap_dealer_net z=1.5; commercial_net z=1.0; managed_money_net_pct_oi z=1.0; noncommercial_net z=0.9; Open_Interest_All z=0.2
133,2024-04-05,2024-05-15,2024-04-17,247.9499969482422,4.045415833780514,0.1551362869724413,0.3545478984675774,2024-04-16,2024-04-19,forward_filled_from_previous_cot,1.0,commercial_net z=2.2; noncommercial_net z=2.2; swap_dealer_net z=1.9; managed_money_net_pct_oi z=1.6; Open_Interest_All z=1.2
10,2002-03-11,2002-04-09,2002-03-12,55.400001525878906,3.9705646568429844,0.18376073566274953,0.28538291153637063,2002-03-12,2002-03-15,original_cot_row,0.0,Open_Interest_All z=1.3; noncommercial_net z=0.2; commercial_net z=0.0
1,2000-05-19,2000-06-22,2000-05-22,103.3000030517578,3.882513267580648,0.1320548279644691,0.09602125253854421,2000-05-16,2000-05-19,forward_filled_from_previous_cot,6.0,Open_Interest_All z=1.6; commercial_net z=0.6; noncommercial_net z=0.6
21,2004-11-15,2005-01-06,2004-11-16,86.05000305175781,3.8370561845407245,0.07562503814697275,0.17957514258444784,2004-11-16,2004-11-19,original_cot_row,0.0,Open_Interest_All z=1.0; commercial_net z=0.3; noncommercial_net z=0.3
19,2004-05-24,2004-07-12,2004-05-28,85.55000305175781,3.6177001190091014,0.18244650803079465,0.27401341932639767,2004-05-25,2004-05-28,forward_filled_from_previous_cot,3.0,Open_Interest_All z=1.0; commercial_net z=0.1; noncommercial_net z=0.0
90,2016-11-29,2016-12-30,2016-12-07,137.89999389648438,3.58907462810952,-0.06508478714247878,-0.20906229384007036,2016-12-06,2016-12-09,forward_filled_from_previous_cot,1.0,commercial_net z=0.9; noncommercial_net z=0.9; managed_money_net_pct_oi z=0.7; swap_dealer_net z=0.4; Open_Interest_All z=0.3
109,2019-11-06,2020-01-13,2019-12-12,135.89999389648438,3.5450707588797497,0.09640982043131574,0.2589161439406349,2019-12-10,2019-12-13,forward_filled_from_previous_cot,2.0,Open_Interest_All z=1.7; swap_dealer_net z=0.9; noncommercial_net z=0.9; commercial_net z=0.8; managed_money_net_pct_oi z=0.3
8,2002-01-02,2002-01-17,2002-01-10,51.29999923706055,3.5395250793860624,0.07999998393811669,0.22142855326334643,2002-01-08,2002-01-11,forward_filled_from_previous_cot,2.0,Open_Interest_All z=1.5; noncommercial_net z=0.6; commercial_net z=0.5
18,2004-01-05,2004-02-03,2004-01-27,78.6500015258789,3.5256230644021844,0.05287824282474318,0.23179331880103904,2004-01-27,2004-01-30,original_cot_row,0.0,Open_Interest_All z=0.8; commercial_net z=0.6; noncommercial_net z=0.4
85,2016-03-14,2016-03-29,2016-03-18,133.85000610351562,3.5025055760887724,0.07596466609102759,0.15637154301093403,2016-03-15,2016-03-18,forward_filled_from_previous_cot,3.0,Open_Interest_All z=0.4; swap_dealer_net z=0.1; managed_money_net_pct_oi z=0.1; commercial_net z=0.1; noncommercial_net z=0.0
13,2002-10-14,2002-11-08,2002-10-15,69.69999694824219,3.502499992047943,0.19656647121445814,0.1426229007908555,2002-10-15,2002-10-18,original_cot_row,0.0,Open_Interest_All z=1.2; commercial_net z=0.2; noncommercial_net z=0.0
74,2013-12-13,2014-01-17,2014-01-06,121.0,3.4131506282414175,0.03996563460989799,0.1480075735130879,2013-12-31,2014-01-03,forward_filled_from_previous_cot,6.0,swap_dealer_net z=0.9; managed_money_net_pct_oi z=0.8; commercial_net z=0.8; noncommercial_net z=0.7; Open_Interest_All z=0.3
68,2012-09-11,2012-09-14,2012-09-13,178.5,3.3898027815745135,0.13046236161997893,0.10253246898903123,2012-09-11,2012-09-14,forward_filled_from_previous_cot,2.0,commercial_net z=1.2; managed_money_net_pct_oi z=1.1; noncommercial_net z=1.0; swap_dealer_net z=0.4; Open_Interest_All z=0.3
138,2025-01-10,2025-03-10,2025-02-10,429.0499877929687,3.3146812898092852,0.12641111753225664,0.32484168506029576,2025-02-04,2025-02-07,forward_filled_from_previous_cot,6.0,swap_dealer_net z=3.0; commercial_net z=2.2; noncommercial_net z=2.1; managed_money_net_pct_oi z=1.8; Open_Interest_All z=0.5
123,2022-10-14,2022-11-28,2022-10-28,169.8000030517578,3.1788540386493955,-0.11052902838838263,-0.23358158107499705,2022-10-25,2022-10-28,forward_filled_from_previous_cot,3.0,swap_dealer_net z=0.9; Open_Interest_All z=0.7; managed_money_net_pct_oi z=0.3; commercial_net z=0.1; noncommercial_net z=0.0
106,2019-06-25,2019-07-05,2019-06-25,106.4499969482422,3.163460523233493,0.12884404563397234,0.10827687210879344,2019-06-25,2019-06-28,original_cot_row,0.0,Open_Interest_All z=1.6; managed_money_net_pct_oi z=1.1; noncommercial_net z=0.9; commercial_net z=0.8; swap_dealer_net z=0.6
105,2019-05-28,2019-06-14,2019-05-31,104.5999984741211,3.1541794659813087,0.11871656122054652,0.1590027531758571,2019-05-28,2019-05-31,forward_filled_from_previous_cot,3.0,Open_Interest_All z=2.7; noncommercial_net z=1.9; commercial_net z=1.7; managed_money_net_pct_oi z=1.5; swap_dealer_net z=0.5
86,2016-06-08,2016-07-18,2016-06-08,139.64999389648438,3.1225178260814417,0.1456110922758045,0.10047275190934757,2016-06-07,2016-06-10,forward_filled_from_previous_cot,1.0,Open_Interest_All z=0.4; managed_money_net_pct_oi z=0.2; noncommercial_net z=0.1; commercial_net z=0.1; swap_dealer_net z=0.0
6,2001-08-17,2001-09-20,2001-08-20,50.0,3.109850308501032,0.01317125726396462,-0.07321595379203172,2001-08-14,2001-08-17,forward_filled_from_previous_cot,6.0,Open_Interest_All z=1.4; noncommercial_net z=0.9; commercial_net z=0.7
62,2011-05-10,2011-06-27,2011-06-20,243.6000061035156,3.083988186899903,-0.08917556558215267,-0.06000381307815161,2011-06-14,2011-06-17,forward_filled_from_previous_cot,6.0,Open_Interest_All z=0.8; managed_money_net_pct_oi z=0.6; noncommercial_net z=0.2; commercial_net z=0.1; swap_dealer_net z=0.0
137,2024-11-15,2024-12-18,2024-11-27,326.1499938964844,3.062400945264392,0.10447005546489962,0.30669064872226603,2024-11-26,2024-11-29,forward_filled_from_previous_cot,1.0,swap_dealer_net z=2.4; commercial_net z=2.0; noncommercial_net z=2.0; managed_money_net_pct_oi z=1.6; Open_Interest_All z=0.6
94,2017-07-20,2017-07-21,2017-07-21,136.5500030517578,3.0473805120687496,0.03682616716704756,0.2036139861163171,2017-07-18,2017-07-21,forward_filled_from_previous_cot,3.0,managed_money_net_pct_oi z=1.2; commercial_net z=1.2; noncommercial_net z=1.1; Open_Interest_All z=0.9; swap_dealer_net z=0.1
9,2002-02-20,2002-02-22,2002-02-21,49.0,3.0386946929554917,0.1290322183694368,0.048128342245989275,2002-02-19,2002-02-22,forward_filled_from_previous_cot,2.0,Open_Interest_All z=1.3; noncommercial_net z=0.8; commercial_net z=0.8
7,2001-11-05,2001-12-20,2001-12-20,49.599998474121094,3.0382866301888862,0.1234427352181997,0.07475616108717964,2001-12-18,2001-12-21,forward_filled_from_previous_cot,2.0,Open_Interest_All z=1.5; noncommercial_net z=0.8; commercial_net z=0.7
32,2006-01-03,2006-01-18,2006-01-06,119.5500030517578,3.016787529767301,0.11833490500761612,0.2994565549104109,2006-01-03,2006-01-06,forward_filled_from_previous_cot,3.0,Open_Interest_All z=1.1; noncommercial_net z=0.3; commercial_net z=0.3
3,2000-10-16,2000-10-19,2000-10-17,88.69999694824219,3.004986586898814,0.09845197459123445,0.14896373645856542,2000-10-17,2000-10-20,original_cot_row,0.0,Open_Interest_All z=1.7; noncommercial_net z=0.4; commercial_net z=0.3
144,2025-09-15,2025-10-10,2025-09-23,350.1499938964844,2.9899557123152745,-0.17075193867025606,-0.10206441098767394,2025-09-23,2025-09-26,original_cot_row,0.0,swap_dealer_net z=2.0; managed_money_net_pct_oi z=1.2; noncommercial_net z=0.8; commercial_net z=0.8; Open_Interest_All z=0.1
67,2012-06-27,2012-07-23,2012-07-13,184.4499969482422,2.9769599561204108,0.04860718219688742,0.23626005845179954,2012-07-10,2012-07-13,forward_filled_from_previous_cot,3.0,commercial_net z=0.7; managed_money_net_pct_oi z=0.6; noncommercial_net z=0.5; Open_Interest_All z=0.3; swap_dealer_net z=0.2
76,2014-04-08,2014-04-10,2014-04-10,206.1000061035156,2.9384836978002737,0.18041236482732126,0.00512071707452133,2014-04-08,2014-04-11,forward_filled_from_previous_cot,2.0,managed_money_net_pct_oi z=1.2; commercial_net z=0.9; noncommercial_net z=0.9; swap_dealer_net z=0.3; Open_Interest_All z=0.1
20,2004-09-14,2004-10-15,2004-09-22,83.55000305175781,2.9302131832290836,0.1398362834004574,0.2030238549041794,2004-09-21,2004-09-24,forward_filled_from_previous_cot,1.0,Open_Interest_All z=1.1; noncommercial_net z=0.5; commercial_net z=0.4
122,2022-08-24,2022-08-26,2022-08-25,243.3999938964844,2.9293788192445867,0.13367488288861473,0.11446886766786868,2022-08-23,2022-08-26,forward_filled_from_previous_cot,2.0,noncommercial_net z=0.9; commercial_net z=0.9; managed_money_net_pct_oi z=0.8; swap_dealer_net z=0.7; Open_Interest_All z=0.3
12,2002-09-03,2002-09-23,2002-09-16,61.349998474121094,2.9185008297629076,0.034569970715604414,0.30810227032229065,2002-09-10,2002-09-13,forward_filled_from_previous_cot,6.0,Open_Interest_All z=1.3; noncommercial_net z=0.1; commercial_net z=0.1
126,2023-01-27,2023-02-27,2023-02-22,199.5,2.903836385372556,0.08689728511605943,0.2480449945732741,2023-02-21,2023-02-24,forward_filled_from_previous_cot,1.0,Open_Interest_All z=0.5; swap_dealer_net z=0.5; managed_money_net_pct_oi z=0.1; commercial_net z=0.1; noncommercial_net z=0.0
44,2008-09-25,2008-10-28,2008-10-07,114.1999969482422,2.9010583807573047,-0.12456880322080344,-0.16029414008645437,2008-10-07,2008-10-10,original_cot_row,0.0,swap_dealer_net z=1.1; commercial_net z=0.9; noncommercial_net z=0.7; managed_money_net_pct_oi z=0.5; Open_Interest_All z=0.3
65,2011-09-22,2011-11-03,2011-10-25,236.5500030517578,2.894412351195166,0.021814268042150475,-0.0178534479667386,2011-10-25,2011-10-28,original_cot_row,0.0,Open_Interest_All z=0.6; managed_money_net_pct_oi z=0.3; swap_dealer_net z=0.2; commercial_net z=0.1; noncommercial_net z=0.0
70,2012-12-19,2013-01-02,2012-12-26,148.3000030517578,2.8822127077101376,0.11086144608058279,0.06080114316487584,2012-12-24,2012-12-27,forward_filled_from_previous_cot,2.0,managed_money_net_pct_oi z=1.3; commercial_net z=1.1; noncommercial_net z=1.0; swap_dealer_net z=0.6; Open_Interest_All z=0.3
143,2025-08-19,2025-09-04,2025-08-29,396.8500061035156,2.869630622606809,0.015871015752976447,0.3963757531946277,2025-08-26,2025-08-29,forward_filled_from_previous_cot,3.0,swap_dealer_net z=1.6; managed_money_net_pct_oi z=0.9; noncommercial_net z=0.7; commercial_net z=0.6; Open_Interest_All z=0.0
118,2022-03-03,2022-03-29,2022-03-15,212.3000030517578,2.817062801509914,-0.09292886014272006,-0.14239547390605334,2022-03-15,2022-03-18,original_cot_row,0.0,swap_dealer_net z=1.5; commercial_net z=1.2; noncommercial_net z=1.1; Open_Interest_All z=0.9; managed_money_net_pct_oi z=0.5
39,2007-08-16,2007-08-29,2007-08-17,115.5500030517578,2.8042918295428834,-0.04187392608837348,0.013596517997875424,2007-08-14,2007-08-17,forward_filled_from_previous_cot,3.0,swap_dealer_net z=0.7; commercial_net z=0.5; noncommercial_net z=0.5; managed_money_net_pct_oi z=0.4; Open_Interest_All z=0.1
104,2018-12-24,2018-12-26,2018-12-26,103.9000015258789,2.8023088774652307,0.10121889990678956,-0.028971948356271926,2018-12-24,2018-12-27,forward_filled_from_previous_cot,2.0,noncommercial_net z=2.2; commercial_net z=2.1; managed_money_net_pct_oi z=1.7; Open_Interest_All z=1.6; swap_dealer_net z=0.6
93,2017-06-22,2017-06-29,2017-06-29,124.75,2.7822045402056528,0.09960337907204209,-0.023100994665159247,2017-06-27,2017-06-30,forward_filled_from_previous_cot,2.0,managed_money_net_pct_oi z=1.7; commercial_net z=1.6; noncommercial_net z=1.5; Open_Interest_All z=0.9; swap_dealer_net z=0.1
60,2011-03-15,2011-03-16,2011-03-16,264.54998779296875,2.773284295905279,-0.10139268587760686,0.025188918068133725,2011-03-15,2011-03-18,forward_filled_from_previous_cot,1.0,managed_money_net_pct_oi z=0.9; Open_Interest_All z=0.6; noncommercial_net z=0.5; commercial_net z=0.5; swap_dealer_net z=0.0
101,2018-07-17,2018-08-01,2018-07-20,110.6500015258789,2.761560166109665,0.03362913004664314,-0.017317912741272035,2018-07-17,2018-07-20,forward_filled_from_previous_cot,3.0,noncommercial_net z=2.7; commercial_net z=2.6; managed_money_net_pct_oi z=2.2; Open_Interest_All z=2.0; swap_dealer_net z=1.2
83,2015-10-08,2015-10-15,2015-10-14,134.64999389648438,2.732514649643763,0.06822681980575052,0.1832160833532115,2015-10-13,2015-10-16,forward_filled_from_previous_cot,1.0,commercial_net z=0.7; noncommercial_net z=0.6; managed_money_net_pct_oi z=0.6; Open_Interest_All z=0.3; swap_dealer_net z=0.2
142,2025-06-18,2025-07-11,2025-07-07,280.04998779296875,2.732407314277572,-0.08704160458689891,-0.21784667688663928,2025-07-01,2025-07-04,forward_filled_from_previous_cot,6.0,swap_dealer_net z=2.1; managed_money_net_pct_oi z=0.7; noncommercial_net z=0.6; commercial_net z=0.5; Open_Interest_All z=0.2
49,2009-05-11,2009-06-19,2009-06-01,142.25,2.7321912743911736,0.05370370370370381,0.18690030714281303,2009-05-26,2009-05-29,forward_filled_from_previous_cot,6.0,managed_money_net_pct_oi z=0.8; noncommercial_net z=0.6; commercial_net z=0.5; swap_dealer_net z=0.5; Open_Interest_All z=0.3
114,2020-09-17,2020-09-18,2020-09-18,113.5999984741211,2.6863822725515796,-0.14810653712353927,-0.04175457149061046,2020-09-15,2020-09-18,forward_filled_from_previous_cot,3.0,commercial_net z=1.9; noncommercial_net z=1.9; Open_Interest_All z=1.6; managed_money_net_pct_oi z=0.9; swap_dealer_net z=0.3
17,2003-09-08,2003-09-18,2003-09-18,60.599998474121094,2.6494176341407973,-0.13859275353910105,0.025380711315192706,2003-09-16,2003-09-19,forward_filled_from_previous_cot,2.0,Open_Interest_All z=1.2; noncommercial_net z=0.2; commercial_net z=0.0
63,2011-07-18,2011-08-19,2011-08-17,263.20001220703125,2.644485064078572,0.12071537307527147,0.08134765327466531,2011-08-16,2011-08-19,forward_filled_from_previous_cot,1.0,Open_Interest_All z=0.8; commercial_net z=0.3; noncommercial_net z=0.2; swap_dealer_net z=0.2; managed_money_net_pct_oi z=0.1
145,2025-12-17,2025-12-19,2025-12-18,345.45001220703125,2.6410980334326157,-0.14798371733520332,-0.14598266450672126,2025-12-16,2025-12-19,forward_filled_from_previous_cot,2.0,swap_dealer_net z=1.8; managed_money_net_pct_oi z=1.1; noncommercial_net z=0.6; commercial_net z=0.5; Open_Interest_All z=0.0
132,2023-11-30,2023-12-28,2023-12-18,209.5500030517578,2.584755007003256,0.08015465490596818,0.17790899517225278,2023-12-12,2023-12-15,forward_filled_from_previous_cot,6.0,noncommercial_net z=0.8; commercial_net z=0.8; managed_money_net_pct_oi z=0.7; Open_Interest_All z=0.7; swap_dealer_net z=0.2
140,2025-04-28,2025-04-28,2025-04-28,421.5499877929687,2.5777958370257488,0.14926390900236974,0.10948802276461023,2025-04-22,2025-04-25,forward_filled_from_previous_cot,6.0,swap_dealer_net z=2.5; managed_money_net_pct_oi z=1.3; noncommercial_net z=1.0; commercial_net z=1.0; Open_Interest_All z=0.2
51,2009-08-06,2009-08-11,2009-08-07,137.89999389648438,2.5353093517761356,0.07860770858278543,0.2279607315142087,2009-08-04,2009-08-07,forward_filled_from_previous_cot,3.0,Open_Interest_All z=0.8; swap_dealer_net z=0.5; managed_money_net_pct_oi z=0.3; noncommercial_net z=0.1; commercial_net z=0.0
38,2007-06-01,2007-06-07,2007-06-01,117.4000015258789,2.518019835204452,0.03573006710434545,0.15836214399012594,2007-05-29,2007-06-01,forward_filled_from_previous_cot,3.0,managed_money_net_pct_oi z=1.0; swap_dealer_net z=0.9; noncommercial_net z=0.5; commercial_net z=0.5; Open_Interest_All z=0.0
14,2002-12-11,2002-12-12,2002-12-12,58.04999923706055,2.5157188902303975,-0.13228702671097725,-0.08941177667356004,2002-12-10,2002-12-13,forward_filled_from_previous_cot,2.0,Open_Interest_All z=1.2; commercial_net z=0.1; noncommercial_net z=0.0
110,2020-01-28,2020-02-14,2020-01-29,102.0500030517578,2.5139472036206034,-0.08063060313731718,-0.2277714130528411,2020-01-28,2020-01-31,forward_filled_from_previous_cot,1.0,Open_Interest_All z=1.9; commercial_net z=0.8; noncommercial_net z=0.7; swap_dealer_net z=0.4; managed_money_net_pct_oi z=0.1
139,2025-04-07,2025-04-10,2025-04-09,341.70001220703125,2.511872614804703,-0.12125496504153987,-0.12876083230038893,2025-04-08,2025-04-11,forward_filled_from_previous_cot,1.0,swap_dealer_net z=2.7; managed_money_net_pct_oi z=1.2; noncommercial_net z=1.1; commercial_net z=1.0; Open_Interest_All z=0.2
89,2016-11-04,2016-11-07,2016-11-07,174.35000610351562,2.503006113858495,0.0621383648266447,0.17804058178051108,2016-11-01,2016-11-04,forward_filled_from_previous_cot,6.0,commercial_net z=1.9; noncommercial_net z=1.8; managed_money_net_pct_oi z=1.3; Open_Interest_All z=0.8; swap_dealer_net z=0.5
147,2026-06-16,2026-06-17,2026-06-16,277.25,2.499385313973613,0.134410830294166,0.0038015486841531665,2026-06-16,2026-06-19,original_cot_row,0.0,swap_dealer_net z=1.0; Open_Interest_All z=0.5; commercial_net z=0.3; managed_money_net_pct_oi z=0.1; noncommercial_net z=0.1
5,2001-05-01,2001-05-10,2001-05-08,66.4000015258789,2.4921122602511687,0.029457387998122586,0.15277783480691465,2001-05-08,2001-05-11,original_cot_row,0.0,Open_Interest_All z=1.6; noncommercial_net z=0.3; commercial_net z=0.2
36,2007-02-05,2007-02-21,2007-02-13,113.6999969482422,2.4883885249027764,-0.024034360959294454,-0.06535145481231641,2007-02-13,2007-02-16,original_cot_row,0.0,swap_dealer_net z=0.6; Open_Interest_All z=0.4; managed_money_net_pct_oi z=0.3; commercial_net z=0.1; noncommercial_net z=0.1
73,2013-11-21,2013-11-21,2013-11-21,110.4499969482422,2.4636809297053213,0.07651070751332534,0.0013598720973200251,2013-11-19,2013-11-22,forward_filled_from_previous_cot,2.0,managed_money_net_pct_oi z=1.4; commercial_net z=1.3; noncommercial_net z=1.2; swap_dealer_net z=1.2; Open_Interest_All z=0.1
112,2020-07-22,2020-07-27,2020-07-22,108.3499984741211,2.4548486627012713,0.12923399604241537,0.12571426986099832,2020-07-21,2020-07-24,forward_filled_from_previous_cot,1.0,Open_Interest_All z=1.6; managed_money_net_pct_oi z=0.9; noncommercial_net z=0.5; commercial_net z=0.4; swap_dealer_net z=0.3
117,2021-11-17,2021-12-07,2021-11-24,246.3000030517578,2.4520214166439875,0.058899383442600595,0.22324308709051177,2021-11-23,2021-11-26,forward_filled_from_previous_cot,1.0,commercial_net z=2.0; noncommercial_net z=1.9; Open_Interest_All z=1.6; managed_money_net_pct_oi z=1.0; swap_dealer_net z=0.8
56,2010-08-24,2010-09-21,2010-08-27,177.0500030517578,2.4460366218607414,-0.024786559759611304,0.004254112234926222,2010-08-24,2010-08-27,forward_filled_from_previous_cot,3.0,managed_money_net_pct_oi z=1.1; noncommercial_net z=0.9; commercial_net z=0.8; swap_dealer_net z=0.7; Open_Interest_All z=0.2
45,2008-12-05,2008-12-05,2008-12-05,101.5999984741211,2.445451299763753,-0.1095530251285245,-0.08468469843134152,2008-12-02,2008-12-05,forward_filled_from_previous_cot,3.0,commercial_net z=0.9; managed_money_net_pct_oi z=0.8; Open_Interest_All z=0.7; noncommercial_net z=0.7; swap_dealer_net z=0.2
16,2003-05-28,2003-05-30,2003-05-30,58.349998474121094,2.4415967280521857,-0.12057272319486623,-0.14380048176574745,2003-05-27,2003-05-30,forward_filled_from_previous_cot,3.0,Open_Interest_All z=1.3; noncommercial_net z=0.4; commercial_net z=0.2
98,2018-04-11,2018-04-13,2018-04-13,117.3000030517578,2.429427553783761,-0.0012770872744296557,-0.002974912618629477,2018-04-10,2018-04-13,forward_filled_from_previous_cot,3.0,noncommercial_net z=1.9; managed_money_net_pct_oi z=1.7; commercial_net z=1.7; Open_Interest_All z=1.6; swap_dealer_net z=1.0
129,2023-09-19,2023-09-19,2023-09-19,167.5,2.4217144265934305,0.11147978362287403,0.13520838045150096,2023-09-19,2023-09-22,original_cot_row,0.0,managed_money_net_pct_oi z=0.8; commercial_net z=0.7; noncommercial_net z=0.6; Open_Interest_All z=0.5; swap_dealer_net z=0.3
58,2010-11-16,2010-11-16,2010-11-16,197.8000030517578,2.4138506492032232,-0.0886892408631279,0.036144627427358245,2010-11-16,2010-11-19,original_cot_row,0.0,managed_money_net_pct_oi z=1.1; noncommercial_net z=0.7; commercial_net z=0.7; swap_dealer_net z=0.7; Open_Interest_All z=0.4
64,2011-09-01,2011-09-08,2011-09-01,290.70001220703125,2.410800890132477,0.058438079982612745,0.23256308960806948,2011-08-30,2011-09-02,forward_filled_from_previous_cot,2.0,Open_Interest_All z=0.8; managed_money_net_pct_oi z=0.8; noncommercial_net z=0.3; commercial_net z=0.2; swap_dealer_net z=0.1
25,2005-06-10,2005-06-14,2005-06-14,110.75,2.4037611843207345,-0.11928429423459241,-0.02637362637362639,2005-06-14,2005-06-17,original_cot_row,0.0,Open_Interest_All z=1.0; noncommercial_net z=0.1; commercial_net z=0.1
80,2015-03-20,2015-03-20,2015-03-20,143.35000610351562,2.4014072941888416,0.13364973952661185,-0.035654140669925005,2015-03-17,2015-03-20,forward_filled_from_previous_cot,3.0,swap_dealer_net z=0.9; managed_money_net_pct_oi z=0.5; commercial_net z=0.5; Open_Interest_All z=0.5; noncommercial_net z=0.4
42,2008-06-26,2008-06-26,2008-06-26,151.25,2.389378218342539,0.1044176952932847,0.14150943396226423,2008-06-24,2008-06-27,forward_filled_from_previous_cot,2.0,swap_dealer_net z=1.8; managed_money_net_pct_oi z=0.6; noncommercial_net z=0.5; commercial_net z=0.4; Open_Interest_All z=0.3
43,2008-07-09,2008-07-10,2008-07-09,138.35000610351562,2.384241048399195,-0.09397505652597038,0.02443541634347901,2008-07-08,2008-07-11,forward_filled_from_previous_cot,1.0,swap_dealer_net z=1.9; managed_money_net_pct_oi z=0.7; noncommercial_net z=0.5; commercial_net z=0.4; Open_Interest_All z=0.2
97,2018-01-02,2018-01-02,2018-01-02,130.1999969482422,2.373823525101197,0.08139530978541432,0.02077611786029565,2018-01-02,2018-01-05,original_cot_row,0.0,managed_money_net_pct_oi z=1.7; noncommercial_net z=1.7; commercial_net z=1.7; Open_Interest_All z=0.8; swap_dealer_net z=0.2
69,2012-10-02,2012-10-10,2012-10-09,165.3000030517578,2.363713217980286,-0.09991827636580097,-0.06741888264170481,2012-10-09,2012-10-12,original_cot_row,0.0,commercial_net z=0.7; noncommercial_net z=0.6; managed_money_net_pct_oi z=0.4; Open_Interest_All z=0.3; swap_dealer_net z=0.3
127,2023-05-18,2023-05-26,2023-05-24,188.0,2.359170428543331,-0.009744566995203985,-0.0400817250899983,2023-05-23,2023-05-26,forward_filled_from_previous_cot,1.0,noncommercial_net z=0.7; managed_money_net_pct_oi z=0.6; commercial_net z=0.6; Open_Interest_All z=0.5; swap_dealer_net z=0.4
82,2015-08-13,2015-08-25,2015-08-25,117.0500030517578,2.35063512606658,-0.13488543672108155,-0.026611201232783377,2015-08-25,2015-08-28,original_cot_row,0.0,commercial_net z=1.0; noncommercial_net z=0.9; managed_money_net_pct_oi z=0.9; Open_Interest_All z=0.1; swap_dealer_net z=0.1
103,2018-12-06,2018-12-07,2018-12-07,98.8000030517578,2.346960076287042,-0.08940089353218617,-0.1453286820425369,2018-12-04,2018-12-07,forward_filled_from_previous_cot,3.0,noncommercial_net z=1.6; commercial_net z=1.5; managed_money_net_pct_oi z=1.3; Open_Interest_All z=1.2; swap_dealer_net z=0.7
92,2017-04-24,2017-04-25,2017-04-25,129.89999389648438,2.3412746282836796,-0.09097271207315161,-0.06681036821585395,2017-04-25,2017-04-28,original_cot_row,0.0,Open_Interest_All z=0.6; managed_money_net_pct_oi z=0.5; commercial_net z=0.5; noncommercial_net z=0.4; swap_dealer_net z=0.1
95,2017-08-08,2017-08-21,2017-08-18,128.0500030517578,2.320203580279768,-0.08731289902738548,-0.062248259319175325,2017-08-15,2017-08-18,forward_filled_from_previous_cot,3.0,Open_Interest_All z=0.4; commercial_net z=0.4; managed_money_net_pct_oi z=0.4; noncommercial_net z=0.3; swap_dealer_net z=0.2
23,2005-03-24,2005-03-24,2005-03-24,120.9000015258789,2.319568233515633,-0.10510735704006158,0.014261783734565547,2005-03-22,2005-03-25,forward_filled_from_previous_cot,2.0,commercial_net z=1.0; noncommercial_net z=0.9; Open_Interest_All z=0.5
50,2009-07-23,2009-07-23,2009-07-23,124.5500030517578,2.3094467472569864,0.09735685508156644,0.07232028769287036,2009-07-21,2009-07-24,forward_filled_from_previous_cot,2.0,Open_Interest_All z=0.8; swap_dealer_net z=0.5; commercial_net z=0.3; managed_money_net_pct_oi z=0.2; noncommercial_net z=0.2
55,2010-07-29,2010-07-30,2010-07-30,176.3000030517578,2.3090433973986046,0.062048211155167454,0.060770194277807166,2010-07-27,2010-07-30,forward_filled_from_previous_cot,3.0,noncommercial_net z=1.1; commercial_net z=1.1; managed_money_net_pct_oi z=0.9; swap_dealer_net z=0.7; Open_Interest_All z=0.1
146,2026-02-03,2026-02-04,2026-02-03,317.1000061035156,2.3080262091256665,-0.1365554632988002,-0.11757339441321535,2026-02-03,2026-02-06,original_cot_row,0.0,swap_dealer_net z=1.4; managed_money_net_pct_oi z=0.6; Open_Interest_All z=0.3; noncommercial_net z=0.2; commercial_net z=0.1
66,2012-02-13,2012-02-13,2012-02-13,212.3000030517578,2.295331619264951,-0.029707495015264707,-0.05749166236733494,2012-02-07,2012-02-10,forward_filled_from_previous_cot,6.0,Open_Interest_All z=0.4; commercial_net z=0.2; swap_dealer_net z=0.2; noncommercial_net z=0.1; managed_money_net_pct_oi z=0.0
81,2015-05-26,2015-05-26,2015-05-26,124.0500030517578,2.267827541306038,-0.1242498524750264,-0.0885378582760149,2015-05-26,2015-05-29,original_cot_row,0.0,commercial_net z=1.0; managed_money_net_pct_oi z=1.0; noncommercial_net z=0.9; swap_dealer_net z=0.6; Open_Interest_All z=0.5
15,2003-04-22,2003-04-22,2003-04-22,64.80000305175781,2.2626049599674247,0.11917100766905664,0.08270684551106688,2003-04-22,2003-04-25,original_cot_row,0.0,Open_Interest_All z=1.2; noncommercial_net z=0.5; commercial_net z=0.4
119,2022-05-09,2022-05-10,2022-05-10,204.0,2.2472179082586097,-0.0650778970982776,-0.13778531387379878,2022-05-10,2022-05-13,original_cot_row,0.0,swap_dealer_net z=1.4; Open_Interest_All z=0.7; noncommercial_net z=0.7; commercial_net z=0.6; managed_money_net_pct_oi z=0.2
22,2005-03-10,2005-03-10,2005-03-10,135.75,2.2435165098733387,0.12282876994788472,0.20720323418489883,2005-03-08,2005-03-11,forward_filled_from_previous_cot,2.0,commercial_net z=1.1; noncommercial_net z=1.0; Open_Interest_All z=0.7
131,2023-11-06,2023-11-09,2023-11-09,178.8000030517578,2.2426132867312645,0.08134258513315062,0.19758874344947763,2023-11-07,2023-11-10,forward_filled_from_previous_cot,2.0,Open_Interest_All z=0.6; noncommercial_net z=0.5; commercial_net z=0.4; managed_money_net_pct_oi z=0.2; swap_dealer_net z=0.2
100,2018-07-02,2018-07-05,2018-07-05,106.3000030517578,2.2402888984004385,-0.06999124922487887,-0.1010570566447544,2018-07-03,2018-07-06,forward_filled_from_previous_cot,2.0,noncommercial_net z=2.3; commercial_net z=2.2; managed_money_net_pct_oi z=2.1; Open_Interest_All z=1.8; swap_dealer_net z=1.2
71,2013-01-17,2013-01-17,2013-01-17,155.5,2.2342271860392366,0.0390912552095537,0.16479400749063666,2013-01-15,2013-01-18,forward_filled_from_previous_cot,2.0,swap_dealer_net z=1.1; managed_money_net_pct_oi z=0.8; commercial_net z=0.7; noncommercial_net z=0.6; Open_Interest_All z=0.2
136,2024-10-07,2024-10-07,2024-10-07,244.6499938964844,2.231412484567883,-0.0947271271175415,-0.019242345602248023,2024-10-01,2024-10-04,forward_filled_from_previous_cot,6.0,swap_dealer_net z=2.6; commercial_net z=2.0; noncommercial_net z=1.9; managed_money_net_pct_oi z=1.5; Open_Interest_All z=0.7
141,2025-05-28,2025-06-03,2025-05-30,342.45001220703125,2.2291879913926658,-0.05072761688972627,-0.1345716410343185,2025-05-27,2025-05-30,forward_filled_from_previous_cot,3.0,swap_dealer_net z=2.5; managed_money_net_pct_oi z=1.2; noncommercial_net z=1.0; commercial_net z=0.9; Open_Interest_All z=0.1
77,2014-04-24,2014-05-02,2014-04-24,212.4499969482422,2.227266779629735,0.14251143014202938,0.20710225538773974,2014-04-22,2014-04-25,forward_filled_from_previous_cot,2.0,managed_money_net_pct_oi z=1.4; commercial_net z=1.1; noncommercial_net z=1.0; Open_Interest_All z=0.1; swap_dealer_net z=0.1
11,2002-05-21,2002-05-21,2002-05-21,52.70000076293945,2.22027926902996,0.10947370027240955,-0.03125001314808307,2002-05-21,2002-05-24,original_cot_row,0.0,Open_Interest_All z=1.3; noncommercial_net z=0.6; commercial_net z=0.4
99,2018-05-22,2018-05-22,2018-05-22,120.8499984741211,2.219740024154985,0.07041626962617786,0.019831210752076833,2018-05-22,2018-05-25,original_cot_row,0.0,noncommercial_net z=1.5; Open_Interest_All z=1.5; managed_money_net_pct_oi z=1.4; commercial_net z=1.4; swap_dealer_net z=1.4
61,2011-04-04,2011-04-06,2011-04-06,265.1499938964844,2.21447063325533,0.0013217753763239415,-0.09935462162504238,2011-04-05,2011-04-08,forward_filled_from_previous_cot,1.0,managed_money_net_pct_oi z=0.9; Open_Interest_All z=0.5; noncommercial_net z=0.5; commercial_net z=0.4; swap_dealer_net z=0.0
33,2006-03-28,2006-03-29,2006-03-28,105.5500030517578,2.212038013843642,0.0009483746458966991,-0.055903397400683064,2006-03-28,2006-03-31,original_cot_row,0.0,Open_Interest_All z=0.8; commercial_net z=0.3; noncommercial_net z=0.2
34,2006-06-19,2006-07-06,2006-06-23,95.3000030517578,2.2119336305692596,0.000524966422654094,-0.03395842293263729,2006-06-20,2006-06-23,forward_filled_from_previous_cot,3.0,managed_money_net_pct_oi z=1.6; commercial_net z=0.8; noncommercial_net z=0.7; Open_Interest_All z=0.6; swap_dealer_net z=0.4
96,2017-09-13,2017-09-15,2017-09-15,140.0,2.209208993766821,0.08191658889872344,0.08991828202543117,2017-09-12,2017-09-15,forward_filled_from_previous_cot,3.0,managed_money_net_pct_oi z=1.3; commercial_net z=1.2; noncommercial_net z=1.2; Open_Interest_All z=0.6; swap_dealer_net z=0.3
87,2016-08-17,2016-08-19,2016-08-19,138.8000030517578,2.2049652107759767,0.014249154996508917,-0.021846307104058105,2016-08-16,2016-08-19,forward_filled_from_previous_cot,3.0,commercial_net z=0.8; noncommercial_net z=0.7; managed_money_net_pct_oi z=0.6; swap_dealer_net z=0.3; Open_Interest_All z=0.2
57,2010-11-04,2010-11-04,2010-11-04,205.8000030517578,2.1950094040416923,0.0467955069309518,0.18650911889706712,2010-11-02,2010-11-05,forward_filled_from_previous_cot,2.0,managed_money_net_pct_oi z=1.1; noncommercial_net z=1.0; commercial_net z=1.0; swap_dealer_net z=0.6; Open_Interest_All z=0.2
124,2022-12-15,2022-12-15,2022-12-15,171.5,2.178858825853963,0.09305294245676055,0.10324865465968291,2022-12-13,2022-12-16,forward_filled_from_previous_cot,2.0,managed_money_net_pct_oi z=1.1; commercial_net z=0.9; noncommercial_net z=0.8; Open_Interest_All z=0.5; swap_dealer_net z=0.4
28,2005-08-18,2005-08-18,2005-08-18,95.3000030517578,2.178770576924808,-0.10725992457369748,-0.03640038845883242,2005-08-16,2005-08-19,forward_filled_from_previous_cot,2.0,Open_Interest_All z=1.0; commercial_net z=0.3; noncommercial_net z=0.2
37,2007-05-15,2007-05-21,2007-05-21,112.0,2.1751400495960698,0.07485607754510948,0.05312648431540645,2007-05-15,2007-05-18,forward_filled_from_previous_cot,6.0,managed_money_net_pct_oi z=1.3; swap_dealer_net z=0.8; commercial_net z=0.7; noncommercial_net z=0.7; Open_Interest_All z=0.0
27,2005-07-19,2005-07-19,2005-07-19,94.1500015258789,2.1738414689008034,-0.08011721612595368,-0.1362385181112027,2005-07-19,2005-07-22,original_cot_row,0.0,Open_Interest_All z=0.9; commercial_net z=0.1; noncommercial_net z=0.1
78,2014-10-02,2014-10-06,2014-10-06,220.8000030517578,2.1732457606266506,0.15450981987847223,0.14493127334017064,2014-09-30,2014-10-03,forward_filled_from_previous_cot,6.0,managed_money_net_pct_oi z=1.2; noncommercial_net z=1.1; commercial_net z=1.0; swap_dealer_net z=0.1; Open_Interest_All z=0.1
135,2024-07-09,2024-07-09,2024-07-09,252.0,2.1708465300121706,0.11160125007647914,0.12099642606312444,2024-07-09,2024-07-12,original_cot_row,0.0,swap_dealer_net z=2.4; commercial_net z=2.2; noncommercial_net z=2.2; managed_money_net_pct_oi z=1.6; Open_Interest_All z=0.9
125,2023-01-11,2023-01-11,2023-01-11,143.89999389648438,2.1679161955292314,-0.10787358230669186,-0.1349564856226163,2023-01-10,2023-01-13,forward_filled_from_previous_cot,1.0,managed_money_net_pct_oi z=1.4; commercial_net z=1.0; noncommercial_net z=1.0; Open_Interest_All z=0.7; swap_dealer_net z=0.3
48,2009-04-09,2009-04-09,2009-04-09,119.3000030517578,2.1602020574193346,0.021404109029793172,0.10004616329029292,2009-04-07,2009-04-10,forward_filled_from_previous_cot,2.0,Open_Interest_All z=0.3; swap_dealer_net z=0.1; commercial_net z=0.1; noncommercial_net z=0.0; managed_money_net_pct_oi z=0.0
79,2015-03-03,2015-03-03,2015-03-03,126.25,2.156199878331989,-0.13140698521823901,-0.2228377816453624,2015-03-03,2015-03-06,original_cot_row,0.0,swap_dealer_net z=0.9; managed_money_net_pct_oi z=0.4; commercial_net z=0.4; Open_Interest_All z=0.3; noncommercial_net z=0.3
128,2023-07-11,2023-07-13,2023-07-12,158.75,2.1297500732986645,-0.014281297784382141,-0.14443547621113295,2023-07-11,2023-07-14,forward_filled_from_previous_cot,1.0,managed_money_net_pct_oi z=0.7; commercial_net z=0.6; noncommercial_net z=0.5; Open_Interest_All z=0.4; swap_dealer_net z=0.0
72,2013-10-21,2013-10-31,2013-10-25,109.0999984741211,2.122886371316764,-0.04840822483988416,-0.04045733155309661,2013-10-22,2013-10-25,forward_filled_from_previous_cot,3.0,managed_money_net_pct_oi z=1.3; swap_dealer_net z=1.2; commercial_net z=1.2; noncommercial_net z=1.1; Open_Interest_All z=0.0
84,2015-11-13,2015-11-18,2015-11-18,112.75,2.11408417956716,-0.03467468275632757,-0.06818181818181823,2015-11-17,2015-11-20,forward_filled_from_previous_cot,1.0,commercial_net z=1.4; noncommercial_net z=1.3; managed_money_net_pct_oi z=1.3; Open_Interest_All z=0.4; swap_dealer_net z=0.0
29,2005-09-12,2005-09-12,2005-09-12,89.05000305175781,2.113758205577634,-0.10949996948242191,-0.15109626542961385,2005-09-06,2005-09-09,forward_filled_from_previous_cot,6.0,Open_Interest_All z=1.1; commercial_net z=0.4; noncommercial_net z=0.4
59,2010-12-29,2010-12-29,2010-12-29,239.6499938964844,2.096396792719531,0.024802170800035883,0.1925852079421031,2010-12-28,2010-12-31,forward_filled_from_previous_cot,1.0,managed_money_net_pct_oi z=1.0; commercial_net z=0.9; noncommercial_net z=0.9; swap_dealer_net z=0.7; Open_Interest_All z=0.3
130,2023-10-19,2023-10-19,2023-10-19,163.9499969482422,2.0853067027725736,0.09812453849318192,0.058766486832705134,2023-10-17,2023-10-20,forward_filled_from_previous_cot,2.0,managed_money_net_pct_oi z=0.9; Open_Interest_All z=0.8; commercial_net z=0.5; noncommercial_net z=0.4; swap_dealer_net z=0.2
115,2021-07-06,2021-07-06,2021-07-06,147.89999389648438,2.0833825577957157,-0.08844379724817031,-0.07649079279964255,2021-07-06,2021-07-09,original_cot_row,0.0,Open_Interest_All z=1.7; commercial_net z=1.5; noncommercial_net z=1.5; swap_dealer_net z=0.5; managed_money_net_pct_oi z=0.4
107,2019-09-12,2019-09-12,2019-09-12,100.3499984741211,2.079426539651472,0.08839481340171851,0.06246693188473085,2019-09-10,2019-09-13,forward_filled_from_previous_cot,2.0,managed_money_net_pct_oi z=1.6; noncommercial_net z=1.6; Open_Interest_All z=1.6; commercial_net z=1.4; swap_dealer_net z=0.7
26,2005-07-01,2005-07-01,2005-07-01,102.0999984741211,2.0688648727471715,-0.03176859716520786,-0.18677820794611588,2005-06-28,2005-07-01,forward_filled_from_previous_cot,3.0,Open_Interest_All z=1.0; commercial_net z=0.1; noncommercial_net z=0.0
113,2020-09-01,2020-09-04,2020-09-04,134.8000030517578,2.064984907312394,0.06058225546874829,0.16760508111741634,2020-09-01,2020-09-04,forward_filled_from_previous_cot,3.0,commercial_net z=1.8; noncommercial_net z=1.7; Open_Interest_All z=1.5; managed_money_net_pct_oi z=0.7; swap_dealer_net z=0.2
31,2005-11-15,2005-11-15,2005-11-15,96.5,2.064823476189246,-0.10523874487438734,-0.07787865654128534,2005-11-15,2005-11-18,original_cot_row,0.0,Open_Interest_All z=1.1; commercial_net z=0.3; noncommercial_net z=0.2
91,2017-03-29,2017-04-06,2017-04-06,137.75,2.0634108989942614,-0.011127085554922034,-0.007207207207207245,2017-04-04,2017-04-07,forward_filled_from_previous_cot,2.0,Open_Interest_All z=0.5; managed_money_net_pct_oi z=0.3; swap_dealer_net z=0.2; noncommercial_net z=0.1; commercial_net z=0.0
35,2006-08-03,2006-08-03,2006-08-03,105.8499984741211,2.055561852200244,0.09349168530009622,0.044916044277299116,2006-08-01,2006-08-04,forward_filled_from_previous_cot,2.0,managed_money_net_pct_oi z=1.3; noncommercial_net z=0.7; commercial_net z=0.7; Open_Interest_All z=0.6; swap_dealer_net z=0.4
121,2022-07-14,2022-07-14,2022-07-14,199.1999969482422,2.044152202136078,-0.103510352456744,-0.1222736301967372,2022-07-12,2022-07-15,forward_filled_from_previous_cot,2.0,swap_dealer_net z=1.3; noncommercial_net z=0.8; commercial_net z=0.7; Open_Interest_All z=0.5; managed_money_net_pct_oi z=0.5
46,2009-01-06,2009-01-06,2009-01-06,116.0999984741211,2.043842134889643,0.08860756505426881,0.1427165375764583,2009-01-06,2009-01-09,original_cot_row,0.0,commercial_net z=0.8; managed_money_net_pct_oi z=0.7; noncommercial_net z=0.7; Open_Interest_All z=0.5; swap_dealer_net z=0.2
24,2005-04-14,2005-04-14,2005-04-14,111.0500030517578,2.0346081260084623,-0.08938084599633533,-0.17496286763647273,2005-04-12,2005-04-15,forward_filled_from_previous_cot,2.0,Open_Interest_All z=0.8; commercial_net z=0.6; noncommercial_net z=0.6
4,2000-12-14,2000-12-14,2000-12-14,61.54999923706055,2.030553929439037,-0.0723436224182088,-0.13795521118088816,2000-12-12,2000-12-15,forward_filled_from_previous_cot,2.0,Open_Interest_All z=1.7; commercial_net z=0.7; noncommercial_net z=0.7
88,2016-10-24,2016-10-24,2016-10-24,157.89999389648438,2.0300749465511543,0.005092219999289105,0.042932630528665694,2016-10-18,2016-10-21,forward_filled_from_previous_cot,6.0,commercial_net z=1.4; noncommercial_net z=1.3; managed_money_net_pct_oi z=1.1; Open_Interest_All z=0.5; swap_dealer_net z=0.4
120,2022-06-01,2022-06-01,2022-06-01,239.4499969482422,2.026609331234649,0.12075826720715077,0.09738771905226273,2022-05-31,2022-06-03,forward_filled_from_previous_cot,1.0,swap_dealer_net z=1.3; noncommercial_net z=1.1; commercial_net z=1.0; Open_Interest_All z=0.8; managed_money_net_pct_oi z=0.6
30,2005-10-17,2005-10-17,2005-10-17,104.0999984741211,2.0254273968752927,0.052578330313589605,0.23268208686759362,2005-10-11,2005-10-14,forward_filled_from_previous_cot,6.0,Open_Interest_All z=1.1; commercial_net z=0.5; noncommercial_net z=0.4
52,2009-09-17,2009-09-17,2009-09-17,135.0500030517578,2.0241908123674195,0.09440843907474128,0.0773833641461057,2009-09-15,2009-09-18,forward_filled_from_previous_cot,2.0,Open_Interest_All z=0.9; swap_dealer_net z=0.5; commercial_net z=0.1; managed_money_net_pct_oi z=0.0; noncommercial_net z=0.0
134,2024-05-28,2024-05-28,2024-05-28,230.9499969482422,2.01915762362521,0.10344000755284521,-0.01113254579123013,2024-05-28,2024-05-31,original_cot_row,0.0,swap_dealer_net z=2.1; commercial_net z=1.8; noncommercial_net z=1.8; managed_money_net_pct_oi z=1.2; Open_Interest_All z=1.0
108,2019-10-10,2019-10-10,2019-10-10,93.5,2.015584393537332,-0.08378248697769664,-0.06826107203068488,2019-10-08,2019-10-11,forward_filled_from_previous_cot,2.0,managed_money_net_pct_oi z=1.7; noncommercial_net z=1.6; Open_Interest_All z=1.6; commercial_net z=1.5; swap_dealer_net z=0.9
53,2010-02-16,2010-02-16,2010-02-16,133.4499969482422,2.009319475365801,0.02143132937286074,-0.05186503056311054,2010-02-16,2010-02-19,original_cot_row,0.0,swap_dealer_net z=0.7; Open_Interest_All z=0.5; noncommercial_net z=0.1; commercial_net z=0.0; managed_money_net_pct_oi z=0.0
47,2009-03-23,2009-03-23,2009-03-23,117.5,2.0074389449788903,0.07946717176973994,0.059990993391230374,2009-03-17,2009-03-20,forward_filled_from_previous_cot,6.0,managed_money_net_pct_oi z=0.5; commercial_net z=0.5; noncommercial_net z=0.4; Open_Interest_All z=0.4; swap_dealer_net z=0.1
