fold,candidate,feature_group,train_rows,features,rows,rmse,mae,direction_accuracy,correlation,r2_vs_zero,mean_prediction,mean_actual,direction_note
1,zero,monthly_core,3445,102,504,0.13190107315593105,0.08734465642526384,0.0,,0.0,0.0,0.012111998261224654,Zero forecasts are neutral; direction is reported alongside a training-only majority-class benchmark.
1,historical_mean,monthly_core,3445,102,504,0.13161379514590488,0.08761854574706503,0.47023809523809523,,0.004351218078206709,0.0036859389864600314,0.012111998261224654,Zero forecasts are neutral; direction is reported alongside a training-only majority-class benchmark.
1,compact_legacy,compact_legacy,3445,18,504,0.13826690551690726,0.0897792644644628,0.5396825396825397,-0.018592306996328748,-0.09885358253903154,-0.012219780208857813,0.012111998261224654,Zero forecasts are neutral; direction is reported alongside a training-only majority-class benchmark.
1,previous_rf,previous_technical,3445,18,504,0.1322019042569809,0.08363418009941143,0.6170634920634921,0.17052055397151022,-0.0045666672987605406,-0.011862932284101358,0.012111998261224654,Zero forecasts are neutral; direction is reported alongside a training-only majority-class benchmark.
1,previous_ar,previous_history,3445,13,504,0.13239938577884092,0.0889791346079907,0.5892857142857143,0.14527092177558318,-0.007570126691400114,-0.00672121937415268,0.012111998261224654,Zero forecasts are neutral; direction is reported alongside a training-only majority-class benchmark.
1,previous_hw,previous_technical,3445,1,504,0.13308250005895217,0.08894092048630761,0.373015873015873,-0.2104042379555826,-0.017994059422078656,0.0014794217192787987,0.012111998261224654,Zero forecasts are neutral; direction is reported alongside a training-only majority-class benchmark.
1,price_ridge_100,price,3445,245,504,0.14706816370184253,0.10043887043193094,0.5138888888888888,0.07073728178714744,-0.24319908455018435,-0.03202919524615192,0.012111998261224654,Zero forecasts are neutral; direction is reported alongside a training-only majority-class benchmark.
1,price_ridge_1000,price,3445,245,504,0.14028232489284764,0.09520191184134465,0.5357142857142857,0.12211046921535847,-0.13112148491689024,-0.03115347391950165,0.012111998261224654,Zero forecasts are neutral; direction is reported alongside a training-only majority-class benchmark.
1,price_ridge_10000,price,3445,245,504,0.13447191041171694,0.09031085959479757,0.5456349206349206,0.11650982623286976,-0.03936117932020733,-0.016234975615774208,0.012111998261224654,Zero forecasts are neutral; direction is reported alongside a training-only majority-class benchmark.
1,price_hist,price,3445,245,504,0.1296227765671662,0.08856412853474571,0.5337301587301587,0.22612412040079147,0.034247186788124884,-0.008099938231295822,0.012111998261224654,Zero forecasts are neutral; direction is reported alongside a training-only majority-class benchmark.
1,price_extra,price,3445,245,504,0.13110897311294434,0.08699229692241768,0.5277777777777778,0.1292797872003385,0.011974453904379345,-0.002332333578021274,0.012111998261224654,Zero forecasts are neutral; direction is reported alongside a training-only majority-class benchmark.
1,price_cot_ridge_100,price_cot,3445,389,504,0.21354426684248876,0.16973937124414565,0.3888888888888889,-0.3105077825984694,-1.6210733472157233,0.048653600672338246,0.012111998261224654,Zero forecasts are neutral; direction is reported alongside a training-only majority-class benchmark.
1,price_cot_ridge_1000,price_cot,3445,389,504,0.16100839042197107,0.11609925821395412,0.4722222222222222,-0.18039196885010542,-0.4900483430801934,0.0003921257712675778,0.012111998261224654,Zero forecasts are neutral; direction is reported alongside a training-only majority-class benchmark.
1,price_cot_ridge_10000,price_cot,3445,389,504,0.14131195310418806,0.09515654043294101,0.46825396825396826,0.03097552089015414,-0.14778657252931016,-0.028236382431303615,0.012111998261224654,Zero forecasts are neutral; direction is reported alongside a training-only majority-class benchmark.
1,price_cot_hist,price_cot,3445,389,504,0.13441586511602147,0.08892544675981126,0.49007936507936506,0.10673973575412547,-0.0384949885233099,-0.015661864621903592,0.012111998261224654,Zero forecasts are neutral; direction is reported alongside a training-only majority-class benchmark.
1,price_cot_extra,price_cot,3445,389,504,0.13276926098831102,0.0883880345293264,0.501984126984127,0.07395538875326975,-0.013207551189063693,-0.007698943112030912,0.012111998261224654,Zero forecasts are neutral; direction is reported alongside a training-only majority-class benchmark.
1,price_cot_weather_ridge_100,price_cot_weather,3445,655,504,0.1770178162931674,0.13138714926582037,0.5119047619047619,-0.024161980960482863,-0.8010978171699772,-0.016631284449756072,0.012111998261224654,Zero forecasts are neutral; direction is reported alongside a training-only majority-class benchmark.
1,price_cot_weather_ridge_1000,price_cot_weather,3445,655,504,0.15792189412018445,0.11108036781760296,0.5238095238095238,0.02616456394619381,-0.4334680929242205,-0.029595874538453748,0.012111998261224654,Zero forecasts are neutral; direction is reported alongside a training-only majority-class benchmark.
1,price_cot_weather_ridge_10000,price_cot_weather,3445,655,504,0.14486215625422172,0.09724257563342051,0.5496031746031746,0.09437330787547983,-0.20618308173194566,-0.0355051544478103,0.012111998261224654,Zero forecasts are neutral; direction is reported alongside a training-only majority-class benchmark.
1,price_cot_weather_hist,price_cot_weather,3445,655,504,0.13944868653581488,0.0889991682411893,0.5376984126984127,-0.0021018824576099194,-0.11771787912150211,-0.016986794046299273,0.012111998261224654,Zero forecasts are neutral; direction is reported alongside a training-only majority-class benchmark.
1,price_cot_weather_extra,price_cot_weather,3445,655,504,0.13494081790045964,0.08845014357329048,0.5099206349206349,-0.05300566768701587,-0.04662238302713573,-0.0065394355737361095,0.012111998261224654,Zero forecasts are neutral; direction is reported alongside a training-only majority-class benchmark.
1,monthly_core_ridge_100,monthly_core,3445,102,504,0.1397779060423988,0.1048549091029874,0.5753968253968254,0.326837439464391,-0.12300167069942347,-0.03790726220850197,0.012111998261224654,Zero forecasts are neutral; direction is reported alongside a training-only majority-class benchmark.
1,monthly_core_ridge_1000,monthly_core,3445,102,504,0.13049281173899288,0.09130263599839808,0.5178571428571429,0.2843224647497045,0.02123930650802197,-0.018320904988253884,0.012111998261224654,Zero forecasts are neutral; direction is reported alongside a training-only majority-class benchmark.
1,monthly_core_ridge_10000,monthly_core,3445,102,504,0.12984785012233532,0.08713342370496432,0.5198412698412699,0.21146443766887885,0.0308904598513432,-0.0071787783622738865,0.012111998261224654,Zero forecasts are neutral; direction is reported alongside a training-only majority-class benchmark.
1,monthly_core_hist,monthly_core,3445,102,504,0.1310236664393987,0.08789921936399918,0.5952380952380952,0.17227092085866288,0.013259762612728654,0.005253789583859639,0.012111998261224654,Zero forecasts are neutral; direction is reported alongside a training-only majority-class benchmark.
1,monthly_core_extra,monthly_core,3445,102,504,0.131877291806785,0.08869037049957136,0.5238095238095238,0.10630434494170031,0.00036056121039562683,-0.002968936018657834,0.012111998261224654,Zero forecasts are neutral; direction is reported alongside a training-only majority-class benchmark.
1,engineered_ridge_100,engineered,3445,712,504,0.1756405157722266,0.129928300925524,0.49206349206349204,-0.0024819412881587023,-0.7731796950338818,-0.0169343737837986,0.012111998261224654,Zero forecasts are neutral; direction is reported alongside a training-only majority-class benchmark.
1,engineered_ridge_1000,engineered,3445,712,504,0.15141464429983562,0.10522693139011587,0.5912698412698413,0.14772686499076193,-0.31776844340187105,-0.03699403212030208,0.012111998261224654,Zero forecasts are neutral; direction is reported alongside a training-only majority-class benchmark.
1,engineered_ridge_10000,engineered,3445,712,504,0.14146898782059733,0.09336355280765431,0.5753968253968254,0.16535135969631823,-0.15033897497307902,-0.03794418120336606,0.012111998261224654,Zero forecasts are neutral; direction is reported alongside a training-only majority-class benchmark.
1,engineered_hist,engineered,3445,712,504,0.13925338911382248,0.08855381030789784,0.5456349206349206,0.007876731169968029,-0.11458935105396928,-0.018709922689623435,0.012111998261224654,Zero forecasts are neutral; direction is reported alongside a training-only majority-class benchmark.
1,engineered_extra,engineered,3445,712,504,0.13473264442047422,0.08832550097627605,0.5496031746031746,-0.03448076037418878,-0.04339562086752213,-0.0073499361017086325,0.012111998261224654,Zero forecasts are neutral; direction is reported alongside a training-only majority-class benchmark.
1,monthly_core_hist_low_l2,monthly_core,3445,102,504,0.13495156874040629,0.09020388528976717,0.5892857142857143,0.10053264045011087,-0.046789160109565575,0.0047774166507496925,0.012111998261224654,Zero forecasts are neutral; direction is reported alongside a training-only majority-class benchmark.
1,monthly_core_ridge_recent10y,monthly_core,2486,100,504,0.1335088041088814,0.09567064986309275,0.5357142857142857,0.2214656696428456,-0.024526399400918608,-0.009962184536742684,0.012111998261224654,Zero forecasts are neutral; direction is reported alongside a training-only majority-class benchmark.
1,monthly_core_ridge_recent5y,monthly_core,1236,100,504,0.1375962502813569,0.0939314377311419,0.5496031746031746,0.15754330923667825,-0.08821958975200328,-0.023163641007211782,0.012111998261224654,Zero forecasts are neutral; direction is reported alongside a training-only majority-class benchmark.
1,engineered_ridge_recent10y,engineered,2486,712,504,0.14653839962955842,0.09728079895306198,0.5376984126984127,0.15871054158970094,-0.23425879461113497,-0.050207824633617684,0.012111998261224654,Zero forecasts are neutral; direction is reported alongside a training-only majority-class benchmark.
1,monthly_core_ridge_decay,monthly_core,3445,102,504,0.13156532819893668,0.09030092406446051,0.5277777777777778,0.2400134978825714,0.005084380912419362,-0.017379789024286642,0.012111998261224654,Zero forecasts are neutral; direction is reported alongside a training-only majority-class benchmark.
1,engineered_elastic,engineered,3445,712,504,0.16354733293157414,0.12013254644637232,0.5615079365079365,0.09907144082515353,-0.5374120277537215,-0.01842599288174449,0.012111998261224654,Zero forecasts are neutral; direction is reported alongside a training-only majority-class benchmark.
1,monthly_core_vol_ridge,monthly_core,3445,102,504,0.13604469171828273,0.09736099118753443,0.5198412698412699,0.2559265685641931,-0.06381606316780553,-0.026840811056560335,0.012111998261224654,Zero forecasts are neutral; direction is reported alongside a training-only majority-class benchmark.
1,engineered_vol_ridge,engineered,3445,712,504,0.15117270006757605,0.1019848661456038,0.5555555555555556,0.1858789769699047,-0.31356050498628485,-0.05649327719297935,0.012111998261224654,Zero forecasts are neutral; direction is reported alongside a training-only majority-class benchmark.
1,monthly_core_vol_hist,monthly_core,3445,102,504,0.1347205233232747,0.0852552982052396,0.5932539682539683,0.16524172898022463,-0.04320789307667794,-0.016970040004796988,0.012111998261224654,Zero forecasts are neutral; direction is reported alongside a training-only majority-class benchmark.
1,price_cot_elm,price_cot,3445,389,504,0.14705650202441195,0.1032228388094997,0.41865079365079366,-0.16807109798539363,-0.24300193498980827,-0.003768514915199156,0.012111998261224654,Zero forecasts are neutral; direction is reported alongside a training-only majority-class benchmark.
1,monthly_core_elm,monthly_core,3445,102,504,0.132796237148702,0.09264165256303364,0.5853174603174603,0.252748154797153,-0.013619321593158595,-0.02285733348002529,0.012111998261224654,Zero forecasts are neutral; direction is reported alongside a training-only majority-class benchmark.
1,engineered_elm,engineered,3445,712,504,0.14027016754636581,0.09078801967126347,0.5257936507936508,-0.10076038667560061,-0.13092543969248416,-0.013460876602706057,0.012111998261224654,Zero forecasts are neutral; direction is reported alongside a training-only majority-class benchmark.
1,monthly_core_xgb,monthly_core,3445,102,504,0.1332298527351198,0.08887117585565288,0.5496031746031746,0.0858163144176584,-0.0202496105773744,-0.00402643263626646,0.012111998261224654,Zero forecasts are neutral; direction is reported alongside a training-only majority-class benchmark.
1,engineered_xgb,engineered,3445,712,504,0.1386768190502497,0.0893357704459096,0.5496031746031746,-0.13449093484573607,-0.10537868187283417,-0.01320781228654567,0.012111998261224654,Zero forecasts are neutral; direction is reported alongside a training-only majority-class benchmark.
1,monthly_core_xgb_recent10y,monthly_core,2486,100,504,0.1349328355887322,0.09345991474279705,0.5257936507936508,0.02900317677487607,-0.046498562538250576,0.010485325884690696,0.012111998261224654,Zero forecasts are neutral; direction is reported alongside a training-only majority-class benchmark.
2,zero,monthly_core,3949,102,504,0.0686589668956903,0.054321729014835125,0.003968253968253968,,0.0,0.0,0.0037618697501263162,Zero forecasts are neutral; direction is reported alongside a training-only majority-class benchmark.
2,historical_mean,monthly_core,3949,102,504,0.0685625678414769,0.05464057500123413,0.4801587301587302,,0.0028060830252411018,0.004722930544531731,0.0037618697501263162,Zero forecasts are neutral; direction is reported alongside a training-only majority-class benchmark.
2,compact_legacy,compact_legacy,3949,18,504,0.0744652577065687,0.05499202358902058,0.5793650793650794,0.12178998000197151,-0.17628582888647193,-0.015779141869249416,0.0037618697501263162,Zero forecasts are neutral; direction is reported alongside a training-only majority-class benchmark.
2,previous_rf,previous_technical,3949,18,504,0.0726496491236333,0.055805426997774805,0.5912698412698413,0.10211319630684439,-0.11962481004293957,0.0019000024196427238,0.0037618697501263162,Zero forecasts are neutral; direction is reported alongside a training-only majority-class benchmark.
2,previous_ar,previous_history,3949,13,504,0.0714840352297579,0.05736629199748647,0.5158730158730159,0.06536716502474066,-0.08398579646872872,0.012342789220524052,0.0037618697501263162,Zero forecasts are neutral; direction is reported alongside a training-only majority-class benchmark.
2,previous_hw,previous_technical,3949,1,504,0.06944315047422749,0.054717380091362684,0.42857142857142855,-0.23450061989150758,-0.02297330889430116,-0.0009134966778368137,0.0037618697501263162,Zero forecasts are neutral; direction is reported alongside a training-only majority-class benchmark.
2,price_ridge_100,price,3949,245,504,0.08352450627141293,0.0692495922685027,0.5436507936507936,0.2212251872888186,-0.47990318731734627,0.04356978953436036,0.0037618697501263162,Zero forecasts are neutral; direction is reported alongside a training-only majority-class benchmark.
2,price_ridge_1000,price,3949,245,504,0.07332132859948111,0.05997855565107934,0.5535714285714286,0.26763405394567846,-0.14042340830122568,0.03159297861826218,0.0037618697501263162,Zero forecasts are neutral; direction is reported alongside a training-only majority-class benchmark.
2,price_ridge_10000,price,3949,245,504,0.0670736736732844,0.05442073881060319,0.5813492063492064,0.2929154281622242,0.04564564751294142,0.017901660651337085,0.0037618697501263162,Zero forecasts are neutral; direction is reported alongside a training-only majority-class benchmark.
2,price_hist,price,3949,245,504,0.07053304086076438,0.05548652452153528,0.5615079365079365,0.21779384351862707,-0.05533583886323856,0.014050238335061282,0.0037618697501263162,Zero forecasts are neutral; direction is reported alongside a training-only majority-class benchmark.
2,price_extra,price,3949,245,504,0.0681582816047127,0.05488543211038514,0.5476190476190477,0.20485689096467674,0.014531523763700482,0.013996743138364446,0.0037618697501263162,Zero forecasts are neutral; direction is reported alongside a training-only majority-class benchmark.
2,price_cot_ridge_100,price_cot,3949,393,504,0.12664574174462875,0.10552670348807217,0.5317460317460317,0.10085122280884781,-2.4024100706231915,0.07089606786624333,0.0037618697501263162,Zero forecasts are neutral; direction is reported alongside a training-only majority-class benchmark.
2,price_cot_ridge_1000,price_cot,3949,393,504,0.08801773604884004,0.07702972820556582,0.5178571428571429,0.16759828885266445,-0.6434097476111429,0.04164262949135046,0.0037618697501263162,Zero forecasts are neutral; direction is reported alongside a training-only majority-class benchmark.
2,price_cot_ridge_10000,price_cot,3949,393,504,0.06722464531472323,0.05504526064680634,0.5615079365079365,0.2730151355449298,0.041344627881202856,0.014376523014522701,0.0037618697501263162,Zero forecasts are neutral; direction is reported alongside a training-only majority-class benchmark.
2,price_cot_hist,price_cot,3949,393,504,0.07257468785464202,0.05507878386727745,0.5912698412698413,0.09098757317032531,-0.11731550234305965,-0.00552780841215041,0.0037618697501263162,Zero forecasts are neutral; direction is reported alongside a training-only majority-class benchmark.
2,price_cot_extra,price_cot,3949,393,504,0.0673551374051901,0.050940863497274586,0.6706349206349206,0.23462266413420205,0.03761925728336135,-0.006011727523913691,0.0037618697501263162,Zero forecasts are neutral; direction is reported alongside a training-only majority-class benchmark.
2,price_cot_weather_ridge_100,price_cot_weather,3949,659,504,0.13486781479165208,0.11118767127535224,0.5277777777777778,0.139426527874158,-2.8585320593438968,-0.003634774335060403,0.0037618697501263162,Zero forecasts are neutral; direction is reported alongside a training-only majority-class benchmark.
2,price_cot_weather_ridge_1000,price_cot_weather,3949,659,504,0.08894995270215812,0.07513490382770252,0.5337301587301587,0.19823117146236977,-0.6784055783378091,0.020864228007842062,0.0037618697501263162,Zero forecasts are neutral; direction is reported alongside a training-only majority-class benchmark.
2,price_cot_weather_ridge_10000,price_cot_weather,3949,659,504,0.06683486981786008,0.053163574671391704,0.5734126984126984,0.2822466931615525,0.05242916723001101,0.0018938492662212124,0.0037618697501263162,Zero forecasts are neutral; direction is reported alongside a training-only majority-class benchmark.
2,price_cot_weather_hist,price_cot_weather,3949,659,504,0.07077957476524646,0.05677544688381584,0.5277777777777778,0.15991462072355372,-0.06272615574122375,-0.0070415600455742385,0.0037618697501263162,Zero forecasts are neutral; direction is reported alongside a training-only majority-class benchmark.
2,price_cot_weather_extra,price_cot_weather,3949,659,504,0.06778647984623039,0.05286666454097239,0.6011904761904762,0.20371507589207302,0.0252536122682665,-0.005715896355284627,0.0037618697501263162,Zero forecasts are neutral; direction is reported alongside a training-only majority-class benchmark.
2,monthly_core_ridge_100,monthly_core,3949,102,504,0.07823347424524008,0.05968910661132419,0.5654761904761905,0.1233435548998177,-0.2983467809881468,0.0077536535625285325,0.0037618697501263162,Zero forecasts are neutral; direction is reported alongside a training-only majority-class benchmark.
2,monthly_core_ridge_1000,monthly_core,3949,102,504,0.07299636186596598,0.05515447586023485,0.5932539682539683,0.18212633121970512,-0.13033689155850037,0.015021733765916619,0.0037618697501263162,Zero forecasts are neutral; direction is reported alongside a training-only majority-class benchmark.
2,monthly_core_ridge_10000,monthly_core,3949,102,504,0.06778669631251012,0.052019428931295096,0.6170634920634921,0.20927522947011204,0.025247386836244945,0.006351369398688063,0.0037618697501263162,Zero forecasts are neutral; direction is reported alongside a training-only majority-class benchmark.
2,monthly_core_hist,monthly_core,3949,102,504,0.07411715747397565,0.056838483026639026,0.5436507936507936,0.0715708536232246,-0.16531404617267786,-0.0015756999640402318,0.0037618697501263162,Zero forecasts are neutral; direction is reported alongside a training-only majority-class benchmark.
2,monthly_core_extra,monthly_core,3949,102,504,0.06854095868561388,0.05244766375981472,0.5535714285714286,0.15262426322729913,0.0034345636579462546,0.0006211107449838296,0.0037618697501263162,Zero forecasts are neutral; direction is reported alongside a training-only majority-class benchmark.
2,engineered_ridge_100,engineered,3949,716,504,0.1628936419142705,0.1268409270738792,0.5218253968253969,0.08440328777135175,-4.628773040505386,0.009240422740428243,0.0037618697501263162,Zero forecasts are neutral; direction is reported alongside a training-only majority-class benchmark.
2,engineered_ridge_1000,engineered,3949,716,504,0.10425998784778748,0.08317719777161418,0.5456349206349206,0.11650125090871716,-1.3059018154356417,0.024856320622679638,0.0037618697501263162,Zero forecasts are neutral; direction is reported alongside a training-only majority-class benchmark.
2,engineered_ridge_10000,engineered,3949,716,504,0.06910389925606904,0.05521352885759252,0.5595238095238095,0.22390119519931473,-0.01300264287442543,0.0021628586977650295,0.0037618697501263162,Zero forecasts are neutral; direction is reported alongside a training-only majority-class benchmark.
2,engineered_hist,engineered,3949,716,504,0.07248956397186969,0.05723938387692604,0.5456349206349206,0.1330681710832562,-0.11469600900237586,-0.01059067312354482,0.0037618697501263162,Zero forecasts are neutral; direction is reported alongside a training-only majority-class benchmark.
2,engineered_extra,engineered,3949,716,504,0.06661343046444437,0.05189059527116676,0.6408730158730159,0.28495691099456644,0.05869780712870032,-0.005707473697643251,0.0037618697501263162,Zero forecasts are neutral; direction is reported alongside a training-only majority-class benchmark.
2,monthly_core_hist_low_l2,monthly_core,3949,102,504,0.07311174763045172,0.05567266371394853,0.5912698412698413,0.11981269351315081,-0.1339131757628964,0.001663678758046948,0.0037618697501263162,Zero forecasts are neutral; direction is reported alongside a training-only majority-class benchmark.
2,monthly_core_ridge_recent10y,monthly_core,2490,100,504,0.07536286135881659,0.05842214537457145,0.5515873015873016,0.19479604090875302,-0.20481462266724249,0.013121716695359784,0.0037618697501263162,Zero forecasts are neutral; direction is reported alongside a training-only majority-class benchmark.
2,monthly_core_ridge_recent5y,monthly_core,1235,100,504,0.08153889801049988,0.06433657475454,0.6011904761904762,0.22898392353729694,-0.4103767717250897,-0.019182563650106815,0.0037618697501263162,Zero forecasts are neutral; direction is reported alongside a training-only majority-class benchmark.
2,engineered_ridge_recent10y,engineered,2490,712,504,0.06822788562112642,0.05284600714334947,0.6051587301587301,0.2782479962022121,0.012517752696276974,-0.006138382385884578,0.0037618697501263162,Zero forecasts are neutral; direction is reported alongside a training-only majority-class benchmark.
2,monthly_core_ridge_decay,monthly_core,3949,102,504,0.07314048073602938,0.05569007856658029,0.5912698412698413,0.20260699599250695,-0.1348046125081459,0.011172086546674415,0.0037618697501263162,Zero forecasts are neutral; direction is reported alongside a training-only majority-class benchmark.
2,engineered_elastic,engineered,3949,716,504,0.15724179258528861,0.12142846956270645,0.5178571428571429,0.06834690742794967,-4.244951102466059,-0.004519805441738211,0.0037618697501263162,Zero forecasts are neutral; direction is reported alongside a training-only majority-class benchmark.
2,monthly_core_vol_ridge,monthly_core,3949,102,504,0.069957290612494,0.05405018902873752,0.5753968253968254,0.20237178726686572,-0.03817707322982811,0.014065450893715213,0.0037618697501263162,Zero forecasts are neutral; direction is reported alongside a training-only majority-class benchmark.
2,engineered_vol_ridge,engineered,3949,716,504,0.06843204353330336,0.05514515822900655,0.5575396825396826,0.22095287336620842,0.006599235983965612,0.005452698471549154,0.0037618697501263162,Zero forecasts are neutral; direction is reported alongside a training-only majority-class benchmark.
2,monthly_core_vol_hist,monthly_core,3949,102,504,0.06850043822907116,0.054121706010918334,0.6071428571428571,0.2002517849035616,0.004612526464519706,0.00417366701802218,0.0037618697501263162,Zero forecasts are neutral; direction is reported alongside a training-only majority-class benchmark.
2,price_cot_elm,price_cot,3949,393,504,0.07511078845724672,0.05908579094928969,0.5515873015873016,0.13334853626486748,-0.19676839925747358,-0.006954705436977198,0.0037618697501263162,Zero forecasts are neutral; direction is reported alongside a training-only majority-class benchmark.
2,monthly_core_elm,monthly_core,3949,102,504,0.07572422101681953,0.05919776668227469,0.626984126984127,0.15206507196192606,-0.2163963269673943,0.02234718152355454,0.0037618697501263162,Zero forecasts are neutral; direction is reported alongside a training-only majority-class benchmark.
2,engineered_elm,engineered,3949,716,504,0.07060858304922513,0.05362825450523888,0.5436507936507936,0.1300208033776242,-0.05759761773807104,-0.00407232659103512,0.0037618697501263162,Zero forecasts are neutral; direction is reported alongside a training-only majority-class benchmark.
2,monthly_core_xgb,monthly_core,3949,102,504,0.06827575403353328,0.05390921532892991,0.5515873015873016,0.1531319258122121,0.01113163940926476,0.005956553618763416,0.0037618697501263162,Zero forecasts are neutral; direction is reported alongside a training-only majority-class benchmark.
2,engineered_xgb,engineered,3949,716,504,0.0695042051519425,0.05627266522416743,0.4801587301587302,0.05643963545961367,-0.02477290357303641,0.0006868013882388094,0.0037618697501263162,Zero forecasts are neutral; direction is reported alongside a training-only majority-class benchmark.
2,monthly_core_xgb_recent10y,monthly_core,2490,100,504,0.07034488142517727,0.05457238280457385,0.5634920634920635,0.11785051158088485,-0.04971275693988897,0.005263708220087528,0.0037618697501263162,Zero forecasts are neutral; direction is reported alongside a training-only majority-class benchmark.
3,zero,monthly_core,4453,102,504,0.084307062256019,0.06303392091784754,0.001984126984126984,,0.0,0.0,0.003119694862204805,Zero forecasts are neutral; direction is reported alongside a training-only majority-class benchmark.
3,historical_mean,monthly_core,4453,102,504,0.08426334786640302,0.063952316815962,0.4146825396825397,,0.0010367590848412434,0.004657076873108304,0.003119694862204805,Zero forecasts are neutral; direction is reported alongside a training-only majority-class benchmark.
3,compact_legacy,compact_legacy,4453,18,504,0.09087477047946844,0.07235296662829711,0.45634920634920634,-0.0025980272626509255,-0.16187321920225606,0.018478569144609235,0.003119694862204805,Zero forecasts are neutral; direction is reported alongside a training-only majority-class benchmark.
3,previous_rf,previous_technical,4453,18,504,0.08511117119206198,0.06894047498898756,0.4642857142857143,0.20702476732727704,-0.019166690276048115,0.019746188320209385,0.003119694862204805,Zero forecasts are neutral; direction is reported alongside a training-only majority-class benchmark.
3,previous_ar,previous_history,4453,13,504,0.08677107319830692,0.06686551191357827,0.4781746031746032,0.027952019542518445,-0.05930744680234179,0.010091183149746736,0.003119694862204805,Zero forecasts are neutral; direction is reported alongside a training-only majority-class benchmark.
3,previous_hw,previous_technical,4453,1,504,0.08523917503875475,0.0628848303655898,0.5674603174603174,-0.23609566362237996,-0.02223456858706041,-0.00452074871126659,0.003119694862204805,Zero forecasts are neutral; direction is reported alongside a training-only majority-class benchmark.
3,price_ridge_100,price,4453,245,504,0.10548083058380915,0.08490150800256158,0.4027777777777778,-0.14610162059093199,-0.5653777959196686,0.01677393330282701,0.003119694862204805,Zero forecasts are neutral; direction is reported alongside a training-only majority-class benchmark.
3,price_ridge_1000,price,4453,245,504,0.10108094526879823,0.07971156956699209,0.4246031746031746,-0.15390471439147588,-0.4375093453428447,0.011377223432031434,0.003119694862204805,Zero forecasts are neutral; direction is reported alongside a training-only majority-class benchmark.
3,price_ridge_10000,price,4453,245,504,0.09340159485073328,0.07320702138694307,0.44642857142857145,-0.10711311574421124,-0.22738460436270547,0.011322245662829043,0.003119694862204805,Zero forecasts are neutral; direction is reported alongside a training-only majority-class benchmark.
3,price_hist,price,4453,245,504,0.09762057944860589,0.0748173845280363,0.46825396825396826,-0.13444737664743864,-0.3407717470881795,0.01383267583040137,0.003119694862204805,Zero forecasts are neutral; direction is reported alongside a training-only majority-class benchmark.
3,price_extra,price,4453,245,504,0.08700402407221837,0.06721406201147233,0.4246031746031746,0.01676910317547309,-0.06500284340476092,0.010095703657158919,0.003119694862204805,Zero forecasts are neutral; direction is reported alongside a training-only majority-class benchmark.
3,price_cot_ridge_100,price_cot,4453,393,504,0.2402633386253718,0.20326037167962815,0.4246031746031746,0.042853463052263945,-7.121702978562389,0.20302228378654452,0.003119694862204805,Zero forecasts are neutral; direction is reported alongside a training-only majority-class benchmark.
3,price_cot_ridge_1000,price_cot,4453,393,504,0.12661572746584476,0.1032664543414266,0.4226190476190476,-0.03024130073549595,-1.2555237093598008,0.0760423622649598,0.003119694862204805,Zero forecasts are neutral; direction is reported alongside a training-only majority-class benchmark.
3,price_cot_ridge_10000,price_cot,4453,393,504,0.09597339111324213,0.07435513516516845,0.4523809523809524,-0.0888530511477995,-0.295906798662505,0.020852765470673253,0.003119694862204805,Zero forecasts are neutral; direction is reported alongside a training-only majority-class benchmark.
3,price_cot_hist,price_cot,4453,393,504,0.09499808797542521,0.07348110513787727,0.42857142857142855,-0.08212237642607295,-0.2697020365975742,0.01968493965145802,0.003119694862204805,Zero forecasts are neutral; direction is reported alongside a training-only majority-class benchmark.
3,price_cot_extra,price_cot,4453,393,504,0.08769109513252167,0.06598199990234052,0.4444444444444444,-0.06740932833790708,-0.08188992163281794,0.0060601416339539586,0.003119694862204805,Zero forecasts are neutral; direction is reported alongside a training-only majority-class benchmark.
3,price_cot_weather_ridge_100,price_cot_weather,4453,659,504,0.23467738236964528,0.20371355770767233,0.40674603174603174,-0.03972986016261353,-6.7484450641653835,0.1888833032651539,0.003119694862204805,Zero forecasts are neutral; direction is reported alongside a training-only majority-class benchmark.
3,price_cot_weather_ridge_1000,price_cot_weather,4453,659,504,0.14377596854296368,0.12278209770095273,0.3948412698412698,-0.16455782779423142,-1.9083367512534748,0.08505072281360207,0.003119694862204805,Zero forecasts are neutral; direction is reported alongside a training-only majority-class benchmark.
3,price_cot_weather_ridge_10000,price_cot_weather,4453,659,504,0.10552582077109346,0.08372131852762348,0.43253968253968256,-0.217160181968545,-0.5667134255155413,0.020831711297399007,0.003119694862204805,Zero forecasts are neutral; direction is reported alongside a training-only majority-class benchmark.
3,price_cot_weather_hist,price_cot_weather,4453,659,504,0.09658847511949917,0.0733189164035458,0.4246031746031746,-0.12113319828130083,-0.3125707047049109,0.005453588346851341,0.003119694862204805,Zero forecasts are neutral; direction is reported alongside a training-only majority-class benchmark.
3,price_cot_weather_extra,price_cot_weather,4453,659,504,0.08750008728075447,0.06628077896881655,0.43253968253968256,-0.0439228282422702,-0.07718193141828578,0.0049735506712285,0.003119694862204805,Zero forecasts are neutral; direction is reported alongside a training-only majority-class benchmark.
3,monthly_core_ridge_100,monthly_core,4453,102,504,0.11153629912934802,0.08804744450852099,0.4365079365079365,-0.07917106900802952,-0.7502679801779149,0.05192266352100096,0.003119694862204805,Zero forecasts are neutral; direction is reported alongside a training-only majority-class benchmark.
3,monthly_core_ridge_1000,monthly_core,4453,102,504,0.10071788697555449,0.07927575005953963,0.43452380952380953,-0.11597994733808742,-0.427201518890177,0.030731739315061707,0.003119694862204805,Zero forecasts are neutral; direction is reported alongside a training-only majority-class benchmark.
3,monthly_core_ridge_10000,monthly_core,4453,102,504,0.08966277345879217,0.06824395956199078,0.47619047619047616,-0.10956199725188841,-0.1310880765959106,0.008975381171321255,0.003119694862204805,Zero forecasts are neutral; direction is reported alongside a training-only majority-class benchmark.
3,monthly_core_hist,monthly_core,4453,102,504,0.09453330956093671,0.0745876174289834,0.46825396825396826,-0.030622182179472247,-0.25730838730637084,0.01907395944098462,0.003119694862204805,Zero forecasts are neutral; direction is reported alongside a training-only majority-class benchmark.
3,monthly_core_extra,monthly_core,4453,102,504,0.0873871569541608,0.06609408872782536,0.4305555555555556,-0.04250361901640298,-0.07440323688857409,0.0067800475059616875,0.003119694862204805,Zero forecasts are neutral; direction is reported alongside a training-only majority-class benchmark.
3,engineered_ridge_100,engineered,4453,716,504,0.22701657323102928,0.19433148858319313,0.39880952380952384,-0.1234404643605064,-6.250821521326835,0.17326713457931833,0.003119694862204805,Zero forecasts are neutral; direction is reported alongside a training-only majority-class benchmark.
3,engineered_ridge_1000,engineered,4453,716,504,0.13978291415807464,0.11930764499012309,0.39285714285714285,-0.18562207852798443,-1.7490349930051816,0.07563543487389242,0.003119694862204805,Zero forecasts are neutral; direction is reported alongside a training-only majority-class benchmark.
3,engineered_ridge_10000,engineered,4453,716,504,0.10453074368400761,0.08247053639754066,0.44246031746031744,-0.1691520618172135,-0.5373054538094666,0.018553508781628786,0.003119694862204805,Zero forecasts are neutral; direction is reported alongside a training-only majority-class benchmark.
3,engineered_hist,engineered,4453,716,504,0.09659613428640544,0.07393637442681669,0.4444444444444444,-0.08574439126850573,-0.31277887854107345,0.008552259904533326,0.003119694862204805,Zero forecasts are neutral; direction is reported alongside a training-only majority-class benchmark.
3,engineered_extra,engineered,4453,716,504,0.08731564680819365,0.06560591333551631,0.48412698412698413,-0.014002408833117102,-0.0726455576337024,0.003625587711283465,0.003119694862204805,Zero forecasts are neutral; direction is reported alongside a training-only majority-class benchmark.
3,monthly_core_hist_low_l2,monthly_core,4453,102,504,0.09424177273277551,0.07415402039668498,0.47619047619047616,-0.016462592781673595,-0.2495653708861567,0.020767059908812936,0.003119694862204805,Zero forecasts are neutral; direction is reported alongside a training-only majority-class benchmark.
3,monthly_core_ridge_recent10y,monthly_core,2491,100,504,0.1044808545805122,0.08214313786521034,0.39087301587301587,-0.2673659956127276,-0.5358383928046411,0.030777722474088894,0.003119694862204805,Zero forecasts are neutral; direction is reported alongside a training-only majority-class benchmark.
3,monthly_core_ridge_recent5y,monthly_core,1235,99,504,0.09728841310674095,0.07603790001455789,0.4662698412698413,-0.12626217430286918,-0.33166298019710405,0.02981678830092243,0.003119694862204805,Zero forecasts are neutral; direction is reported alongside a training-only majority-class benchmark.
3,engineered_ridge_recent10y,engineered,2491,712,504,0.10350308839967824,0.08040835840880123,0.44841269841269843,-0.20776166272788416,-0.5072271379012605,0.0071671278526675665,0.003119694862204805,Zero forecasts are neutral; direction is reported alongside a training-only majority-class benchmark.
3,monthly_core_ridge_decay,monthly_core,4453,102,504,0.09892878477145473,0.07680692367797899,0.4246031746031746,-0.17989394959098387,-0.3769476719299434,0.027592881721314157,0.003119694862204805,Zero forecasts are neutral; direction is reported alongside a training-only majority-class benchmark.
3,engineered_elastic,engineered,4453,716,504,0.22113909032647577,0.1897067314575774,0.3968253968253968,-0.08678552616291976,-5.880232668903858,0.17067679645097553,0.003119694862204805,Zero forecasts are neutral; direction is reported alongside a training-only majority-class benchmark.
3,monthly_core_vol_ridge,monthly_core,4453,102,504,0.10280938025099207,0.07876281674517396,0.42857142857142855,-0.15404358823553083,-0.4870910842730447,0.03047015344667927,0.003119694862204805,Zero forecasts are neutral; direction is reported alongside a training-only majority-class benchmark.
3,engineered_vol_ridge,engineered,4453,716,504,0.10052504143153262,0.07783113351257444,0.44047619047619047,-0.17314423216971503,-0.42174139717188663,0.01509298030265793,0.003119694862204805,Zero forecasts are neutral; direction is reported alongside a training-only majority-class benchmark.
3,monthly_core_vol_hist,monthly_core,4453,102,504,0.09380913349760317,0.07313262956756854,0.4166666666666667,-0.03916590371320046,-0.2381188522326545,0.020300374674919824,0.003119694862204805,Zero forecasts are neutral; direction is reported alongside a training-only majority-class benchmark.
3,price_cot_elm,price_cot,4453,393,504,0.09944946023220366,0.07816390437914927,0.498015873015873,0.015785089222635062,-0.3914799346760556,0.036362959098369764,0.003119694862204805,Zero forecasts are neutral; direction is reported alongside a training-only majority-class benchmark.
3,monthly_core_elm,monthly_core,4453,102,504,0.1060902687165707,0.0802154735016557,0.4365079365079365,-0.19059044112202495,-0.5835186635679708,0.02411054957985346,0.003119694862204805,Zero forecasts are neutral; direction is reported alongside a training-only majority-class benchmark.
3,engineered_elm,engineered,4453,716,504,0.09457906370683149,0.07338560476431888,0.4146825396825397,-0.14377853895008474,-0.25852575699782454,0.008381628799466911,0.003119694862204805,Zero forecasts are neutral; direction is reported alongside a training-only majority-class benchmark.
3,monthly_core_xgb,monthly_core,4453,102,504,0.09105137237069974,0.0704335273162649,0.41865079365079366,-0.12406205561106087,-0.16639347018690387,0.012333394895095908,0.003119694862204805,Zero forecasts are neutral; direction is reported alongside a training-only majority-class benchmark.
3,engineered_xgb,engineered,4453,716,504,0.09051398341736915,0.06767559479065186,0.4623015873015873,-0.16473472530925518,-0.1526658957513669,-0.0008141805407528105,0.003119694862204805,Zero forecasts are neutral; direction is reported alongside a training-only majority-class benchmark.
3,monthly_core_xgb_recent10y,monthly_core,2491,100,504,0.09266313319190922,0.06800378661693503,0.48214285714285715,-0.19579615757584504,-0.20805316945101526,0.0018097769396494157,0.003119694862204805,Zero forecasts are neutral; direction is reported alongside a training-only majority-class benchmark.
4,zero,monthly_core,4957,102,504,0.10789803888558143,0.08902410014685373,0.0,,0.0,0.0,0.0332736214745208,Zero forecasts are neutral; direction is reported alongside a training-only majority-class benchmark.
4,historical_mean,monthly_core,4957,102,504,0.10683401393640533,0.08809347550326409,0.6329365079365079,,0.019625538630705597,0.003631529368205143,0.0332736214745208,Zero forecasts are neutral; direction is reported alongside a training-only majority-class benchmark.
4,compact_legacy,compact_legacy,4957,18,504,0.11475053158000045,0.0965114349852054,0.4444444444444444,0.09545837521847313,-0.1310513170438441,-0.015970976412142922,0.0332736214745208,Zero forecasts are neutral; direction is reported alongside a training-only majority-class benchmark.
4,previous_rf,previous_technical,4957,18,504,0.11000889907862245,0.0890743310610926,0.5376984126984127,0.10532068041682989,-0.039509672122256756,0.0009524913289118834,0.0332736214745208,Zero forecasts are neutral; direction is reported alongside a training-only majority-class benchmark.
4,previous_ar,previous_history,4957,13,504,0.11081087413646111,0.09194198533548162,0.4801587301587302,-0.01735304172577529,-0.0547211608061946,0.001530761121440248,0.0332736214745208,Zero forecasts are neutral; direction is reported alongside a training-only majority-class benchmark.
4,previous_hw,previous_technical,4957,1,504,0.10725830386516774,0.0881694941582447,0.5436507936507936,0.08771348740061029,0.01182298603677423,0.0010972277092545235,0.0332736214745208,Zero forecasts are neutral; direction is reported alongside a training-only majority-class benchmark.
4,price_ridge_100,price,4957,245,504,0.11241877308379394,0.08979363073925707,0.5634920634920635,0.055852619612372166,-0.08555187046841062,0.020027573528997804,0.0332736214745208,Zero forecasts are neutral; direction is reported alongside a training-only majority-class benchmark.
4,price_ridge_1000,price,4957,245,504,0.10885247176559366,0.08730208408663383,0.5714285714285714,0.07873734771119621,-0.01776963140067056,0.01452822557077674,0.0332736214745208,Zero forecasts are neutral; direction is reported alongside a training-only majority-class benchmark.
4,price_ridge_10000,price,4957,245,504,0.10665978517347062,0.08740746784923054,0.5416666666666666,0.1300570001161621,0.022820591259350542,0.005396817119310021,0.0332736214745208,Zero forecasts are neutral; direction is reported alongside a training-only majority-class benchmark.
4,price_hist,price,4957,245,504,0.11020090568406227,0.09212039948804647,0.5099206349206349,0.05676675254878121,-0.04314150385684701,0.00483582739104009,0.0332736214745208,Zero forecasts are neutral; direction is reported alongside a training-only majority-class benchmark.
4,price_extra,price,4957,245,504,0.10636683195206015,0.08846299601497856,0.5396825396825397,0.10427717163254256,0.02818108812557285,0.005514229041695824,0.0332736214745208,Zero forecasts are neutral; direction is reported alongside a training-only majority-class benchmark.
4,price_cot_ridge_100,price_cot,4957,393,504,0.11922623414515222,0.09889246820440475,0.5099206349206349,0.09789554551881839,-0.2210024936728927,0.024094684858372135,0.0332736214745208,Zero forecasts are neutral; direction is reported alongside a training-only majority-class benchmark.
4,price_cot_ridge_1000,price_cot,4957,393,504,0.11246098352896501,0.09416600860096899,0.5198412698412699,0.044933015840407584,-0.08636721881087528,0.01880952476411354,0.0332736214745208,Zero forecasts are neutral; direction is reported alongside a training-only majority-class benchmark.
4,price_cot_ridge_10000,price_cot,4957,393,504,0.11104456204479404,0.09335109223149712,0.4801587301587302,0.030195494685929677,-0.05917443272144651,0.001266762925443555,0.0332736214745208,Zero forecasts are neutral; direction is reported alongside a training-only majority-class benchmark.
4,price_cot_hist,price_cot,4957,393,504,0.11360328564439706,0.09529848539512213,0.4146825396825397,0.1090082664377866,-0.1085484579274989,-0.014607281141714471,0.0332736214745208,Zero forecasts are neutral; direction is reported alongside a training-only majority-class benchmark.
4,price_cot_extra,price_cot,4957,393,504,0.11121904248725015,0.09307087669390479,0.4146825396825397,0.07127266983449916,-0.0625055352851529,-0.009223129796124371,0.0332736214745208,Zero forecasts are neutral; direction is reported alongside a training-only majority-class benchmark.
4,price_cot_weather_ridge_100,price_cot_weather,4957,659,504,0.17938809198367622,0.14527068435188947,0.4007936507936508,-0.033063014616610764,-1.7641405295516104,-0.05692621538538194,0.0332736214745208,Zero forecasts are neutral; direction is reported alongside a training-only majority-class benchmark.
4,price_cot_weather_ridge_1000,price_cot_weather,4957,659,504,0.13387180070451413,0.11108962583855679,0.4444444444444444,-0.007871556716908094,-0.5393986730014597,-0.007962120861969622,0.0332736214745208,Zero forecasts are neutral; direction is reported alongside a training-only majority-class benchmark.
4,price_cot_weather_ridge_10000,price_cot_weather,4957,659,504,0.11325102611401339,0.09522942612971648,0.48214285714285715,0.02460983105384117,-0.10168437237833694,0.0027179680302785118,0.0332736214745208,Zero forecasts are neutral; direction is reported alongside a training-only majority-class benchmark.
4,price_cot_weather_hist,price_cot_weather,4957,659,504,0.11289980395601981,0.09340118450529533,0.4603174603174603,0.07201308202363278,-0.09486172397944581,-0.007838152098224114,0.0332736214745208,Zero forecasts are neutral; direction is reported alongside a training-only majority-class benchmark.
4,price_cot_weather_extra,price_cot_weather,4957,659,504,0.11167130847557298,0.0935725170577833,0.4305555555555556,0.07741977753390455,-0.07116434298162355,-0.010178855789717087,0.0332736214745208,Zero forecasts are neutral; direction is reported alongside a training-only majority-class benchmark.
4,monthly_core_ridge_100,monthly_core,4957,102,504,0.12108613336271624,0.09832683785366175,0.49007936507936506,-0.08596665317777608,-0.2593942898633155,0.00972019515794759,0.0332736214745208,Zero forecasts are neutral; direction is reported alongside a training-only majority-class benchmark.
4,monthly_core_ridge_1000,monthly_core,4957,102,504,0.116329536284536,0.09503378254024519,0.4523809523809524,-0.11905618709677648,-0.1623927470502835,0.006170454013898314,0.0332736214745208,Zero forecasts are neutral; direction is reported alongside a training-only majority-class benchmark.
4,monthly_core_ridge_10000,monthly_core,4957,102,504,0.11100052739304804,0.09281259712280253,0.4603174603174603,-0.0701479668671592,-0.058334569358158284,0.0008353666499902927,0.0332736214745208,Zero forecasts are neutral; direction is reported alongside a training-only majority-class benchmark.
4,monthly_core_hist,monthly_core,4957,102,504,0.11839095674030088,0.09795178231815346,0.43253968253968256,-0.2259686554082865,-0.20395417760453327,0.0019947242488796433,0.0332736214745208,Zero forecasts are neutral; direction is reported alongside a training-only majority-class benchmark.
4,monthly_core_extra,monthly_core,4957,102,504,0.10925606836715203,0.09109408246509122,0.4722222222222222,0.001116333921595247,-0.025330872202245613,-0.00032750620633997563,0.0332736214745208,Zero forecasts are neutral; direction is reported alongside a training-only majority-class benchmark.
4,engineered_ridge_100,engineered,4957,716,504,0.19180655873484542,0.15334287993694215,0.4146825396825397,-0.04671846000911022,-2.160092570143105,-0.06538467400319832,0.0332736214745208,Zero forecasts are neutral; direction is reported alongside a training-only majority-class benchmark.
4,engineered_ridge_1000,engineered,4957,716,504,0.14381290813203923,0.1202880827427792,0.4166666666666667,-0.08932167256720368,-0.7765140013427305,-0.01291318026730616,0.0332736214745208,Zero forecasts are neutral; direction is reported alongside a training-only majority-class benchmark.
4,engineered_ridge_10000,engineered,4957,716,504,0.11767963809228212,0.09934580323466971,0.4583333333333333,-0.05529120029220402,-0.18953040103571728,-0.0010579790145839416,0.0332736214745208,Zero forecasts are neutral; direction is reported alongside a training-only majority-class benchmark.
4,engineered_hist,engineered,4957,716,504,0.11092336448752146,0.09135717020366062,0.49603174603174605,0.11970399627597021,-0.056863661290292855,-0.00607077288505274,0.0332736214745208,Zero forecasts are neutral; direction is reported alongside a training-only majority-class benchmark.
4,engineered_extra,engineered,4957,716,504,0.11212747214287178,0.0936996604263838,0.4087301587301587,0.022220721370293482,-0.07993336791683858,-0.008613609839654344,0.0332736214745208,Zero forecasts are neutral; direction is reported alongside a training-only majority-class benchmark.
4,monthly_core_hist_low_l2,monthly_core,4957,102,504,0.11671083648663465,0.09695610223469393,0.4503968253968254,-0.17959799853758837,-0.1700253223827215,0.0013712082354511456,0.0332736214745208,Zero forecasts are neutral; direction is reported alongside a training-only majority-class benchmark.
4,monthly_core_ridge_recent10y,monthly_core,2491,100,504,0.11110004966745865,0.09163317461952745,0.47023809523809523,0.02020662350149242,-0.06023321045486463,0.003172462791456488,0.0332736214745208,Zero forecasts are neutral; direction is reported alongside a training-only majority-class benchmark.
4,monthly_core_ridge_recent5y,monthly_core,1235,100,504,0.12268407560802161,0.10353026109667784,0.43253968253968256,0.2544951725590486,-0.29285341689279254,-0.03479698843904089,0.0332736214745208,Zero forecasts are neutral; direction is reported alongside a training-only majority-class benchmark.
4,engineered_ridge_recent10y,engineered,2491,711,504,0.12177247817476834,0.10442768224831718,0.38492063492063494,-0.019459418593677877,-0.2737118415854529,-0.019643967671523214,0.0332736214745208,Zero forecasts are neutral; direction is reported alongside a training-only majority-class benchmark.
4,monthly_core_ridge_decay,monthly_core,4957,102,504,0.11151677322549455,0.09293543819420601,0.44246031746031744,-0.01956195081425719,-0.06820175363785608,0.00194638950284858,0.0332736214745208,Zero forecasts are neutral; direction is reported alongside a training-only majority-class benchmark.
4,engineered_elastic,engineered,4957,716,504,0.17173528115229428,0.1405144793457491,0.4444444444444444,-0.06732070709321865,-1.5333310637516182,-0.02317617357440091,0.0332736214745208,Zero forecasts are neutral; direction is reported alongside a training-only majority-class benchmark.
4,monthly_core_vol_ridge,monthly_core,4957,102,504,0.11756915710271439,0.09544972153941723,0.5079365079365079,-0.07586784467717794,-0.18729791957489583,0.006145838549881744,0.0332736214745208,Zero forecasts are neutral; direction is reported alongside a training-only majority-class benchmark.
4,engineered_vol_ridge,engineered,4957,716,504,0.12021843641272813,0.1019651158919687,0.4384920634920635,-0.05067971125786273,-0.24140945249037693,-0.0018578868371055674,0.0332736214745208,Zero forecasts are neutral; direction is reported alongside a training-only majority-class benchmark.
4,monthly_core_vol_hist,monthly_core,4957,102,504,0.11932705701900319,0.0994837988202819,0.3968253968253968,-0.3246541832219335,-0.22306843214237904,0.0031632966458092224,0.0332736214745208,Zero forecasts are neutral; direction is reported alongside a training-only majority-class benchmark.
4,price_cot_elm,price_cot,4957,393,504,0.11214236232880379,0.0926878754290906,0.5357142857142857,-0.056996298362585594,-0.08022021066910479,0.011858358839023534,0.0332736214745208,Zero forecasts are neutral; direction is reported alongside a training-only majority-class benchmark.
4,monthly_core_elm,monthly_core,4957,102,504,0.11783776425850533,0.0958097435186688,0.48412698412698413,-0.0679592981618131,-0.19272929350718448,0.0004543451585735742,0.0332736214745208,Zero forecasts are neutral; direction is reported alongside a training-only majority-class benchmark.
4,engineered_elm,engineered,4957,716,504,0.1125081874783311,0.09394715223947592,0.4503968253968254,0.03170731828056635,-0.08727938556933612,-0.008978947088202733,0.0332736214745208,Zero forecasts are neutral; direction is reported alongside a training-only majority-class benchmark.
4,monthly_core_xgb,monthly_core,4957,102,504,0.11036016540710458,0.09161299095527713,0.45634920634920634,-0.07849597344916621,-0.04615872898459861,-0.000717598283771954,0.0332736214745208,Zero forecasts are neutral; direction is reported alongside a training-only majority-class benchmark.
4,engineered_xgb,engineered,4957,716,504,0.10792890468919462,0.08970843356480963,0.4742063492063492,0.1233900081967786,-0.0005722109268733178,-0.0020167780171577183,0.0332736214745208,Zero forecasts are neutral; direction is reported alongside a training-only majority-class benchmark.
4,monthly_core_xgb_recent10y,monthly_core,2491,100,504,0.11960971965139056,0.10091378651154347,0.27380952380952384,-0.3550726477426539,-0.22886971842237713,-0.007909681585780553,0.0332736214745208,Zero forecasts are neutral; direction is reported alongside a training-only majority-class benchmark.
