source_file,source_dataset,source_archive,Market_and_Exchange_Names,As_of_Date_In_Form_YYMMDD,Report_Date_as_MM_DD_YYYY,CFTC_Contract_Market_Code,CFTC_Market_Code,CFTC_Region_Code,CFTC_Commodity_Code,Open_Interest_All,NonComm_Positions_Long_All,NonComm_Positions_Short_All,NonComm_Postions_Spread_All,Comm_Positions_Long_All,Comm_Positions_Short_All,Tot_Rept_Positions_Long_All,Tot_Rept_Positions_Short_All,NonRept_Positions_Long_All,NonRept_Positions_Short_All,Open_Interest_Old,NonComm_Positions_Long_Old,NonComm_Positions_Short_Old,NonComm_Positions_Spread_Old,Comm_Positions_Long_Old,Comm_Positions_Short_Old,Tot_Rept_Positions_Long_Old,Tot_Rept_Positions_Short_Old,NonRept_Positions_Long_Old,NonRept_Positions_Short_Old,Open_Interest_Other,NonComm_Positions_Long_Other,NonComm_Positions_Short_Other,NonComm_Positions_Spread_Other,Comm_Positions_Long_Other,Comm_Positions_Short_Other,Tot_Rept_Positions_Long_Other,Tot_Rept_Positions_Short_Other,NonRept_Positions_Long_Other,NonRept_Positions_Short_Other,Change_in_Open_Interest_All,Change_in_NonComm_Long_All,Change_in_NonComm_Short_All,Change_in_NonComm_Spead_All,Change_in_Comm_Long_All,Change_in_Comm_Short_All,Change_in_Tot_Rept_Long_All,Change_in_Tot_Rept_Short_All,Change_in_NonRept_Long_All,Change_in_NonRept_Short_All,Pct_of_Open_Interest_All,Pct_of_OI_NonComm_Long_All,Pct_of_OI_NonComm_Short_All,Pct_of_OI_NonComm_Spread_All,Pct_of_OI_Comm_Long_All,Pct_of_OI_Comm_Short_All,Pct_of_OI_Tot_Rept_Long_All,Pct_of_OI_Tot_Rept_Short_All,Pct_of_OI_NonRept_Long_All,Pct_of_OI_NonRept_Short_All,Pct_of_Open_Interest_Old,Pct_of_OI_NonComm_Long_Old,Pct_of_OI_NonComm_Short_Old,Pct_of_OI_NonComm_Spread_Old,Pct_of_OI_Comm_Long_Old,Pct_of_OI_Comm_Short_Old,Pct_of_OI_Tot_Rept_Long_Old,Pct_of_OI_Tot_Rept_Short_Old,Pct_of_OI_NonRept_Long_Old,Pct_of_OI_NonRept_Short_Old,Pct_of_Open_Interest_Other,Pct_of_OI_NonComm_Long_Other,Pct_of_OI_NonComm_Short_Other,Pct_of_OI_NonComm_Spread_Other,Pct_of_OI_Comm_Long_Other,Pct_of_OI_Comm_Short_Other,Pct_of_OI_Tot_Rept_Long_Other,Pct_of_OI_Tot_Rept_Short_Other,Pct_of_OI_NonRept_Long_Other,Pct_of_OI_NonRept_Short_Other,Traders_Tot_All,Traders_NonComm_Long_All,Traders_NonComm_Short_All,Traders_NonComm_Spread_All,Traders_Comm_Long_All,Traders_Comm_Short_All,Traders_Tot_Rept_Long_All,Traders_Tot_Rept_Short_All,Traders_Tot_Old,Traders_NonComm_Long_Old,Traders_NonComm_Short_Old,Traders_NonComm_Spead_Old,Traders_Comm_Long_Old,Traders_Comm_Short_Old,Traders_Tot_Rept_Long_Old,Traders_Tot_Rept_Short_Old,Traders_Tot_Other,Traders_NonComm_Long_Other,Traders_NonComm_Short_Other,Traders_NonComm_Spread_Other,Traders_Comm_Long_Other,Traders_Comm_Short_Other,Traders_Tot_Rept_Long_Other,Traders_Tot_Rept_Short_Other,Conc_Gross_LE_4_TDR_Long_All,Conc_Gross_LE_4_TDR_Short_All,Conc_Gross_LE_8_TDR_Long_All,Conc_Gross_LE_8_TDR_Short_All,Conc_Net_LE_4_TDR_Long_All,Conc_Net_LE_4_TDR_Short_All,Conc_Net_LE_8_TDR_Long_All,Conc_Net_LE_8_TDR_Short_All,Conc_Gross_LE_4_TDR_Long_Old,Conc_Gross_LE_4_TDR_Short_Old,Conc_Gross_LE_8_TDR_Long_Old,Conc_Gross_LE_8_TDR_Short_Old,Conc_Net_LE_4_TDR_Long_Old,Conc_Net_LE_4_TDR_Short_Old,Conc_Net_LE_8_TDR_Long_Old,Conc_Net_LE_8_TDR_Short_Old,Conc_Gross_LE_4_TDR_Long_Other,Conc_Gross_LE_4_TDR_Short_Other,Conc_Gross_LE_8_TDR_Long_Other,Conc_Gross_LE_8_TDR_Short_Other,Conc_Net_LE_4_TDR_Long_Other,Conc_Net_LE_4_TDR_Short_Other,Conc_Net_LE_8_TDR_Long_Other,Conc_Net_LE_8_TDR_Short_Other,Contract_Units
raw_cot_data/legacy_futures_only/dea_fut_xls_2017/annual.xls,legacy_futures_only,dea_fut_xls_2017,COFFEE C - ICE FUTURES U.S.,171226,2017-12-26,083731,ICUS,1,83,220632,49417,96683,39810,117074,76444,206301,212937,14331,7695,208484,49484,96622,36930,108564,67630,194978,201182,13506,7302,12148,1716,1844,1097,8510,8814,11323,11755,825,393,1944.0,1499.0,1741.0,-5966.0,6638.0,5674.0,2171.0,1449.0,-227.0,495.0,100,22.4,43.8,18.0,53.1,34.6,93.5,96.5,6.5,3.5,100,23.7,46.3,17.7,52.1,32.4,93.5,96.5,6.5,3.5,100,14.1,15.2,9.0,70.1,72.6,93.2,96.8,6.8,3.2,470,154,137,106,145,100,362,300,467,159,138,95,139,91,351,283,134,14,27,9,73,46,95,75,14.2,13.5,22.4,23.0,11.7,12.1,17.6,20.1,14.1,13.8,22.8,23.3,11.7,12.8,18.1,21.4,23.7,36.2,35.6,52.9,21.0,32.5,31.2,45.9,"(CONTRACTS OF 37,500 POUNDS)"
raw_cot_data/legacy_futures_only/dea_fut_xls_2017/annual.xls,legacy_futures_only,dea_fut_xls_2017,COFFEE C - ICE FUTURES U.S.,171219,2017-12-19,083731,ICUS,1,83,218688,47918,94942,45776,110436,70770,204130,211488,14558,7200,206902,48187,95016,42874,102015,62206,193076,200096,13826,6806,11786,1671,1866,962,8421,8564,11054,11392,732,394,3796.0,1667.0,2496.0,850.0,1007.0,754.0,3524.0,4100.0,272.0,-304.0,100,21.9,43.4,20.9,50.5,32.4,93.3,96.7,6.7,3.3,100,23.3,45.9,20.7,49.3,30.1,93.3,96.7,6.7,3.3,100,14.2,15.8,8.2,71.4,72.7,93.8,96.7,6.2,3.3,474,158,139,106,144,99,362,301,471,163,140,97,138,90,352,285,132,13,26,12,72,45,95,75,12.8,13.9,21.8,24.1,10.2,12.1,15.6,19.8,12.7,14.4,22.0,24.6,10.5,12.8,16.1,21.1,24.5,36.2,37.0,53.4,21.9,32.7,32.2,46.0,"(CONTRACTS OF 37,500 POUNDS)"
raw_cot_data/legacy_futures_only/dea_fut_xls_2017/annual.xls,legacy_futures_only,dea_fut_xls_2017,COFFEE C - ICE FUTURES U.S.,171212,2017-12-12,083731,ICUS,1,83,214892,46251,92446,44926,109429,70016,200606,207388,14286,7504,203477,47269,92712,41272,101385,62344,189926,196328,13551,7149,11415,1656,2408,980,8044,7672,10680,11060,735,355,23748.0,-929.0,16807.0,8170.0,14502.0,-853.0,21743.0,24124.0,2005.0,-376.0,100,21.5,43.0,20.9,50.9,32.6,93.4,96.5,6.6,3.5,100,23.2,45.6,20.3,49.8,30.6,93.3,96.5,6.7,3.5,100,14.5,21.1,8.6,70.5,67.2,93.6,96.9,6.4,3.1,456,139,146,100,142,96,340,297,454,142,147,92,136,89,330,285,133,16,26,9,70,46,93,76,13.0,13.9,21.7,23.8,10.4,11.9,16.6,19.1,13.0,14.2,22.0,24.2,10.9,12.6,16.9,20.3,25.5,38.7,37.9,54.7,22.8,33.2,33.4,46.0,"(CONTRACTS OF 37,500 POUNDS)"
raw_cot_data/legacy_futures_only/dea_fut_xls_2017/annual.xls,legacy_futures_only,dea_fut_xls_2017,COFFEE C - ICE FUTURES U.S.,171205,2017-12-05,083731,ICUS,1,83,191144,47180,75639,36756,94927,70869,178863,183264,12281,7880,181672,47694,75807,33958,88261,64411,169913,174176,11759,7496,9472,1530,1876,754,6666,6458,8950,9088,522,384,-4473.0,-1748.0,-3530.0,-2385.0,-804.0,764.0,-4937.0,-5151.0,464.0,678.0,100,24.7,39.6,19.2,49.7,37.1,93.6,95.9,6.4,4.1,100,26.3,41.7,18.7,48.6,35.5,93.5,95.9,6.5,4.1,100,16.2,19.8,8.0,70.4,68.2,94.5,95.9,5.5,4.1,449,144,131,103,137,101,338,295,449,145,136,96,134,95,332,285,125,16,23,8,65,45,86,73,13.3,14.4,22.6,24.6,11.5,12.9,17.5,20.4,13.8,15.1,23.0,25.0,12.0,13.7,18.1,21.3,28.8,35.6,42.8,51.8,25.2,31.8,37.2,43.3,"(CONTRACTS OF 37,500 POUNDS)"
raw_cot_data/legacy_futures_only/dea_fut_xls_2017/annual.xls,legacy_futures_only,dea_fut_xls_2017,COFFEE C - ICE FUTURES U.S.,171128,2017-11-28,083731,ICUS,1,83,195617,48928,79169,39141,95731,70105,183800,188415,11817,7202,186890,49378,79596,36283,90022,64133,175683,180012,11207,6878,8727,1621,1644,787,5709,5972,8117,8403,610,324,-5496.0,-527.0,-7060.0,2345.0,-6233.0,-406.0,-4415.0,-5121.0,-1081.0,-375.0,100,25.0,40.5,20.0,48.9,35.8,94.0,96.3,6.0,3.7,100,26.4,42.6,19.4,48.2,34.3,94.0,96.3,6.0,3.7,100,18.6,18.8,9.0,65.4,68.4,93.0,96.3,7.0,3.7,435,145,126,98,132,98,330,283,435,147,129,92,128,94,322,277,117,14,22,9,61,40,82,66,13.2,14.1,22.0,24.1,11.3,12.5,17.1,20.1,13.9,14.7,22.4,24.5,11.7,13.2,17.8,21.1,30.4,38.2,44.7,53.8,26.1,33.4,37.2,46.4,"(CONTRACTS OF 37,500 POUNDS)"
raw_cot_data/legacy_futures_only/dea_fut_xls_2017/annual.xls,legacy_futures_only,dea_fut_xls_2017,COFFEE C - ICE FUTURES U.S.,171121,2017-11-21,083731,ICUS,1,83,201113,49455,86229,36796,101964,70511,188215,193536,12898,7577,192310,49743,86500,34119,96232,64467,180094,185086,12216,7224,8803,1637,1654,752,5732,6044,8121,8450,682,353,-17637.0,-110.0,2517.0,-5657.0,-11327.0,-14270.0,-17094.0,-17410.0,-543.0,-227.0,100,24.6,42.9,18.3,50.7,35.1,93.6,96.2,6.4,3.8,100,25.9,45.0,17.7,50.0,33.5,93.6,96.2,6.4,3.8,100,18.6,18.8,8.5,65.1,68.7,92.3,96.0,7.7,4.0,437,141,131,98,130,95,329,282,437,142,136,93,126,92,322,277,112,15,20,9,58,38,79,63,13.4,14.0,22.4,23.9,11.1,12.3,16.8,19.8,13.6,14.6,22.6,24.3,11.5,13.0,17.4,20.8,29.5,38.3,43.6,53.8,25.2,33.9,35.9,46.8,"(CONTRACTS OF 37,500 POUNDS)"
raw_cot_data/legacy_futures_only/dea_fut_xls_2017/annual.xls,legacy_futures_only,dea_fut_xls_2017,COFFEE C - ICE FUTURES U.S.,171114,2017-11-14,083731,ICUS,1,83,218750,49565,83712,42453,113291,84781,205309,210946,13441,7804,210076,49770,83970,39756,107764,78785,197290,202511,12786,7565,8674,1647,1594,845,5527,5996,8019,8435,655,239,-21433.0,-2580.0,-3748.0,-8177.0,-9680.0,-9141.0,-20437.0,-21066.0,-996.0,-367.0,100,22.7,38.3,19.4,51.8,38.8,93.9,96.4,6.1,3.6,100,23.7,40.0,18.9,51.3,37.5,93.9,96.4,6.1,3.6,100,19.0,18.4,9.7,63.7,69.1,92.4,97.2,7.6,2.8,446,136,128,118,144,112,352,312,446,138,132,112,141,106,346,303,117,16,20,9,59,39,81,64,12.7,13.6,21.8,23.6,10.0,11.0,15.5,17.9,12.8,14.0,21.8,24.0,10.3,11.6,16.0,18.7,31.7,38.0,47.1,53.7,25.6,31.8,35.8,44.2,"(CONTRACTS OF 37,500 POUNDS)"
raw_cot_data/legacy_futures_only/dea_fut_xls_2017/annual.xls,legacy_futures_only,dea_fut_xls_2017,COFFEE C - ICE FUTURES U.S.,171107,2017-11-07,083731,ICUS,1,83,240183,52145,87460,50630,122971,93922,225746,232012,14437,8171,231394,52012,87432,48328,117224,87678,217564,223438,13830,7956,8789,1577,1472,858,5747,6244,8182,8574,607,215,1116.0,12.0,2511.0,2360.0,-920.0,-4320.0,1452.0,551.0,-336.0,565.0,100,21.7,36.4,21.1,51.2,39.1,94.0,96.6,6.0,3.4,100,22.5,37.8,20.9,50.7,37.9,94.0,96.6,6.0,3.4,100,17.9,16.7,9.8,65.4,71.0,93.1,97.6,6.9,2.4,463,151,127,114,147,115,366,312,462,154,129,111,146,109,362,305,115,17,19,8,58,38,79,62,13.8,12.2,22.0,21.5,10.1,10.3,15.0,17.4,13.7,12.7,22.3,22.0,10.1,10.8,15.1,18.2,32.3,39.4,47.4,55.1,23.1,31.1,33.0,41.8,"(CONTRACTS OF 37,500 POUNDS)"
raw_cot_data/legacy_futures_only/dea_fut_xls_2017/annual.xls,legacy_futures_only,dea_fut_xls_2017,COFFEE C - ICE FUTURES U.S.,171031,2017-10-31,083731,ICUS,1,83,239067,52133,84949,48270,123891,98242,224294,231461,14773,7606,230630,52158,84791,45962,118304,92486,216424,223239,14206,7391,8437,1446,1629,837,5587,5756,7870,8222,567,215,1423.0,1762.0,1561.0,1289.0,-1691.0,-680.0,1360.0,2170.0,63.0,-747.0,100,21.8,35.5,20.2,51.8,41.1,93.8,96.8,6.2,3.2,100,22.6,36.8,19.9,51.3,40.1,93.8,96.8,6.2,3.2,100,17.1,19.3,9.9,66.2,68.2,93.3,97.5,6.7,2.5,455,154,119,108,145,112,360,301,455,159,119,105,144,109,357,297,114,15,21,7,58,38,77,62,14.2,12.6,23.2,22.3,9.8,10.6,14.8,17.4,14.2,13.0,23.0,22.4,9.7,11.0,14.9,18.2,37.1,37.4,51.4,54.7,22.5,27.1,31.6,37.7,"(CONTRACTS OF 37,500 POUNDS)"
raw_cot_data/legacy_futures_only/dea_fut_xls_2017/annual.xls,legacy_futures_only,dea_fut_xls_2017,COFFEE C - ICE FUTURES U.S.,171024,2017-10-24,083731,ICUS,1,83,237644,50371,83388,46981,125582,98922,222934,229291,14710,8353,229322,50602,83399,44425,120061,93271,215088,221095,14234,8227,8322,1459,1679,866,5521,5651,7846,8196,476,126,7686.0,1979.0,5352.0,925.0,4465.0,1738.0,7369.0,8015.0,317.0,-329.0,100,21.2,35.1,19.8,52.8,41.6,93.8,96.5,6.2,3.5,100,22.1,36.4,19.4,52.4,40.7,93.8,96.4,6.2,3.6,100,17.5,20.2,10.4,66.3,67.9,94.3,98.5,5.7,1.5,462,151,126,112,145,107,360,304,462,155,127,109,144,106,357,302,113,17,21,7,57,35,78,59,14.5,13.0,23.9,23.5,9.9,11.2,15.0,18.2,14.5,13.2,23.7,23.7,9.9,11.7,15.1,18.9,37.8,38.8,51.1,57.4,21.8,28.0,30.6,40.4,"(CONTRACTS OF 37,500 POUNDS)"
raw_cot_data/legacy_futures_only/dea_fut_xls_2017/annual.xls,legacy_futures_only,dea_fut_xls_2017,COFFEE C - ICE FUTURES U.S.,171017,2017-10-17,083731,ICUS,1,83,229958,48392,78036,46056,121117,97184,215565,221276,14393,8682,221911,48951,78102,43245,115799,92011,207995,213358,13916,8553,8047,1454,1947,798,5318,5173,7570,7918,477,129,13642.0,-515.0,6551.0,992.0,10687.0,4883.0,11164.0,12426.0,2478.0,1216.0,100,21.0,33.9,20.0,52.7,42.3,93.7,96.2,6.3,3.8,100,22.1,35.2,19.5,52.2,41.5,93.7,96.1,6.3,3.9,100,18.1,24.2,9.9,66.1,64.3,94.1,98.4,5.9,1.6,450,146,127,108,140,107,349,299,450,150,129,105,140,105,347,296,109,16,20,7,55,35,75,58,14.3,13.0,23.6,23.4,9.6,11.6,15.3,18.5,14.3,13.3,23.5,23.9,9.7,12.1,15.4,19.3,40.0,33.2,52.3,54.1,25.2,30.4,34.4,45.8,"(CONTRACTS OF 37,500 POUNDS)"
raw_cot_data/legacy_futures_only/dea_fut_xls_2017/annual.xls,legacy_futures_only,dea_fut_xls_2017,COFFEE C - ICE FUTURES U.S.,171010,2017-10-10,083731,ICUS,1,83,216316,48907,71485,45064,110430,92301,204401,208850,11915,7466,208280,49615,71678,41930,105262,87338,196807,200946,11473,7334,8036,1695,2210,731,5168,4963,7594,7904,442,132,7725.0,100.0,1524.0,4481.0,3388.0,1679.0,7969.0,7684.0,-244.0,41.0,100,22.6,33.0,20.8,51.1,42.7,94.5,96.5,5.5,3.5,100,23.8,34.4,20.1,50.5,41.9,94.5,96.5,5.5,3.5,100,21.1,27.5,9.1,64.3,61.8,94.5,98.4,5.5,1.6,443,140,123,103,141,113,340,299,443,145,122,100,141,111,338,296,114,16,22,7,57,34,77,59,14.8,13.5,24.2,24.1,10.3,11.9,16.4,19.3,14.8,13.9,24.5,24.7,10.3,12.5,16.6,20.2,40.8,31.5,53.1,50.8,29.4,31.0,39.3,47.4,"(CONTRACTS OF 37,500 POUNDS)"
raw_cot_data/legacy_futures_only/dea_fut_xls_2017/annual.xls,legacy_futures_only,dea_fut_xls_2017,COFFEE C - ICE FUTURES U.S.,171003,2017-10-03,083731,ICUS,1,83,208591,48807,69961,40583,107042,90622,196432,201166,12159,7425,200641,49571,70294,37424,101912,85694,188907,193412,11734,7229,7950,1669,2100,726,5130,4928,7525,7754,425,196,18663.0,1363.0,12682.0,8404.0,6501.0,-2373.0,16268.0,18713.0,2395.0,-50.0,100,23.4,33.5,19.5,51.3,43.4,94.2,96.4,5.8,3.6,100,24.7,35.0,18.7,50.8,42.7,94.2,96.4,5.8,3.6,100,21.0,26.4,9.1,64.5,62.0,94.7,97.5,5.3,2.5,435,131,129,97,139,113,325,301,435,134,129,94,138,109,322,296,113,16,20,8,57,36,78,59,14.5,13.6,24.5,24.2,10.9,12.2,17.1,19.8,14.5,14.0,24.6,24.8,10.9,12.8,17.3,20.7,41.7,31.7,53.8,50.2,30.8,31.1,40.5,46.9,"(CONTRACTS OF 37,500 POUNDS)"
raw_cot_data/legacy_futures_only/dea_fut_xls_2017/annual.xls,legacy_futures_only,dea_fut_xls_2017,COFFEE C - ICE FUTURES U.S.,170926,2017-09-26,083731,ICUS,1,83,189928,47444,57279,32179,100541,92995,180164,182453,9764,7475,182294,47825,57566,29535,95617,87915,172977,175016,9317,7278,7634,1478,1572,785,4924,5080,7187,7437,447,197,87.0,3309.0,2647.0,-5550.0,1725.0,2659.0,-516.0,-244.0,603.0,331.0,100,25.0,30.2,16.9,52.9,49.0,94.9,96.1,5.1,3.9,100,26.2,31.6,16.2,52.5,48.2,94.9,96.0,5.1,4.0,100,19.4,20.6,10.3,64.5,66.5,94.1,97.4,5.9,2.6,417,122,116,103,138,114,319,293,417,124,119,100,138,112,317,290,109,14,19,7,57,37,75,59,14.6,15.0,24.6,24.8,11.2,12.6,18.1,20.7,14.5,15.3,24.4,25.3,11.7,13.2,18.9,21.7,44.9,32.9,56.7,51.3,33.7,31.9,42.7,46.1,"(CONTRACTS OF 37,500 POUNDS)"
raw_cot_data/legacy_futures_only/dea_fut_xls_2017/annual.xls,legacy_futures_only,dea_fut_xls_2017,COFFEE C - ICE FUTURES U.S.,170919,2017-09-19,083731,ICUS,1,83,189841,44135,54632,37729,98816,90336,180680,182697,9161,7144,182565,44237,54764,35577,94020,85296,173834,175637,8731,6928,7276,1383,1353,667,4796,5040,6846,7060,430,216,-16148.0,-3936.0,-15370.0,-3012.0,-7502.0,2219.0,-14450.0,-16163.0,-1698.0,15.0,100,23.2,28.8,19.9,52.1,47.6,95.2,96.2,4.8,3.8,100,24.2,30.0,19.5,51.5,46.7,95.2,96.2,4.8,3.8,100,19.0,18.6,9.2,65.9,69.3,94.1,97.0,5.9,3.0,407,122,115,106,134,114,315,290,407,124,115,103,134,111,312,287,109,15,18,6,58,37,76,58,13.9,15.4,25.1,25.5,11.2,12.8,18.1,20.5,13.9,15.8,24.9,26.1,11.6,13.4,18.9,21.4,45.6,34.4,57.9,52.8,34.2,33.4,43.3,46.8,"(CONTRACTS OF 37,500 POUNDS)"
raw_cot_data/legacy_futures_only/dea_fut_xls_2017/annual.xls,legacy_futures_only,dea_fut_xls_2017,COFFEE C - ICE FUTURES U.S.,170912,2017-09-12,083731,ICUS,1,83,205989,48071,70002,40741,106318,88117,195130,198860,10859,7129,199132,48530,70123,38594,101506,83396,188630,192113,10502,7019,6857,1027,1365,661,4812,4721,6500,6747,357,110,-657.0,672.0,492.0,4652.0,-5204.0,-4583.0,120.0,561.0,-777.0,-1218.0,100,23.3,34.0,19.8,51.6,42.8,94.7,96.5,5.3,3.5,100,24.4,35.2,19.4,51.0,41.9,94.7,96.5,5.3,3.5,100,15.0,19.9,9.6,70.2,68.8,94.8,98.4,5.2,1.6,425,134,121,101,133,110,321,293,425,138,120,97,132,106,317,288,108,13,17,7,59,37,76,57,14.8,15.3,25.6,25.7,10.6,13.0,17.2,21.4,14.4,15.7,25.4,26.5,10.8,13.6,17.4,22.2,44.5,35.3,58.6,54.6,33.9,33.4,44.7,47.6,"(CONTRACTS OF 37,500 POUNDS)"
raw_cot_data/legacy_futures_only/dea_fut_xls_2017/annual.xls,legacy_futures_only,dea_fut_xls_2017,COFFEE C - ICE FUTURES U.S.,170905,2017-09-05,083731,ICUS,1,83,206646,47399,69510,36089,111522,92700,195010,198299,11636,8347,199800,47644,69588,34191,106665,87812,188500,191591,11300,8209,6846,1010,1177,643,4857,4888,6510,6708,336,138,12599.0,4423.0,8800.0,3717.0,3219.0,-798.0,11359.0,11719.0,1240.0,880.0,100,22.9,33.6,17.5,54.0,44.9,94.4,96.0,5.6,4.0,100,23.8,34.8,17.1,53.4,43.9,94.3,95.9,5.7,4.1,100,14.8,17.2,9.4,70.9,71.4,95.1,98.0,4.9,2.0,422,141,116,101,134,103,325,285,422,142,118,98,134,101,323,282,104,13,15,7,58,37,75,55,15.3,16.4,25.7,28.0,11.0,12.9,17.3,21.0,14.8,16.9,25.4,28.7,11.0,13.4,17.5,21.9,44.6,35.9,58.6,55.5,34.2,34.8,45.0,48.2,"(CONTRACTS OF 37,500 POUNDS)"
raw_cot_data/legacy_futures_only/dea_fut_xls_2017/annual.xls,legacy_futures_only,dea_fut_xls_2017,COFFEE C - ICE FUTURES U.S.,170829,2017-08-29,083731,ICUS,1,83,194047,42976,60710,32372,108303,93498,183651,186580,10396,7467,424,0,0,0,424,382,424,382,0,42,193623,42976,60710,32372,107879,93116,183227,186198,10396,7425,8688.0,607.0,8525.0,3305.0,4025.0,-3134.0,7937.0,8696.0,751.0,-8.0,100,22.1,31.3,16.7,55.8,48.2,94.6,96.2,5.4,3.8,100,0.0,0.0,0.0,100.0,90.1,100.0,90.1,0.0,9.9,100,22.2,31.4,16.7,55.7,48.1,94.6,96.2,5.4,3.8,402,124,114,99,132,102,310,275,11,0,0,0,1,10,1,10,401,124,114,99,131,102,309,275,15.3,18.1,26.5,30.1,10.5,13.2,17.1,21.2,100.0,84.9,100.0,89.4,100.0,84.9,100.0,89.4,15.3,18.1,26.6,30.0,10.6,13.3,17.3,21.3,"(CONTRACTS OF 37,500 POUNDS)"
raw_cot_data/legacy_futures_only/dea_fut_xls_2017/annual.xls,legacy_futures_only,dea_fut_xls_2017,COFFEE C - ICE FUTURES U.S.,170822,2017-08-22,083731,ICUS,1,83,185359,42369,52185,29067,104278,96632,175714,177884,9645,7475,2013,1,152,0,2007,1672,2008,1824,5,189,183346,42518,52183,28917,102271,94960,173706,176060,9640,7286,-6203.0,-2002.0,11998.0,-5264.0,112.0,-12356.0,-7154.0,-5622.0,951.0,-581.0,100,22.9,28.2,15.7,56.3,52.1,94.8,96.0,5.2,4.0,100,0.0,7.6,0.0,99.7,83.1,99.8,90.6,0.2,9.4,100,23.2,28.5,15.8,55.8,51.8,94.7,96.0,5.3,4.0,402,121,117,97,133,105,307,279,29,1,2,0,2,24,3,26,401,120,117,97,132,101,306,275,15.2,18.4,26.0,28.8,10.7,14.2,17.5,22.1,99.8,77.8,99.8,85.3,99.8,77.8,99.8,85.3,15.3,18.2,26.3,28.6,10.8,14.4,17.9,22.3,"(CONTRACTS OF 37,500 POUNDS)"
raw_cot_data/legacy_futures_only/dea_fut_xls_2017/annual.xls,legacy_futures_only,dea_fut_xls_2017,COFFEE C - ICE FUTURES U.S.,170815,2017-08-15,083731,ICUS,1,83,191562,44371,40187,34331,104166,108988,182868,183506,8694,8056,26727,9071,6887,112,15309,18143,24492,25142,2235,1585,164835,42625,40625,26894,88857,90845,158376,158364,6459,6471,-13773.0,-2259.0,-6617.0,-2791.0,-7997.0,-4521.0,-13047.0,-13929.0,-726.0,156.0,100,23.2,21.0,17.9,54.4,56.9,95.5,95.8,4.5,4.2,100,33.9,25.8,0.4,57.3,67.9,91.6,94.1,8.4,5.9,100,25.9,24.6,16.3,53.9,55.1,96.1,96.1,3.9,3.9,392,114,106,114,139,116,320,290,209,41,48,4,59,70,102,120,380,118,104,93,129,97,291,260,15.3,20.4,26.5,29.9,10.6,12.3,16.9,19.9,38.7,34.3,50.3,46.4,38.7,34.3,50.3,46.4,17.1,20.2,28.0,30.7,11.8,16.9,19.7,24.3,"(CONTRACTS OF 37,500 POUNDS)"
raw_cot_data/legacy_futures_only/dea_fut_xls_2017/annual.xls,legacy_futures_only,dea_fut_xls_2017,COFFEE C - ICE FUTURES U.S.,170808,2017-08-08,083731,ICUS,1,83,205335,46630,46804,37122,112163,113509,195915,197435,9420,7900,66886,32727,32230,2318,27618,28659,62663,63207,4223,3679,138449,32250,32921,16457,84545,84850,133252,134228,5197,4221,-8626.0,-1324.0,-7862.0,-4552.0,-2736.0,4589.0,-8612.0,-7825.0,-14.0,-801.0,100,22.7,22.8,18.1,54.6,55.3,95.4,96.2,4.6,3.8,100,48.9,48.2,3.5,41.3,42.8,93.7,94.5,6.3,5.5,100,23.3,23.8,11.9,61.1,61.3,96.2,97.0,3.8,3.0,401,115,108,117,140,128,324,302,341,103,90,17,70,90,180,190,337,96,83,76,124,100,256,228,16.1,19.5,26.0,28.5,9.9,10.8,16.1,18.0,25.0,20.9,35.5,33.0,24.9,19.9,34.6,32.0,20.5,22.9,30.9,35.4,13.1,18.9,21.0,28.3,"(CONTRACTS OF 37,500 POUNDS)"
raw_cot_data/legacy_futures_only/dea_fut_xls_2017/annual.xls,legacy_futures_only,dea_fut_xls_2017,COFFEE C - ICE FUTURES U.S.,170801,2017-08-01,083731,ICUS,1,83,213961,47954,54666,41674,114899,108920,204527,205260,9434,8701,88351,45834,49003,3074,34878,30952,83786,83029,4565,5322,125610,28566,32109,12154,80021,77968,120741,122231,4869,3379,-10533.0,-1261.0,-8483.0,-7028.0,-2407.0,4083.0,-10696.0,-11428.0,163.0,895.0,100,22.4,25.5,19.5,53.7,50.9,95.6,95.9,4.4,4.1,100,51.9,55.5,3.5,39.5,35.0,94.8,94.0,5.2,6.0,100,22.7,25.6,9.7,63.7,62.1,96.1,97.3,3.9,2.7,409,114,117,116,142,125,326,305,373,120,100,20,79,88,204,203,318,86,76,60,128,93,246,202,14.3,17.0,24.2,26.0,9.4,10.4,15.5,17.6,22.1,19.5,32.8,32.8,22.1,19.2,31.4,32.4,20.4,24.9,31.8,38.3,14.7,20.6,23.3,30.0,"(CONTRACTS OF 37,500 POUNDS)"
raw_cot_data/legacy_futures_only/dea_fut_xls_2017/annual.xls,legacy_futures_only,dea_fut_xls_2017,COFFEE C - ICE FUTURES U.S.,170725,2017-07-25,083731,ICUS,1,83,224494,49215,63149,48702,117306,104837,215223,216688,9271,7806,103022,55995,62240,4367,37825,30938,98187,97545,4835,5477,121472,26300,33989,11255,79481,73899,117036,119143,4436,2329,1321.0,-3359.0,-8396.0,3701.0,1320.0,5912.0,1662.0,1217.0,-341.0,104.0,100,21.9,28.1,21.7,52.3,46.7,95.9,96.5,4.1,3.5,100,54.4,60.4,4.2,36.7,30.0,95.3,94.7,4.7,5.3,100,21.7,28.0,9.3,65.4,60.8,96.3,98.1,3.7,1.9,431,119,129,119,145,119,337,315,400,126,119,23,90,81,226,213,314,84,78,53,129,87,243,191,14.3,16.0,24.1,25.0,8.9,9.9,14.6,17.2,20.4,18.8,31.5,33.9,20.4,18.5,30.7,33.6,21.5,25.8,32.7,38.8,15.5,20.8,23.7,29.9,"(CONTRACTS OF 37,500 POUNDS)"
raw_cot_data/legacy_futures_only/dea_fut_xls_2017/annual.xls,legacy_futures_only,dea_fut_xls_2017,COFFEE C - ICE FUTURES U.S.,170718,2017-07-18,083731,ICUS,1,83,223173,52574,71545,45001,115986,98925,213561,215471,9612,7702,109040,57532,68959,4253,41587,30339,103372,103551,5668,5489,114133,26257,33801,9533,74399,68586,110189,111920,3944,2213,-3930.0,260.0,-9943.0,-2518.0,-1911.0,8773.0,-4169.0,-3688.0,239.0,-242.0,100,23.6,32.1,20.2,52.0,44.3,95.7,96.5,4.3,3.5,100,52.8,63.2,3.9,38.1,27.8,94.8,95.0,5.2,5.0,100,23.0,29.6,8.4,65.2,60.1,96.5,98.1,3.5,1.9,433,133,120,112,146,119,344,303,406,142,106,22,93,85,243,205,309,79,79,51,128,86,240,186,14.2,16.0,24.4,26.7,9.1,10.6,15.0,18.8,19.1,20.4,31.1,36.6,19.1,20.2,30.4,36.1,21.8,28.0,31.4,39.9,16.0,22.9,23.6,32.6,"(CONTRACTS OF 37,500 POUNDS)"
raw_cot_data/legacy_futures_only/dea_fut_xls_2017/annual.xls,legacy_futures_only,dea_fut_xls_2017,COFFEE C - ICE FUTURES U.S.,170711,2017-07-11,083731,ICUS,1,83,227103,52314,81488,47519,117897,90152,217730,219159,9373,7944,117733,60046,75806,6656,45591,29230,112293,111692,5440,6041,109370,23590,37004,9541,72306,60922,105437,107467,3933,1903,2369.0,-4665.0,-3374.0,4269.0,4497.0,2099.0,4101.0,2994.0,-1732.0,-625.0,100,23.0,35.9,20.9,51.9,39.7,95.9,96.5,4.1,3.5,100,51.0,64.4,5.7,38.7,24.8,95.4,94.9,4.6,5.1,100,21.6,33.8,8.7,66.1,55.7,96.4,98.3,3.6,1.7,446,123,137,109,149,115,337,317,421,138,122,21,104,78,249,214,311,78,81,50,130,79,240,182,14.2,13.8,23.3,24.2,9.1,11.0,15.4,19.3,17.6,20.2,27.5,36.3,17.5,18.8,27.1,34.1,21.4,24.8,30.0,36.6,14.8,19.3,22.0,27.9,"(CONTRACTS OF 37,500 POUNDS)"
raw_cot_data/legacy_futures_only/dea_fut_xls_2017/annual.xls,legacy_futures_only,dea_fut_xls_2017,COFFEE C - ICE FUTURES U.S.,170703,2017-07-03,083731,ICUS,1,83,224734,56979,84862,43250,113400,88053,213629,216165,11105,8569,122558,60133,78943,7319,47928,30072,115380,116334,7178,6224,102176,24908,33981,7869,65472,57981,98249,99831,3927,2345,2761.0,1724.0,-1237.0,-118.0,1420.0,3639.0,3026.0,2284.0,-265.0,477.0,100,25.4,37.8,19.2,50.5,39.2,95.1,96.2,4.9,3.8,100,49.1,64.4,6.0,39.1,24.5,94.1,94.9,5.9,5.1,100,24.4,33.3,7.7,64.1,56.7,96.2,97.7,3.8,2.3,435,131,122,105,148,115,336,301,413,137,114,21,104,78,247,207,302,77,72,48,128,76,230,176,14.1,13.9,22.6,25.1,9.1,11.9,15.3,20.6,17.1,20.9,27.5,36.9,17.0,19.8,26.6,34.0,21.5,24.9,29.9,37.0,14.7,18.5,21.8,27.7,"(CONTRACTS OF 37,500 POUNDS)"
raw_cot_data/legacy_futures_only/dea_fut_xls_2017/annual.xls,legacy_futures_only,dea_fut_xls_2017,COFFEE C - ICE FUTURES U.S.,170627,2017-06-27,083731,ICUS,1,83,221973,55255,86099,43368,111980,84414,210603,213881,11370,8092,122351,59327,80168,7253,48085,28891,114665,116312,7686,6039,99622,23923,33926,8120,63895,55523,95938,97569,3684,2053,7126.0,-1438.0,4376.0,4918.0,4860.0,-1137.0,8340.0,8157.0,-1214.0,-1031.0,100,24.9,38.8,19.5,50.4,38.0,94.9,96.4,5.1,3.6,100,48.5,65.5,5.9,39.3,23.6,93.7,95.1,6.3,4.9,100,24.0,34.1,8.2,64.1,55.7,96.3,97.9,3.7,2.1,441,125,134,108,148,113,333,311,421,138,121,21,103,80,246,217,297,75,72,46,126,75,223,176,14.0,13.6,22.7,25.6,9.1,11.8,15.1,20.2,17.2,21.0,27.1,36.2,17.0,19.4,25.4,33.2,21.0,26.4,29.7,38.6,13.2,18.8,20.5,28.4,"(CONTRACTS OF 37,500 POUNDS)"
raw_cot_data/legacy_futures_only/dea_fut_xls_2017/annual.xls,legacy_futures_only,dea_fut_xls_2017,COFFEE C - ICE FUTURES U.S.,170620,2017-06-20,083731,ICUS,1,83,214847,56693,81723,38450,107120,85551,202263,205724,12584,9123,125121,60405,74880,6872,48405,36249,115682,118001,9439,7120,89726,20300,30855,7566,58715,49302,86581,87723,3145,2003,-7891.0,2489.0,7251.0,-764.0,-9461.0,-14556.0,-7736.0,-8069.0,-155.0,178.0,100,26.4,38.0,17.9,49.9,39.8,94.1,95.8,5.9,4.2,100,48.3,59.8,5.5,38.7,29.0,92.5,94.3,7.5,5.7,100,22.6,34.4,8.4,65.4,54.9,96.5,97.8,3.5,2.2,442,131,129,107,147,115,331,315,430,138,127,32,120,88,269,237,283,72,65,42,125,77,218,167,12.5,13.6,21.1,25.3,9.1,11.4,15.0,19.6,16.4,20.5,25.4,34.1,16.2,18.5,23.7,30.2,21.5,25.3,30.5,37.1,12.6,19.6,19.1,28.2,"(CONTRACTS OF 37,500 POUNDS)"
raw_cot_data/legacy_futures_only/dea_fut_xls_2017/annual.xls,legacy_futures_only,dea_fut_xls_2017,COFFEE C - ICE FUTURES U.S.,170613,2017-06-13,083731,ICUS,1,83,222738,54204,74472,39214,116581,100107,209999,213793,12739,8945,142495,50276,70301,16992,65423,48039,132691,135332,9804,7163,80243,19560,19803,6590,51158,52068,77308,78461,2935,1782,-1559.0,-2294.0,4800.0,-4050.0,3924.0,-2309.0,-2420.0,-1559.0,861.0,0.0,100,24.3,33.4,17.6,52.3,44.9,94.3,96.0,5.7,4.0,100,35.3,49.3,11.9,45.9,33.7,93.1,95.0,6.9,5.0,100,24.4,24.7,8.2,63.8,64.9,96.3,97.8,3.7,2.2,430,135,121,110,142,117,330,310,419,137,120,60,121,99,282,259,271,71,59,37,118,76,209,156,13.7,13.7,21.6,24.7,8.9,10.9,14.7,19.1,14.9,17.7,24.9,29.5,13.2,16.4,21.1,27.4,18.7,26.1,28.4,39.3,14.3,19.9,20.9,30.0,"(CONTRACTS OF 37,500 POUNDS)"
raw_cot_data/legacy_futures_only/dea_fut_xls_2017/annual.xls,legacy_futures_only,dea_fut_xls_2017,COFFEE C - ICE FUTURES U.S.,170606,2017-06-06,083731,ICUS,1,83,224297,56498,69672,43264,112657,102416,212419,215352,11878,8945,149944,56075,66732,23020,61472,52691,140567,142443,9377,7501,74353,15262,17779,5405,51185,49725,71852,72909,2501,1444,9019.0,1672.0,7966.0,5346.0,707.0,-4792.0,7725.0,8520.0,1294.0,499.0,100,25.2,31.1,19.3,50.2,45.7,94.7,96.0,5.3,4.0,100,37.4,44.5,15.4,41.0,35.1,93.7,95.0,6.3,5.0,100,20.5,23.9,7.3,68.8,66.9,96.6,98.1,3.4,1.9,435,127,136,118,140,116,326,325,426,126,139,81,121,96,284,283,255,58,58,37,118,76,204,148,12.3,12.4,21.0,23.0,8.7,10.4,15.6,18.7,14.1,16.2,25.0,28.2,12.6,15.0,21.3,25.7,19.4,25.6,31.2,38.9,16.4,19.0,23.7,30.6,"(CONTRACTS OF 37,500 POUNDS)"
raw_cot_data/legacy_futures_only/dea_fut_xls_2017/annual.xls,legacy_futures_only,dea_fut_xls_2017,COFFEE C - ICE FUTURES U.S.,170530,2017-05-30,083731,ICUS,1,83,215278,54826,61706,37918,111950,107208,204694,206832,10584,8446,145780,53767,61630,19683,64167,57566,137617,138879,8163,6901,69498,14296,13313,4998,47783,49642,67077,67953,2421,1545,2176.0,1202.0,3137.0,268.0,1527.0,-710.0,2997.0,2695.0,-821.0,-519.0,100,25.5,28.7,17.6,52.0,49.8,95.1,96.1,4.9,3.9,100,36.9,42.3,13.5,44.0,39.5,94.4,95.3,5.6,4.7,100,20.6,19.2,7.2,68.8,71.4,96.5,97.8,3.5,2.2,428,131,119,113,142,119,332,310,418,128,127,77,121,99,287,269,246,62,47,34,116,77,200,140,12.8,13.9,21.8,24.4,9.2,11.3,15.8,19.6,13.8,15.9,25.0,27.6,13.1,15.6,21.2,26.0,21.6,27.0,34.3,40.5,17.4,20.3,25.4,31.9,"(CONTRACTS OF 37,500 POUNDS)"
raw_cot_data/legacy_futures_only/dea_fut_xls_2017/annual.xls,legacy_futures_only,dea_fut_xls_2017,COFFEE C - ICE FUTURES U.S.,170523,2017-05-23,083731,ICUS,1,83,213102,53624,58569,37650,110423,107918,201697,204137,11405,8965,145460,52260,58727,20173,64228,58956,136661,137856,8799,7604,67642,14185,12663,4656,46195,48962,65036,66281,2606,1361,1525.0,1046.0,3778.0,-1554.0,1129.0,-435.0,621.0,1789.0,904.0,-264.0,100,25.2,27.5,17.7,51.8,50.6,94.6,95.8,5.4,4.2,100,35.9,40.4,13.9,44.2,40.5,94.0,94.8,6.0,5.2,100,21.0,18.7,6.9,68.3,72.4,96.1,98.0,3.9,2.0,412,122,118,107,139,119,319,302,402,120,124,67,121,102,275,262,238,60,45,32,111,76,190,138,12.6,14.1,21.6,24.8,9.2,11.5,15.8,20.3,14.1,16.1,25.4,28.8,13.2,16.0,21.8,26.4,21.8,26.7,35.7,40.4,17.8,19.4,26.8,31.6,"(CONTRACTS OF 37,500 POUNDS)"
raw_cot_data/legacy_futures_only/dea_fut_xls_2017/annual.xls,legacy_futures_only,dea_fut_xls_2017,COFFEE C - ICE FUTURES U.S.,170516,2017-05-16,083731,ICUS,1,83,211577,52578,54791,39204,109294,108353,201076,202348,10501,9229,146173,49285,56433,21287,67246,60326,137818,138046,8355,8127,65404,14898,9963,6312,42048,48027,63258,64302,2146,1102,3754.0,-503.0,602.0,3823.0,-152.0,-881.0,3168.0,3544.0,586.0,210.0,100,24.9,25.9,18.5,51.7,51.2,95.0,95.6,5.0,4.4,100,33.7,38.6,14.6,46.0,41.3,94.3,94.4,5.7,5.6,100,22.8,15.2,9.7,64.3,73.4,96.7,98.3,3.3,1.7,409,117,121,105,141,117,321,294,401,118,125,71,131,96,289,254,234,61,41,32,110,73,189,131,12.6,14.0,21.9,24.9,9.2,11.5,15.9,20.1,14.1,16.2,24.7,28.8,12.9,15.9,21.3,26.2,22.0,27.0,36.2,40.8,17.6,20.0,25.9,32.7,"(CONTRACTS OF 37,500 POUNDS)"
raw_cot_data/legacy_futures_only/dea_fut_xls_2017/annual.xls,legacy_futures_only,dea_fut_xls_2017,COFFEE C - ICE FUTURES U.S.,170509,2017-05-09,083731,ICUS,1,83,207823,53081,54189,35381,109446,109234,197908,198804,9915,9019,145151,49460,55878,19090,68611,62143,137161,137111,7990,8040,62672,14281,8971,5631,40835,47091,60747,61693,1925,979,1099.0,1593.0,-518.0,1802.0,-1844.0,-76.0,1551.0,1208.0,-452.0,-109.0,100,25.5,26.1,17.0,52.7,52.6,95.2,95.7,4.8,4.3,100,34.1,38.5,13.2,47.3,42.8,94.5,94.5,5.5,5.5,100,22.8,14.3,9.0,65.2,75.1,96.9,98.4,3.1,1.6,410,115,119,101,143,114,320,290,401,121,119,66,134,97,288,253,228,56,43,32,107,72,181,132,13.0,14.3,22.2,24.9,9.3,11.6,16.3,19.6,15.4,16.4,25.8,27.5,12.7,15.4,20.5,24.0,20.8,28.6,33.4,42.6,18.3,22.0,26.5,35.2,"(CONTRACTS OF 37,500 POUNDS)"
raw_cot_data/legacy_futures_only/dea_fut_xls_2017/annual.xls,legacy_futures_only,dea_fut_xls_2017,COFFEE C - ICE FUTURES U.S.,170502,2017-05-02,083731,ICUS,1,83,206724,51488,54707,33579,111290,109310,196357,197596,10367,9128,148054,49861,56216,18998,70719,64617,139578,139831,8476,8223,58670,11806,8670,4402,40571,44693,56779,57765,1891,905,6233.0,-1276.0,3057.0,2803.0,4684.0,74.0,6211.0,5934.0,22.0,299.0,100,24.9,26.5,16.2,53.8,52.9,95.0,95.6,5.0,4.4,100,33.7,38.0,12.8,47.8,43.6,94.3,94.4,5.7,5.6,100,20.1,14.8,7.5,69.2,76.2,96.8,98.5,3.2,1.5,414,117,120,92,143,117,313,292,405,125,116,65,134,101,286,259,218,49,41,31,102,73,171,129,13.4,13.3,22.8,23.5,9.3,11.7,16.4,19.2,15.5,15.1,26.1,25.5,12.1,14.3,19.5,22.7,23.4,29.9,37.7,44.4,22.2,23.8,33.6,38.0,"(CONTRACTS OF 37,500 POUNDS)"
raw_cot_data/legacy_futures_only/dea_fut_xls_2017/annual.xls,legacy_futures_only,dea_fut_xls_2017,COFFEE C - ICE FUTURES U.S.,170425,2017-04-25,083731,ICUS,1,83,200491,52764,51650,30776,106606,109236,190146,191662,10345,8829,145070,51716,54172,15856,69076,67145,136648,137173,8422,7897,55421,11992,8422,3976,37530,42091,53498,54489,1923,932,8139.0,-10419.0,6361.0,7172.0,11081.0,-6335.0,7834.0,7198.0,305.0,941.0,100,26.3,25.8,15.4,53.2,54.5,94.8,95.6,5.2,4.4,100,35.6,37.3,10.9,47.6,46.3,94.2,94.6,5.8,5.4,100,21.6,15.2,7.2,67.7,75.9,96.5,98.3,3.5,1.7,406,116,123,89,136,109,307,279,399,120,124,62,125,98,280,252,207,53,35,28,97,67,165,116,12.7,13.7,22.3,24.2,9.4,12.7,16.4,20.3,14.3,15.5,25.1,24.6,12.0,14.5,19.3,22.8,24.3,29.1,39.2,44.8,23.5,23.1,35.1,38.2,"(CONTRACTS OF 37,500 POUNDS)"
raw_cot_data/legacy_futures_only/dea_fut_xls_2017/annual.xls,legacy_futures_only,dea_fut_xls_2017,COFFEE C - ICE FUTURES U.S.,170418,2017-04-18,083731,ICUS,1,83,192352,63183,45289,23604,95525,115571,182312,184464,10040,7888,147281,60220,47268,11635,67242,81696,139097,140599,8184,6682,45071,11155,6213,3777,28283,33875,43215,43865,1856,1206,-11997.0,-513.0,-3223.0,-6016.0,-5001.0,-2884.0,-11530.0,-12123.0,-467.0,126.0,100,32.8,23.5,12.3,49.7,60.1,94.8,95.9,5.2,4.1,100,40.9,32.1,7.9,45.7,55.5,94.4,95.5,5.6,4.5,100,24.7,13.8,8.4,62.8,75.2,95.9,97.3,4.1,2.7,391,132,95,96,127,110,311,262,387,139,93,71,121,101,292,237,200,47,36,26,92,70,157,117,11.8,14.9,21.4,26.9,9.8,13.3,17.8,22.5,13.1,16.6,24.6,27.7,12.3,14.7,22.0,24.0,24.4,24.3,39.5,40.7,23.4,21.4,32.0,35.9,"(CONTRACTS OF 37,500 POUNDS)"
raw_cot_data/legacy_futures_only/dea_fut_xls_2017/annual.xls,legacy_futures_only,dea_fut_xls_2017,COFFEE C - ICE FUTURES U.S.,170411,2017-04-11,083731,ICUS,1,83,204349,63696,48512,29620,100526,118455,193842,196587,10507,7762,162909,61777,50451,16873,75252,88633,153902,155957,9007,6952,41440,10843,6985,3823,25274,29822,39940,40630,1500,810,5696.0,1473.0,640.0,1912.0,2677.0,3360.0,6062.0,5912.0,-366.0,-216.0,100,31.2,23.7,14.5,49.2,58.0,94.9,96.2,5.1,3.8,100,37.9,31.0,10.4,46.2,54.4,94.5,95.7,5.5,4.3,100,26.2,16.9,9.2,61.0,72.0,96.4,98.0,3.6,2.0,408,128,109,104,133,117,319,288,403,133,109,83,125,109,300,265,197,47,32,27,94,67,159,112,13.1,15.2,22.3,25.8,9.5,12.4,17.0,20.8,14.6,17.1,25.1,26.3,11.8,13.6,20.7,21.8,25.2,25.0,39.7,42.1,23.8,22.3,32.8,37.3,"(CONTRACTS OF 37,500 POUNDS)"
raw_cot_data/legacy_futures_only/dea_fut_xls_2017/annual.xls,legacy_futures_only,dea_fut_xls_2017,COFFEE C - ICE FUTURES U.S.,170404,2017-04-04,083731,ICUS,1,83,198653,62223,47872,27708,97849,115095,187780,190675,10873,7978,162906,60574,49573,17041,75813,89120,153428,155734,9478,7172,35747,9134,5784,3182,22036,25975,34352,34941,1395,806,7587.0,2008.0,2348.0,1535.0,3811.0,3981.0,7354.0,7864.0,233.0,-277.0,100,31.3,24.1,13.9,49.3,57.9,94.5,96.0,5.5,4.0,100,37.2,30.4,10.5,46.5,54.7,94.2,95.6,5.8,4.4,100,25.6,16.2,8.9,61.6,72.7,96.1,97.7,3.9,2.3,424,132,116,107,140,115,332,296,420,137,118,90,130,110,312,280,197,46,34,27,94,66,157,113,13.1,14.7,22.5,25.6,9.7,13.2,17.6,21.7,14.5,15.7,25.3,25.8,12.0,13.7,21.3,22.8,26.5,27.7,40.5,43.4,24.5,25.0,33.2,38.2,"(CONTRACTS OF 37,500 POUNDS)"
raw_cot_data/legacy_futures_only/dea_fut_xls_2017/annual.xls,legacy_futures_only,dea_fut_xls_2017,COFFEE C - ICE FUTURES U.S.,170328,2017-03-28,083731,ICUS,1,83,191066,60215,45524,26173,94038,111114,180426,182811,10640,8255,160456,58906,46691,17580,74739,88763,151225,153034,9231,7422,30610,7624,5148,2278,19299,22351,29201,29777,1409,833,3377.0,-1227.0,8027.0,499.0,3846.0,-5556.0,3118.0,2970.0,259.0,407.0,100,31.5,23.8,13.7,49.2,58.2,94.4,95.7,5.6,4.3,100,36.7,29.1,11.0,46.6,55.3,94.2,95.4,5.8,4.6,100,24.9,16.8,7.4,63.0,73.0,95.4,97.3,4.6,2.7,417,126,118,109,138,109,327,291,413,131,117,94,129,103,309,275,186,37,34,25,95,65,147,111,12.7,15.6,22.7,26.5,10.2,13.9,18.7,22.6,14.3,15.9,25.8,26.3,12.1,14.1,21.5,23.4,27.0,27.9,40.2,44.4,24.9,27.9,34.0,39.5,"(CONTRACTS OF 37,500 POUNDS)"
raw_cot_data/legacy_futures_only/dea_fut_xls_2017/annual.xls,legacy_futures_only,dea_fut_xls_2017,COFFEE C - ICE FUTURES U.S.,170321,2017-03-21,083731,ICUS,1,83,187689,61442,37497,25674,90192,116670,177308,179841,10381,7848,158225,60462,39168,16952,71692,95047,149106,151167,9119,7058,29464,7736,5085,1966,18500,21623,28202,28674,1262,790,3906.0,1592.0,40.0,1502.0,538.0,2199.0,3632.0,3741.0,274.0,165.0,100,32.7,20.0,13.7,48.1,62.2,94.5,95.8,5.5,4.2,100,38.2,24.8,10.7,45.3,60.1,94.2,95.5,5.8,4.5,100,26.3,17.3,6.7,62.8,73.4,95.7,97.3,4.3,2.7,411,143,90,112,134,112,346,267,408,148,92,99,126,106,329,254,179,38,30,24,87,67,140,108,12.7,16.2,22.5,27.4,10.4,14.7,18.7,24.0,13.4,16.3,24.7,27.6,11.8,14.8,21.6,24.8,28.4,27.4,43.2,41.9,25.4,27.3,35.0,40.7,"(CONTRACTS OF 37,500 POUNDS)"
raw_cot_data/legacy_futures_only/dea_fut_xls_2017/annual.xls,legacy_futures_only,dea_fut_xls_2017,COFFEE C - ICE FUTURES U.S.,170314,2017-03-14,083731,ICUS,1,83,183783,59850,37457,24172,89654,114471,173676,176100,10107,7683,155192,59188,39524,15264,71847,93535,146299,148323,8893,6869,28591,7684,4955,1886,17807,20936,27377,27777,1214,814,8613.0,1360.0,4049.0,3494.0,3099.0,770.0,7953.0,8313.0,660.0,300.0,100,32.6,20.4,13.2,48.8,62.3,94.5,95.8,5.5,4.2,100,38.1,25.5,9.8,46.3,60.3,94.3,95.6,5.7,4.4,100,26.9,17.3,6.6,62.3,73.2,95.8,97.2,4.2,2.8,408,137,98,103,136,113,335,269,405,142,99,92,130,106,320,257,179,37,29,20,87,66,136,105,12.3,16.5,22.4,27.8,10.5,15.1,19.1,24.2,13.0,16.4,24.7,28.0,12.1,15.0,22.0,24.9,29.1,28.0,43.0,43.2,26.5,27.9,35.6,41.8,"(CONTRACTS OF 37,500 POUNDS)"
raw_cot_data/legacy_futures_only/dea_fut_xls_2017/annual.xls,legacy_futures_only,dea_fut_xls_2017,COFFEE C - ICE FUTURES U.S.,170307,2017-03-07,083731,ICUS,1,83,175170,58490,33408,20678,86555,113701,165723,167787,9447,7383,149011,56972,35364,13406,70239,93534,140617,142304,8394,6707,26159,7226,3752,1564,16316,20167,25106,25483,1053,676,-1566.0,743.0,4408.0,-3242.0,793.0,-2140.0,-1706.0,-974.0,140.0,-592.0,100,33.4,19.1,11.8,49.4,64.9,94.6,95.8,5.4,4.2,100,38.2,23.7,9.0,47.1,62.8,94.4,95.5,5.6,4.5,100,27.6,14.3,6.0,62.4,77.1,96.0,97.4,4.0,2.6,401,133,100,96,137,114,325,266,398,137,101,84,133,110,313,255,172,35,27,20,88,62,134,99,11.9,17.5,22.7,28.8,11.4,15.9,20.1,25.2,12.8,17.0,24.6,29.0,12.8,15.7,23.0,25.8,32.4,29.1,44.5,44.1,27.2,29.0,37.6,42.7,"(CONTRACTS OF 37,500 POUNDS)"
raw_cot_data/legacy_futures_only/dea_fut_xls_2017/annual.xls,legacy_futures_only,dea_fut_xls_2017,COFFEE C - ICE FUTURES U.S.,170228,2017-02-28,083731,ICUS,1,83,176736,57747,29000,23920,85762,115841,167429,168761,9307,7975,152111,54973,30502,17703,71081,96493,143757,144698,8354,7413,24625,7117,2841,1874,14681,19348,23672,24063,953,562,2807.0,467.0,2592.0,702.0,2270.0,-1353.0,3439.0,1941.0,-632.0,866.0,100,32.7,16.4,13.5,48.5,65.5,94.7,95.5,5.3,4.5,100,36.1,20.1,11.6,46.7,63.4,94.5,95.1,5.5,4.9,100,28.9,11.5,7.6,59.6,78.6,96.1,97.7,3.9,2.3,385,130,88,96,131,112,314,256,383,131,95,88,128,107,305,247,168,41,22,16,82,61,128,95,11.6,17.4,21.9,28.9,11.3,15.6,19.8,24.9,13.2,16.9,24.3,29.0,13.1,15.3,22.7,25.6,33.3,30.3,45.3,45.6,28.5,30.1,37.7,44.1,"(CONTRACTS OF 37,500 POUNDS)"
raw_cot_data/legacy_futures_only/dea_fut_xls_2017/annual.xls,legacy_futures_only,dea_fut_xls_2017,COFFEE C - ICE FUTURES U.S.,170221,2017-02-21,083731,ICUS,1,83,173929,57280,26408,23218,83492,117194,163990,166820,9939,7109,151065,54233,27565,18438,69334,98606,142005,144609,9060,6456,22864,6257,2053,1570,14158,18588,21985,22211,879,653,-810.0,2205.0,-621.0,-2409.0,-700.0,2517.0,-904.0,-513.0,94.0,-297.0,100,32.9,15.2,13.3,48.0,67.4,94.3,95.9,5.7,4.1,100,35.9,18.2,12.2,45.9,65.3,94.0,95.7,6.0,4.3,100,27.4,9.0,6.9,61.9,81.3,96.2,97.1,3.8,2.9,374,140,73,92,126,108,317,235,372,143,77,84,124,105,308,229,155,36,20,16,79,56,122,86,11.3,18.0,21.4,29.6,11.3,16.0,19.4,25.6,13.0,17.2,23.9,29.9,13.0,15.5,22.3,26.3,35.8,32.8,48.1,48.3,31.0,32.4,41.3,46.2,"(CONTRACTS OF 37,500 POUNDS)"
raw_cot_data/legacy_futures_only/dea_fut_xls_2017/annual.xls,legacy_futures_only,dea_fut_xls_2017,COFFEE C - ICE FUTURES U.S.,170214,2017-02-14,083731,ICUS,1,83,174739,55075,27029,25627,84192,114677,164894,167333,9845,7406,152488,52375,28172,20953,70211,96585,143539,145710,8949,6778,22251,6062,2219,1312,13981,18092,21355,21623,896,628,-7155.0,1268.0,4435.0,-2024.0,-5920.0,-9635.0,-6676.0,-7224.0,-479.0,69.0,100,31.5,15.5,14.7,48.2,65.6,94.4,95.8,5.6,4.2,100,34.3,18.5,13.7,46.0,63.3,94.1,95.6,5.9,4.4,100,27.2,10.0,5.9,62.8,81.3,96.0,97.2,4.0,2.8,383,132,82,101,130,110,322,252,381,137,85,92,128,107,314,244,153,31,23,14,79,56,118,86,11.5,17.5,21.5,29.1,11.3,15.3,19.3,25.3,13.1,16.7,23.6,29.5,12.9,14.8,22.0,25.2,36.2,33.2,49.1,49.0,31.6,33.1,42.7,47.3,"(CONTRACTS OF 37,500 POUNDS)"
raw_cot_data/legacy_futures_only/dea_fut_xls_2017/annual.xls,legacy_futures_only,dea_fut_xls_2017,COFFEE C - ICE FUTURES U.S.,170207,2017-02-07,083731,ICUS,1,83,181894,53807,22594,27651,90112,124312,171570,174557,10324,7337,160225,51505,23834,22898,76332,106621,150735,153353,9490,6872,21669,5973,2431,1082,13780,17691,20835,21204,834,465,-3332.0,-1152.0,3416.0,-4714.0,1835.0,-2756.0,-4031.0,-4054.0,699.0,722.0,100,29.6,12.4,15.2,49.5,68.3,94.3,96.0,5.7,4.0,100,32.1,14.9,14.3,47.6,66.5,94.1,95.7,5.9,4.3,100,27.6,11.2,5.0,63.6,81.6,96.2,97.9,3.8,2.1,380,119,85,111,137,115,323,264,378,124,89,105,134,112,313,260,155,29,25,11,79,59,115,89,12.6,17.7,21.3,28.5,10.8,14.9,18.5,24.5,13.5,16.7,23.2,28.4,12.3,14.4,20.9,24.3,38.3,34.4,52.7,50.9,34.5,34.3,47.1,49.3,"(CONTRACTS OF 37,500 POUNDS)"
raw_cot_data/legacy_futures_only/dea_fut_xls_2017/annual.xls,legacy_futures_only,dea_fut_xls_2017,COFFEE C - ICE FUTURES U.S.,170131,2017-01-31,083731,ICUS,1,83,185226,54959,19178,32365,88277,127068,175601,178611,9625,6615,165077,53509,20748,28101,74520,110073,156130,158922,8947,6155,20149,4814,1794,900,13757,16995,19471,19689,678,460,4902.0,389.0,853.0,2872.0,1812.0,1311.0,5073.0,5036.0,-171.0,-134.0,100,29.7,10.4,17.5,47.7,68.6,94.8,96.4,5.2,3.6,100,32.4,12.6,17.0,45.1,66.7,94.6,96.3,5.4,3.7,100,23.9,8.9,4.5,68.3,84.3,96.6,97.7,3.4,2.3,383,131,82,117,131,117,327,269,381,135,85,108,127,115,317,262,143,26,22,13,74,56,107,85,12.5,18.7,22.2,29.6,10.5,15.1,18.3,24.4,13.3,17.9,24.1,29.4,11.8,14.2,20.5,24.0,41.0,34.0,58.9,50.9,38.9,33.9,54.0,50.0,"(CONTRACTS OF 37,500 POUNDS)"
raw_cot_data/legacy_futures_only/dea_fut_xls_2017/annual.xls,legacy_futures_only,dea_fut_xls_2017,COFFEE C - ICE FUTURES U.S.,170124,2017-01-24,083731,ICUS,1,83,180324,54570,18325,29493,86465,125757,170528,173575,9796,6749,161787,53210,19656,25638,73748,110240,152596,155534,9191,6253,18537,4439,1748,776,12717,15517,17932,18041,605,496,976.0,-1631.0,-6680.0,2650.0,-128.0,5864.0,891.0,1834.0,85.0,-858.0,100,30.3,10.2,16.4,47.9,69.7,94.6,96.3,5.4,3.7,100,32.9,12.1,15.8,45.6,68.1,94.3,96.1,5.7,3.9,100,23.9,9.4,4.2,68.6,83.7,96.7,97.3,3.3,2.7,381,141,70,111,127,116,327,258,379,146,73,104,124,113,319,251,144,25,24,14,75,55,109,85,11.5,19.2,20.6,30.4,10.8,15.4,18.5,25.2,12.8,18.9,22.6,29.9,12.0,14.8,20.6,24.7,46.1,36.5,59.8,52.2,43.8,36.4,57.5,51.3,"(CONTRACTS OF 37,500 POUNDS)"
raw_cot_data/legacy_futures_only/dea_fut_xls_2017/annual.xls,legacy_futures_only,dea_fut_xls_2017,COFFEE C - ICE FUTURES U.S.,170117,2017-01-17,083731,ICUS,1,83,179348,56201,25005,26843,86593,119893,169637,171741,9711,7607,161273,54888,26152,23322,74116,104660,152326,154134,8947,7139,18075,4242,1782,592,12477,15233,17311,17607,764,468,-7585.0,-1205.0,-7196.0,15.0,-5813.0,-645.0,-7003.0,-7826.0,-582.0,241.0,100,31.3,13.9,15.0,48.3,66.8,94.6,95.8,5.4,4.2,100,34.0,16.2,14.5,46.0,64.9,94.5,95.6,5.5,4.4,100,23.5,9.9,3.3,69.0,84.3,95.8,97.4,4.2,2.6,371,135,67,103,130,113,318,249,369,137,70,94,127,111,309,242,137,26,20,15,70,54,104,82,12.4,18.7,21.4,29.2,10.9,15.5,18.7,24.8,13.8,18.4,23.5,28.7,12.1,14.7,20.7,24.1,47.4,37.4,61.5,53.3,45.0,37.3,59.1,52.6,"(CONTRACTS OF 37,500 POUNDS)"
raw_cot_data/legacy_futures_only/dea_fut_xls_2017/annual.xls,legacy_futures_only,dea_fut_xls_2017,COFFEE C - ICE FUTURES U.S.,170110,2017-01-10,083731,ICUS,1,83,186933,57406,32201,26828,92406,120538,176640,179567,10293,7366,169362,57697,33454,22648,79359,106305,159704,162407,9658,6955,17571,3219,2257,670,13047,14233,16936,17160,635,411,-7333.0,-274.0,-5042.0,-2183.0,-4284.0,99.0,-6741.0,-7126.0,-592.0,-207.0,100,30.7,17.2,14.4,49.4,64.5,94.5,96.1,5.5,3.9,100,34.1,19.8,13.4,46.9,62.8,94.3,95.9,5.7,4.1,100,18.3,12.8,3.8,74.3,81.0,96.4,97.7,3.6,2.3,393,139,82,100,128,115,324,259,392,145,84,92,125,112,317,251,136,27,21,15,70,51,105,80,12.0,17.6,21.1,27.6,10.2,14.5,17.7,23.3,13.2,17.4,22.9,27.3,11.3,13.8,19.5,22.8,46.2,36.3,60.9,52.2,43.8,35.9,58.4,51.4,"(CONTRACTS OF 37,500 POUNDS)"
raw_cot_data/legacy_futures_only/dea_fut_xls_2017/annual.xls,legacy_futures_only,dea_fut_xls_2017,COFFEE C - ICE FUTURES U.S.,170103,2017-01-03,083731,ICUS,1,83,194266,57680,37243,29011,96690,120439,183381,186693,10885,7573,177243,59164,38423,25230,82598,106436,166992,170089,10251,7154,17023,1679,1983,618,14092,14003,16389,16604,634,419,4954.0,2077.0,5124.0,-555.0,2861.0,-107.0,4383.0,4462.0,571.0,492.0,100,29.7,19.2,14.9,49.8,62.0,94.4,96.1,5.6,3.9,100,33.4,21.7,14.2,46.6,60.1,94.2,96.0,5.8,4.0,100,9.9,11.6,3.6,82.8,82.3,96.3,97.5,3.7,2.5,389,132,92,97,127,108,314,255,388,136,94,89,124,106,307,248,128,22,19,13,70,49,99,75,12.5,17.7,21.7,27.4,9.4,14.0,16.9,22.5,13.5,17.5,23.0,27.2,10.3,13.5,18.5,22.4,52.0,37.4,63.8,52.9,49.6,37.1,61.1,51.8,"(CONTRACTS OF 37,500 POUNDS)"
