GLOBALEVENTID,SQLDATE,event_date,trading_date,event_to_trade_lag_days,Year,Actor1Code,Actor1Name,Actor1CountryCode,Actor1Type1Code,Actor2Code,Actor2Name,Actor2CountryCode,Actor2Type1Code,IsRootEvent,EventCode,EventBaseCode,EventRootCode,QuadClass,GoldsteinScale,NumMentions,NumSources,NumArticles,AvgTone,Actor1Geo_FullName,Actor1Geo_CountryCode,Actor2Geo_FullName,Actor2Geo_CountryCode,ActionGeo_FullName,ActionGeo_CountryCode,DATEADDED,keyword_relevant,coffee_country_relevant,coffee_country_name_relevant,coffee_region_relevant,primary_country,relevance_mode,event_summary,impact_direction,impact_bucket,relevance_score_0_1,event_intensity_score_0_1,price_response_score_0_1,direction_alignment_score_0_1,rule_impact_score_0_1,final_impact_score_0_1,Close,Volume,return_1d,future_return_1d,future_return_5d,future_return_10d,future_return_20d,realized_vol_20d,Open_Interest_All,managed_money_net,commercial_net,noncommercial_net,managed_money_weekly_net_change,commercial_weekly_net_change,noncommercial_weekly_net_change,open_interest_change_pct,source_archive,source_url
1281811579,20260101,2026-01-01,2026-01-02,1,2026,PSE,PALESTINE,PSE,,MED,JOURNALIST,,MED,1,190,190,19,4,-10.0,135,27,135,-9.39871986363216,Peru,PE,Peru,PE,Peru,PE,20260101,False,True,True,False,PE,strict,PALESTINE -> JOURNALIST; event code 190; Goldstein -10.0; tone -9.39871986363216; Peru,bullish,strong,0.65,0.9566453310605361,0.37158527952995857,1.0,0.680638757722917,0.680638757722917,357.29998779296875,11467.0,0.024516094030017976,0.005737526953778493,0.04212151924076557,-0.0036383650640424703,0.027847782107388808,0.3355794420839567,164520.0,30403.0,-25809.0,24543.0,806.0,-808.0,870.0,0.0184901531728665,20260101.export.CSV.zip,https://data.gdeltproject.org/events/20260101.export.CSV.zip
1281811423,20260101,2026-01-01,2026-01-02,1,2026,ISR,ISRAEL,ISR,,MED,JOURNALIST,,MED,1,190,190,19,4,-10.0,54,27,54,-9.39871986363216,Peru,PE,Peru,PE,Peru,PE,20260101,False,True,True,False,PE,strict,ISRAEL -> JOURNALIST; event code 190; Goldstein -10.0; tone -9.39871986363216; Peru,bullish,strong,0.65,0.950348575044546,0.37158527952995857,1.0,0.6791275362790795,0.6791275362790795,357.29998779296875,11467.0,0.024516094030017976,0.005737526953778493,0.04212151924076557,-0.0036383650640424703,0.027847782107388808,0.3355794420839567,164520.0,30403.0,-25809.0,24543.0,806.0,-808.0,870.0,0.0184901531728665,20260101.export.CSV.zip,https://data.gdeltproject.org/events/20260101.export.CSV.zip
1281811487,20260101,2026-01-01,2026-01-02,1,2026,MED,JOURNALIST,,MED,ISRHLH,ISRAEL,ISR,HLH,1,190,190,19,4,-10.0,54,27,54,-9.39871986363216,Peru,PE,Peru,PE,Peru,PE,20260101,False,True,True,False,PE,strict,JOURNALIST -> ISRAEL; event code 190; Goldstein -10.0; tone -9.39871986363216; Peru,bullish,strong,0.65,0.950348575044546,0.37158527952995857,1.0,0.6791275362790795,0.6791275362790795,357.29998779296875,11467.0,0.024516094030017976,0.005737526953778493,0.04212151924076557,-0.0036383650640424703,0.027847782107388808,0.3355794420839567,164520.0,30403.0,-25809.0,24543.0,806.0,-808.0,870.0,0.0184901531728665,20260101.export.CSV.zip,https://data.gdeltproject.org/events/20260101.export.CSV.zip
1281749245,20260101,2026-01-01,2026-01-02,1,2026,COP,SECURITY FORCE,,COP,,,,,1,154,154,15,4,-7.2,80,6,80,11.3161383840678,"Connaught Place, Delhi, India",IN,,,"Connaught Place, Delhi, India",IN,20260101,False,True,True,False,IN,strict,"SECURITY FORCE -> unknown target; event code 154; Goldstein -7.2; tone 11.3161383840678; Connaught Place, Delhi, India",bullish,strong,0.65,0.9238781159782902,0.37158527952995857,1.0,0.6727746261031781,0.6727746261031781,357.29998779296875,11467.0,0.024516094030017976,0.005737526953778493,0.04212151924076557,-0.0036383650640424703,0.027847782107388808,0.3355794420839567,164520.0,30403.0,-25809.0,24543.0,806.0,-808.0,870.0,0.0184901531728665,20260101.export.CSV.zip,https://data.gdeltproject.org/events/20260101.export.CSV.zip
1281743903,20260101,2026-01-01,2026-01-02,1,2026,,,,,CRM,NARCO TERRORIST,,CRM,1,190,190,19,4,-10.0,105,16,105,-6.39427107810583,,,Ecuador,EC,Ecuador,EC,20260101,False,True,True,False,EC,strict,Unknown actor -> NARCO TERRORIST; event code 190; Goldstein -10.0; tone -6.39427107810583; Ecuador,bullish,strong,0.65,0.9065711846350972,0.37158527952995857,1.0,0.6686209625808117,0.6686209625808117,357.29998779296875,11467.0,0.024516094030017976,0.005737526953778493,0.04212151924076557,-0.0036383650640424703,0.027847782107388808,0.3355794420839567,164520.0,30403.0,-25809.0,24543.0,806.0,-808.0,870.0,0.0184901531728665,20260101.export.CSV.zip,https://data.gdeltproject.org/events/20260101.export.CSV.zip
1281811488,20260101,2026-01-01,2026-01-02,1,2026,MED,JOURNALIST,,MED,PSEHLH,GAZA,PSE,HLH,1,190,190,19,4,-10.0,27,27,27,-9.39871986363216,Peru,PE,Peru,PE,Peru,PE,20260101,False,True,True,False,PE,strict,JOURNALIST -> GAZA; event code 190; Goldstein -10.0; tone -9.39871986363216; Peru,bullish,strong,0.65,0.9033631235162833,0.37158527952995857,1.0,0.6678510279122964,0.6678510279122964,357.29998779296875,11467.0,0.024516094030017976,0.005737526953778493,0.04212151924076557,-0.0036383650640424703,0.027847782107388808,0.3355794420839567,164520.0,30403.0,-25809.0,24543.0,806.0,-808.0,870.0,0.0184901531728665,20260101.export.CSV.zip,https://data.gdeltproject.org/events/20260101.export.CSV.zip
1281758999,20260101,2026-01-01,2026-01-02,1,2026,EDU,UNIVERSITY,,EDU,,,,,1,141,141,14,3,-6.5,90,9,90,11.2328301658451,India,IN,,,India,IN,20260101,False,True,True,False,IN,strict,UNIVERSITY -> unknown target; event code 141; Goldstein -6.5; tone 11.2328301658451; India,bullish,strong,0.65,0.9017861396556945,0.37158527952995857,1.0,0.6674725517857552,0.6674725517857552,357.29998779296875,11467.0,0.024516094030017976,0.005737526953778493,0.04212151924076557,-0.0036383650640424703,0.027847782107388808,0.3355794420839567,164520.0,30403.0,-25809.0,24543.0,806.0,-808.0,870.0,0.0184901531728665,20260101.export.CSV.zip,https://data.gdeltproject.org/events/20260101.export.CSV.zip
1281748376,20260101,2026-01-01,2026-01-02,1,2026,GOV,AUTHORITIES,,GOV,SLV,EL SALVADOR,SLV,,1,173,173,17,4,-5.0,30,3,30,-13.2406050286966,El Salvador,ES,El Salvador,ES,El Salvador,ES,20260101,False,True,True,False,ES,strict,AUTHORITIES -> EL SALVADOR; event code 173; Goldstein -5.0; tone -13.2406050286966; El Salvador,bullish,strong,0.65,0.8638355978526062,0.37158527952995857,1.0,0.6583644217530139,0.6583644217530139,357.29998779296875,11467.0,0.024516094030017976,0.005737526953778493,0.04212151924076557,-0.0036383650640424703,0.027847782107388808,0.3355794420839567,164520.0,30403.0,-25809.0,24543.0,806.0,-808.0,870.0,0.0184901531728665,20260101.export.CSV.zip,https://data.gdeltproject.org/events/20260101.export.CSV.zip
1281735794,20260101,2026-01-01,2026-01-02,1,2026,GOV,PRESIDENT,,GOV,,,,,0,154,154,15,4,-7.2,72,24,72,-4.95718794859707,El Salvador,ES,,,El Salvador,ES,20260101,False,True,True,False,ES,strict,PRESIDENT -> unknown target; event code 154; Goldstein -7.2; tone -4.95718794859707; El Salvador,bullish,strong,0.65,0.8626197991432846,0.37158527952995857,1.0,0.6580726300627767,0.6580726300627767,357.29998779296875,11467.0,0.024516094030017976,0.005737526953778493,0.04212151924076557,-0.0036383650640424703,0.027847782107388808,0.3355794420839567,164520.0,30403.0,-25809.0,24543.0,806.0,-808.0,870.0,0.0184901531728665,20260101.export.CSV.zip,https://data.gdeltproject.org/events/20260101.export.CSV.zip
1281741010,20260101,2026-01-01,2026-01-02,1,2026,SPY,INTELLIGENCE,,SPY,,,,,0,150,150,15,4,-7.2,144,24,144,-4.41025641025641,"Madhya Pradesh, Madhya Pradesh, India",IN,,,"Madhya Pradesh, Madhya Pradesh, India",IN,20260101,False,True,True,False,IN,strict,"INTELLIGENCE -> unknown target; event code 150; Goldstein -7.2; tone -4.41025641025641; Madhya Pradesh, Madhya Pradesh, India",bullish,strong,0.65,0.8535042735042735,0.37158527952995857,1.0,0.6558849039094141,0.6558849039094141,357.29998779296875,11467.0,0.024516094030017976,0.005737526953778493,0.04212151924076557,-0.0036383650640424703,0.027847782107388808,0.3355794420839567,164520.0,30403.0,-25809.0,24543.0,806.0,-808.0,870.0,0.0184901531728665,20260101.export.CSV.zip,https://data.gdeltproject.org/events/20260101.export.CSV.zip
1281786635,20260101,2026-01-01,2026-01-02,1,2026,CRM,GANG,,CRM,,,,,1,1821,182,18,4,-9.0,35,5,35,-7.82621835189851,"Faridabad, Haryana, India",IN,,,"Faridabad, Haryana, India",IN,20260101,False,True,True,False,IN,strict,"GANG -> unknown target; event code 1821; Goldstein -9.0; tone -7.82621835189851; Faridabad, Haryana, India",bullish,strong,0.65,0.8253023349300632,0.37158527952995857,1.0,0.6491164386516036,0.6491164386516036,357.29998779296875,11467.0,0.024516094030017976,0.005737526953778493,0.04212151924076557,-0.0036383650640424703,0.027847782107388808,0.3355794420839567,164520.0,30403.0,-25809.0,24543.0,806.0,-808.0,870.0,0.0184901531728665,20260101.export.CSV.zip,https://data.gdeltproject.org/events/20260101.export.CSV.zip
1281735791,20260101,2026-01-01,2026-01-02,1,2026,GOV,PRESIDENT,,GOV,,,,,0,141,141,14,3,-6.5,72,24,72,-4.95718794859707,El Salvador,ES,,,El Salvador,ES,20260101,False,True,True,False,ES,strict,PRESIDENT -> unknown target; event code 141; Goldstein -6.5; tone -4.95718794859707; El Salvador,bullish,strong,0.65,0.8226197991432845,0.37158527952995857,1.0,0.6484726300627768,0.6484726300627768,357.29998779296875,11467.0,0.024516094030017976,0.005737526953778493,0.04212151924076557,-0.0036383650640424703,0.027847782107388808,0.3355794420839567,164520.0,30403.0,-25809.0,24543.0,806.0,-808.0,870.0,0.0184901531728665,20260101.export.CSV.zip,https://data.gdeltproject.org/events/20260101.export.CSV.zip
1281765538,20260101,2026-01-01,2026-01-02,1,2026,COP,DEPUTY,,COP,GOV,MINIST OF FINANCE,,GOV,1,190,190,19,4,-10.0,20,4,20,-9.90945349419217,"Delhi Cantonment, Delhi, India",IN,"Delhi Cantonment, Delhi, India",IN,"Delhi Cantonment, Delhi, India",IN,20260101,False,True,True,False,IN,strict,"DEPUTY -> MINIST OF FINANCE; event code 190; Goldstein -10.0; tone -9.90945349419217; Delhi Cantonment, Delhi, India",bullish,strong,0.65,0.814697476518772,0.37158527952995857,1.0,0.6465712726328937,0.6465712726328937,357.29998779296875,11467.0,0.024516094030017976,0.005737526953778493,0.04212151924076557,-0.0036383650640424703,0.027847782107388808,0.3355794420839567,164520.0,30403.0,-25809.0,24543.0,806.0,-808.0,870.0,0.0184901531728665,20260101.export.CSV.zip,https://data.gdeltproject.org/events/20260101.export.CSV.zip
1281788422,20260101,2026-01-01,2026-01-02,1,2026,MIL,MILITARY,,MIL,GBR,UNITED KINGDOM,GBR,,1,190,190,19,4,-10.0,166,83,166,-0.0283129126862263,India,IN,India,IN,India,IN,20260101,False,True,True,False,IN,strict,MILITARY -> UNITED KINGDOM; event code 190; Goldstein -10.0; tone -0.0283129126862263; India,bullish,strong,0.65,0.8004718818781038,0.37158527952995857,1.0,0.6431571299191333,0.6431571299191333,357.29998779296875,11467.0,0.024516094030017976,0.005737526953778493,0.04212151924076557,-0.0036383650640424703,0.027847782107388808,0.3355794420839567,164520.0,30403.0,-25809.0,24543.0,806.0,-808.0,870.0,0.0184901531728665,20260101.export.CSV.zip,https://data.gdeltproject.org/events/20260101.export.CSV.zip
1281747167,20260101,2026-01-01,2026-01-02,1,2026,COP,SECURITY FORCE,,COP,,,,,1,154,154,15,4,-7.2,50,5,50,4.93429328291243,"Manali, Tamil Nadu, India",IN,,,"Manali, Tamil Nadu, India",IN,20260101,False,True,True,False,IN,strict,"SECURITY FORCE -> unknown target; event code 154; Goldstein -7.2; tone 4.93429328291243; Manali, Tamil Nadu, India",bullish,strong,0.65,0.798285618657584,0.37158527952995857,1.0,0.6426324267462086,0.6426324267462086,357.29998779296875,11467.0,0.024516094030017976,0.005737526953778493,0.04212151924076557,-0.0036383650640424703,0.027847782107388808,0.3355794420839567,164520.0,30403.0,-25809.0,24543.0,806.0,-808.0,870.0,0.0184901531728665,20260101.export.CSV.zip,https://data.gdeltproject.org/events/20260101.export.CSV.zip
1281760753,20260101,2026-01-01,2026-01-02,1,2026,BRAGOVAGR,BRAZIL,BRA,GOV,CHN,CHINA,CHN,,0,114,114,11,3,-2.0,8,2,8,-0.563648238066845,"Sao Paulo, SãPaulo, Brazil",BR,"Beijing, Beijing, China",CH,"Beijing, Beijing, China",CH,20260101,False,True,True,True,CH,strict,"BRAZIL -> CHINA; event code 114; Goldstein -2.0; tone -0.563648238066845; Beijing, Beijing, China",bullish,moderate,0.65,0.47042224356976337,0.37158527952995857,1.0,0.5639452167251316,0.5639452167251316,357.29998779296875,11467.0,0.024516094030017976,0.005737526953778493,0.04212151924076557,-0.0036383650640424703,0.027847782107388808,0.3355794420839567,164520.0,30403.0,-25809.0,24543.0,806.0,-808.0,870.0,0.0184901531728665,20260101.export.CSV.zip,https://data.gdeltproject.org/events/20260101.export.CSV.zip
1281760747,20260101,2026-01-01,2026-01-02,1,2026,BRA,BRAZIL,BRA,,CHN,CHINA,CHN,,0,114,114,11,3,-2.0,2,2,2,-0.563648238066845,"Sao Paulo, SãPaulo, Brazil",BR,"Beijing, Beijing, China",CH,"Beijing, Beijing, China",CH,20260101,False,True,True,True,CH,strict,"BRAZIL -> CHINA; event code 114; Goldstein -2.0; tone -0.563648238066845; Beijing, Beijing, China",bullish,moderate,0.65,0.33962623732396036,0.37158527952995857,1.0,0.5325541752261389,0.5325541752261389,357.29998779296875,11467.0,0.024516094030017976,0.005737526953778493,0.04212151924076557,-0.0036383650640424703,0.027847782107388808,0.3355794420839567,164520.0,30403.0,-25809.0,24543.0,806.0,-808.0,870.0,0.0184901531728665,20260101.export.CSV.zip,https://data.gdeltproject.org/events/20260101.export.CSV.zip
1281751728,20260101,2026-01-01,2026-01-02,1,2026,JAMCOP,JAMAICA,JAM,COP,BRACVL,BRAZIL,BRA,CVL,1,020,020,02,1,3.0,10,1,10,8.09917355371901,"Sao Paulo, SãPaulo, Brazil",BR,"Sao Paulo, SãPaulo, Brazil",BR,"Sao Paulo, SãPaulo, Brazil",BR,20260101,False,True,True,True,BR,strict,"JAMAICA -> BRAZIL; event code 020; Goldstein 3.0; tone 8.09917355371901; Sao Paulo, SãPaulo, Brazil",bearish,moderate,0.65,0.5179692195890693,0.37158527952995857,0.0,0.47535649096976507,0.47535649096976507,357.29998779296875,11467.0,0.024516094030017976,0.005737526953778493,0.04212151924076557,-0.0036383650640424703,0.027847782107388808,0.3355794420839567,164520.0,30403.0,-25809.0,24543.0,806.0,-808.0,870.0,0.0184901531728665,20260101.export.CSV.zip,https://data.gdeltproject.org/events/20260101.export.CSV.zip
1281760785,20260101,2026-01-01,2026-01-02,1,2026,CHN,CHINA,CHN,,BRA,BRAZIL,BRA,,1,061,061,06,2,6.4,8,2,8,-0.563648238066845,"Beijing, Beijing, China",CH,"Sao Paulo, SãPaulo, Brazil",BR,"Beijing, Beijing, China",CH,20260101,False,True,True,True,CH,strict,"CHINA -> BRAZIL; event code 061; Goldstein 6.4; tone -0.563648238066845; Beijing, Beijing, China",bearish,moderate,0.65,0.45842224356976335,0.37158527952995857,0.0,0.4610652167251316,0.4610652167251316,357.29998779296875,11467.0,0.024516094030017976,0.005737526953778493,0.04212151924076557,-0.0036383650640424703,0.027847782107388808,0.3355794420839567,164520.0,30403.0,-25809.0,24543.0,806.0,-808.0,870.0,0.0184901531728665,20260101.export.CSV.zip,https://data.gdeltproject.org/events/20260101.export.CSV.zip
1281804846,20260101,2026-01-01,2026-01-02,1,2026,MEX,MEXICO,MEX,,,,,,0,043,043,04,1,2.8,10,1,10,-4.337899543379,"Saltillo, Coahuila de Zaragoza, Mexico",MX,,,"Saltillo, Coahuila de Zaragoza, Mexico",MX,20260101,False,True,True,True,MX,strict,"MEXICO -> unknown target; event code 043; Goldstein 2.8; tone -4.337899543379; Saltillo, Coahuila de Zaragoza, Mexico",bearish,moderate,0.65,0.4512813194167358,0.37158527952995857,0.0,0.459351394928405,0.459351394928405,357.29998779296875,11467.0,0.024516094030017976,0.005737526953778493,0.04212151924076557,-0.0036383650640424703,0.027847782107388808,0.3355794420839567,164520.0,30403.0,-25809.0,24543.0,806.0,-808.0,870.0,0.0184901531728665,20260101.export.CSV.zip,https://data.gdeltproject.org/events/20260101.export.CSV.zip
1281817579,20260101,2026-01-01,2026-01-02,1,2026,CUBGOV,CUBAN,CUB,GOV,CUB,CUBAN,CUB,,1,051,051,05,1,3.4,6,1,6,6.74846625766871,"Fidel Castro, Antioquia, Colombia",CO,"Fidel Castro, Antioquia, Colombia",CO,"Fidel Castro, Antioquia, Colombia",CO,20260101,False,True,True,True,CO,strict,"CUBAN -> CUBAN; event code 051; Goldstein 3.4; tone 6.74846625766871; Fidel Castro, Antioquia, Colombia",bearish,moderate,0.65,0.4496460461059686,0.37158527952995857,0.0,0.4589589293338209,0.4589589293338209,357.29998779296875,11467.0,0.024516094030017976,0.005737526953778493,0.04212151924076557,-0.0036383650640424703,0.027847782107388808,0.3355794420839567,164520.0,30403.0,-25809.0,24543.0,806.0,-808.0,870.0,0.0184901531728665,20260101.export.CSV.zip,https://data.gdeltproject.org/events/20260101.export.CSV.zip
1281760751,20260101,2026-01-01,2026-01-02,1,2026,BRAGOVAGR,BRAZIL,BRA,GOV,CHN,CHINA,CHN,,0,046,046,04,1,7.0,6,2,6,-0.563648238066845,"Sao Paulo, SãPaulo, Brazil",BR,"Beijing, Beijing, China",CH,"Sao Paulo, SãPaulo, Brazil",BR,20260101,False,True,True,True,BR,strict,"BRAZIL -> CHINA; event code 046; Goldstein 7.0; tone -0.563648238066845; Sao Paulo, SãPaulo, Brazil",bearish,moderate,0.65,0.44050183955631417,0.37158527952995857,0.0,0.45676431976190385,0.45676431976190385,357.29998779296875,11467.0,0.024516094030017976,0.005737526953778493,0.04212151924076557,-0.0036383650640424703,0.027847782107388808,0.3355794420839567,164520.0,30403.0,-25809.0,24543.0,806.0,-808.0,870.0,0.0184901531728665,20260101.export.CSV.zip,https://data.gdeltproject.org/events/20260101.export.CSV.zip
1281760786,20260101,2026-01-01,2026-01-02,1,2026,CHN,CHINA,CHN,,BRAGOVAGR,BRAZIL,BRA,GOV,0,046,046,04,1,7.0,6,2,6,-0.563648238066845,"Beijing, Beijing, China",CH,"Sao Paulo, SãPaulo, Brazil",BR,"Sao Paulo, SãPaulo, Brazil",BR,20260101,False,True,True,True,BR,strict,"CHINA -> BRAZIL; event code 046; Goldstein 7.0; tone -0.563648238066845; Sao Paulo, SãPaulo, Brazil",bearish,moderate,0.65,0.44050183955631417,0.37158527952995857,0.0,0.45676431976190385,0.45676431976190385,357.29998779296875,11467.0,0.024516094030017976,0.005737526953778493,0.04212151924076557,-0.0036383650640424703,0.027847782107388808,0.3355794420839567,164520.0,30403.0,-25809.0,24543.0,806.0,-808.0,870.0,0.0184901531728665,20260101.export.CSV.zip,https://data.gdeltproject.org/events/20260101.export.CSV.zip
1281760797,20260101,2026-01-01,2026-01-02,1,2026,CHN,CHINA,CHN,,USAMED,REUTERS,USA,MED,0,046,046,04,1,7.0,6,2,6,-0.563648238066845,"Beijing, Beijing, China",CH,"Beijing, Beijing, China",CH,"Sao Paulo, SãPaulo, Brazil",BR,20260101,False,True,True,True,BR,strict,"CHINA -> REUTERS; event code 046; Goldstein 7.0; tone -0.563648238066845; Sao Paulo, SãPaulo, Brazil",bearish,moderate,0.65,0.44050183955631417,0.37158527952995857,0.0,0.45676431976190385,0.45676431976190385,357.29998779296875,11467.0,0.024516094030017976,0.005737526953778493,0.04212151924076557,-0.0036383650640424703,0.027847782107388808,0.3355794420839567,164520.0,30403.0,-25809.0,24543.0,806.0,-808.0,870.0,0.0184901531728665,20260101.export.CSV.zip,https://data.gdeltproject.org/events/20260101.export.CSV.zip
1281761238,20260101,2026-01-01,2026-01-02,1,2026,USAMED,REUTERS,USA,MED,CHN,CHINA,CHN,,0,046,046,04,1,7.0,6,2,6,-0.563648238066845,"Beijing, Beijing, China",CH,"Beijing, Beijing, China",CH,"Sao Paulo, SãPaulo, Brazil",BR,20260101,False,True,True,True,BR,strict,"REUTERS -> CHINA; event code 046; Goldstein 7.0; tone -0.563648238066845; Sao Paulo, SãPaulo, Brazil",bearish,moderate,0.65,0.44050183955631417,0.37158527952995857,0.0,0.45676431976190385,0.45676431976190385,357.29998779296875,11467.0,0.024516094030017976,0.005737526953778493,0.04212151924076557,-0.0036383650640424703,0.027847782107388808,0.3355794420839567,164520.0,30403.0,-25809.0,24543.0,806.0,-808.0,870.0,0.0184901531728665,20260101.export.CSV.zip,https://data.gdeltproject.org/events/20260101.export.CSV.zip
1281804534,20260101,2026-01-01,2026-01-02,1,2026,,,,,MEX,MEXICO,MEX,,0,042,042,04,1,1.9,10,1,10,-4.337899543379,,,"Saltillo, Coahuila de Zaragoza, Mexico",MX,"Saltillo, Coahuila de Zaragoza, Mexico",MX,20260101,False,True,True,True,MX,strict,"Unknown actor -> MEXICO; event code 042; Goldstein 1.9; tone -4.337899543379; Saltillo, Coahuila de Zaragoza, Mexico",bearish,moderate,0.65,0.43328131941673587,0.37158527952995857,0.0,0.455031394928405,0.455031394928405,357.29998779296875,11467.0,0.024516094030017976,0.005737526953778493,0.04212151924076557,-0.0036383650640424703,0.027847782107388808,0.3355794420839567,164520.0,30403.0,-25809.0,24543.0,806.0,-808.0,870.0,0.0184901531728665,20260101.export.CSV.zip,https://data.gdeltproject.org/events/20260101.export.CSV.zip
1281740382,20260101,2026-01-01,2026-01-02,1,2026,BRA,BRAZIL,BRA,,,,,,1,043,043,04,1,2.8,8,1,8,-4.32098765432099,"Mandaguari, Minas Gerais, Brazil",BR,,,"Birigui, SãPaulo, Brazil",BR,20260101,False,True,True,True,BR,strict,"BRAZIL -> unknown target; event code 043; Goldstein 2.8; tone -4.32098765432099; Birigui, SãPaulo, Brazil",bearish,moderate,0.65,0.42710847339695573,0.37158527952995857,0.0,0.4535499118836578,0.4535499118836578,357.29998779296875,11467.0,0.024516094030017976,0.005737526953778493,0.04212151924076557,-0.0036383650640424703,0.027847782107388808,0.3355794420839567,164520.0,30403.0,-25809.0,24543.0,806.0,-808.0,870.0,0.0184901531728665,20260101.export.CSV.zip,https://data.gdeltproject.org/events/20260101.export.CSV.zip
1281817536,20260101,2026-01-01,2026-01-02,1,2026,COL,COLOMBIA,COL,,,,,,1,051,051,05,1,3.4,4,1,4,6.74846625766871,"Fidel Castro, Antioquia, Colombia",CO,,,"Fidel Castro, Antioquia, Colombia",CO,20260101,False,True,True,True,CO,strict,"COLOMBIA -> unknown target; event code 051; Goldstein 3.4; tone 6.74846625766871; Fidel Castro, Antioquia, Colombia",bearish,moderate,0.65,0.4095871233935698,0.37158527952995857,0.0,0.44934478788284515,0.44934478788284515,357.29998779296875,11467.0,0.024516094030017976,0.005737526953778493,0.04212151924076557,-0.0036383650640424703,0.027847782107388808,0.3355794420839567,164520.0,30403.0,-25809.0,24543.0,806.0,-808.0,870.0,0.0184901531728665,20260101.export.CSV.zip,https://data.gdeltproject.org/events/20260101.export.CSV.zip
1281817578,20260101,2026-01-01,2026-01-02,1,2026,CUBELI,FIDEL CASTRO,CUB,ELI,COL,COLOMBIA,COL,,1,051,051,05,1,3.4,4,1,4,6.74846625766871,"Fidel Castro, Antioquia, Colombia",CO,"Fidel Castro, Antioquia, Colombia",CO,"Fidel Castro, Antioquia, Colombia",CO,20260101,False,True,True,True,CO,strict,"FIDEL CASTRO -> COLOMBIA; event code 051; Goldstein 3.4; tone 6.74846625766871; Fidel Castro, Antioquia, Colombia",bearish,moderate,0.65,0.4095871233935698,0.37158527952995857,0.0,0.44934478788284515,0.44934478788284515,357.29998779296875,11467.0,0.024516094030017976,0.005737526953778493,0.04212151924076557,-0.0036383650640424703,0.027847782107388808,0.3355794420839567,164520.0,30403.0,-25809.0,24543.0,806.0,-808.0,870.0,0.0184901531728665,20260101.export.CSV.zip,https://data.gdeltproject.org/events/20260101.export.CSV.zip
1281760743,20260101,2026-01-01,2026-01-02,1,2026,BRA,BRAZILIAN,BRA,,CHN,CHINA,CHN,,0,014,014,01,1,0.0,12,2,12,-0.563648238066845,"Sao Paulo, SãPaulo, Brazil",BR,"Beijing, Beijing, China",CH,"Sao Paulo, SãPaulo, Brazil",BR,20260101,False,True,True,True,BR,strict,"BRAZILIAN -> CHINA; event code 014; Goldstein 0.0; tone -0.563648238066845; Sao Paulo, SãPaulo, Brazil",bearish,moderate,0.65,0.4042019583373063,0.37158527952995857,0.0,0.4480523482693419,0.4480523482693419,357.29998779296875,11467.0,0.024516094030017976,0.005737526953778493,0.04212151924076557,-0.0036383650640424703,0.027847782107388808,0.3355794420839567,164520.0,30403.0,-25809.0,24543.0,806.0,-808.0,870.0,0.0184901531728665,20260101.export.CSV.zip,https://data.gdeltproject.org/events/20260101.export.CSV.zip
1281760748,20260101,2026-01-01,2026-01-02,1,2026,BRABUS,BRAZILIAN,BRA,BUS,,,,,0,012,012,01,1,-0.4,12,2,12,-0.563648238066845,"Sao Paulo, SãPaulo, Brazil",BR,,,"Beijing, Beijing, China",CH,20260101,False,True,True,True,CH,strict,"BRAZILIAN -> unknown target; event code 012; Goldstein -0.4; tone -0.563648238066845; Beijing, Beijing, China",bearish,moderate,0.65,0.4042019583373063,0.37158527952995857,0.0,0.4480523482693419,0.4480523482693419,357.29998779296875,11467.0,0.024516094030017976,0.005737526953778493,0.04212151924076557,-0.0036383650640424703,0.027847782107388808,0.3355794420839567,164520.0,30403.0,-25809.0,24543.0,806.0,-808.0,870.0,0.0184901531728665,20260101.export.CSV.zip,https://data.gdeltproject.org/events/20260101.export.CSV.zip
1281760745,20260101,2026-01-01,2026-01-02,1,2026,BRA,BRAZIL,BRA,,CHN,CHINA,CHN,,0,046,046,04,1,7.0,4,2,4,-0.563648238066845,"Sao Paulo, SãPaulo, Brazil",BR,"Beijing, Beijing, China",CH,"Sao Paulo, SãPaulo, Brazil",BR,20260101,False,True,True,True,BR,strict,"BRAZIL -> CHINA; event code 046; Goldstein 7.0; tone -0.563648238066845; Sao Paulo, SãPaulo, Brazil",bearish,moderate,0.65,0.4004429168439153,0.37158527952995857,0.0,0.4471501783109281,0.4471501783109281,357.29998779296875,11467.0,0.024516094030017976,0.005737526953778493,0.04212151924076557,-0.0036383650640424703,0.027847782107388808,0.3355794420839567,164520.0,30403.0,-25809.0,24543.0,806.0,-808.0,870.0,0.0184901531728665,20260101.export.CSV.zip,https://data.gdeltproject.org/events/20260101.export.CSV.zip
1281760783,20260101,2026-01-01,2026-01-02,1,2026,CHN,CHINA,CHN,,BRA,BRAZIL,BRA,,0,046,046,04,1,7.0,4,2,4,-0.563648238066845,"Beijing, Beijing, China",CH,"Sao Paulo, SãPaulo, Brazil",BR,"Sao Paulo, SãPaulo, Brazil",BR,20260101,False,True,True,True,BR,strict,"CHINA -> BRAZIL; event code 046; Goldstein 7.0; tone -0.563648238066845; Sao Paulo, SãPaulo, Brazil",bearish,moderate,0.65,0.4004429168439153,0.37158527952995857,0.0,0.4471501783109281,0.4471501783109281,357.29998779296875,11467.0,0.024516094030017976,0.005737526953778493,0.04212151924076557,-0.0036383650640424703,0.027847782107388808,0.3355794420839567,164520.0,30403.0,-25809.0,24543.0,806.0,-808.0,870.0,0.0184901531728665,20260101.export.CSV.zip,https://data.gdeltproject.org/events/20260101.export.CSV.zip
1281740221,20260101,2026-01-01,2026-01-02,1,2026,,,,,BRA,BRAZIL,BRA,,1,042,042,04,1,1.9,6,1,6,-4.32098765432099,,,"Mandaguari, Minas Gerais, Brazil",BR,"Birigui, SãPaulo, Brazil",BR,20260101,False,True,True,True,BR,strict,"Unknown actor -> BRAZIL; event code 042; Goldstein 1.9; tone -4.32098765432099; Birigui, SãPaulo, Brazil",bearish,moderate,0.65,0.3791880693835066,0.37158527952995857,0.0,0.44204901492043,0.44204901492043,357.29998779296875,11467.0,0.024516094030017976,0.005737526953778493,0.04212151924076557,-0.0036383650640424703,0.027847782107388808,0.3355794420839567,164520.0,30403.0,-25809.0,24543.0,806.0,-808.0,870.0,0.0184901531728665,20260101.export.CSV.zip,https://data.gdeltproject.org/events/20260101.export.CSV.zip
1281760718,20260101,2026-01-01,2026-01-02,1,2026,ARG,ARGENTINA,ARG,,BRA,BRAZIL,BRA,,1,061,061,06,2,6.4,4,1,4,-0.61050061050061,Argentina,AR,"Sao Paulo, SãPaulo, Brazil",BR,"Beijing, Beijing, China",CH,20260101,False,True,True,True,CH,strict,"ARGENTINA -> BRAZIL; event code 061; Goldstein 6.4; tone -0.61050061050061; Beijing, Beijing, China",bearish,moderate,0.65,0.36728769594076804,0.37158527952995857,0.0,0.43919292529417275,0.43919292529417275,357.29998779296875,11467.0,0.024516094030017976,0.005737526953778493,0.04212151924076557,-0.0036383650640424703,0.027847782107388808,0.3355794420839567,164520.0,30403.0,-25809.0,24543.0,806.0,-808.0,870.0,0.0184901531728665,20260101.export.CSV.zip,https://data.gdeltproject.org/events/20260101.export.CSV.zip
1281817576,20260101,2026-01-01,2026-01-02,1,2026,CUB,CUBAN,CUB,,COLGOV,COLOMBIA,COL,GOV,1,051,051,05,1,3.4,2,1,2,6.74846625766871,"Fidel Castro, Antioquia, Colombia",CO,"Fidel Castro, Antioquia, Colombia",CO,"Fidel Castro, Antioquia, Colombia",CO,20260101,False,True,True,True,CO,strict,"CUBAN -> COLOMBIA; event code 051; Goldstein 3.4; tone 6.74846625766871; Fidel Castro, Antioquia, Colombia",bearish,moderate,0.65,0.34877044387361483,0.37158527952995857,0.0,0.43474878479805595,0.43474878479805595,357.29998779296875,11467.0,0.024516094030017976,0.005737526953778493,0.04212151924076557,-0.0036383650640424703,0.027847782107388808,0.3355794420839567,164520.0,30403.0,-25809.0,24543.0,806.0,-808.0,870.0,0.0184901531728665,20260101.export.CSV.zip,https://data.gdeltproject.org/events/20260101.export.CSV.zip
1281817577,20260101,2026-01-01,2026-01-02,1,2026,CUBELI,FIDEL CASTRO,CUB,ELI,,,,,1,051,051,05,1,3.4,2,1,2,6.74846625766871,"Fidel Castro, Antioquia, Colombia",CO,,,"Fidel Castro, Antioquia, Colombia",CO,20260101,False,True,True,True,CO,strict,"FIDEL CASTRO -> unknown target; event code 051; Goldstein 3.4; tone 6.74846625766871; Fidel Castro, Antioquia, Colombia",bearish,moderate,0.65,0.34877044387361483,0.37158527952995857,0.0,0.43474878479805595,0.43474878479805595,357.29998779296875,11467.0,0.024516094030017976,0.005737526953778493,0.04212151924076557,-0.0036383650640424703,0.027847782107388808,0.3355794420839567,164520.0,30403.0,-25809.0,24543.0,806.0,-808.0,870.0,0.0184901531728665,20260101.export.CSV.zip,https://data.gdeltproject.org/events/20260101.export.CSV.zip
1281817663,20260101,2026-01-01,2026-01-02,1,2026,GOV,AMBASSADOR,,GOV,CUBGOV,CUBA,CUB,GOV,1,020,020,02,1,3.0,2,1,2,6.74846625766871,"Fidel Castro, Antioquia, Colombia",CO,"Fidel Castro, Antioquia, Colombia",CO,"Fidel Castro, Antioquia, Colombia",CO,20260101,False,True,True,True,CO,strict,"AMBASSADOR -> CUBA; event code 020; Goldstein 3.0; tone 6.74846625766871; Fidel Castro, Antioquia, Colombia",bearish,moderate,0.65,0.3407704438736148,0.37158527952995857,0.0,0.432828784798056,0.432828784798056,357.29998779296875,11467.0,0.024516094030017976,0.005737526953778493,0.04212151924076557,-0.0036383650640424703,0.027847782107388808,0.3355794420839567,164520.0,30403.0,-25809.0,24543.0,806.0,-808.0,870.0,0.0184901531728665,20260101.export.CSV.zip,https://data.gdeltproject.org/events/20260101.export.CSV.zip
1281760750,20260101,2026-01-01,2026-01-02,1,2026,BRAGOVAGR,BRAZIL,BRA,GOV,CHN,CHINA,CHN,,0,046,046,04,1,7.0,2,2,2,-0.563648238066845,"Sao Paulo, SãPaulo, Brazil",BR,"Beijing, Beijing, China",CH,"Beijing, Beijing, China",CH,20260101,False,True,True,True,CH,strict,"BRAZIL -> CHINA; event code 046; Goldstein 7.0; tone -0.563648238066845; Beijing, Beijing, China",bearish,moderate,0.65,0.33962623732396036,0.37158527952995857,0.0,0.4325541752261389,0.4325541752261389,357.29998779296875,11467.0,0.024516094030017976,0.005737526953778493,0.04212151924076557,-0.0036383650640424703,0.027847782107388808,0.3355794420839567,164520.0,30403.0,-25809.0,24543.0,806.0,-808.0,870.0,0.0184901531728665,20260101.export.CSV.zip,https://data.gdeltproject.org/events/20260101.export.CSV.zip
1281740383,20260101,2026-01-01,2026-01-02,1,2026,BRA,BRAZIL,BRA,,PRY,PARAGUAY,PRY,,1,042,042,04,1,1.9,4,1,4,-4.32098765432099,"Londrina, ParanáR, Brazil",BR,"Londrina, ParanáR, Brazil",BR,"Londrina, ParanáR, Brazil",BR,20260101,False,True,True,True,BR,strict,"BRAZIL -> PARAGUAY; event code 042; Goldstein 1.9; tone -4.32098765432099; Londrina, ParanáR, Brazil",bearish,moderate,0.65,0.3391291466711077,0.37158527952995857,0.0,0.43243487346945425,0.43243487346945425,357.29998779296875,11467.0,0.024516094030017976,0.005737526953778493,0.04212151924076557,-0.0036383650640424703,0.027847782107388808,0.3355794420839567,164520.0,30403.0,-25809.0,24543.0,806.0,-808.0,870.0,0.0184901531728665,20260101.export.CSV.zip,https://data.gdeltproject.org/events/20260101.export.CSV.zip
1281740940,20260101,2026-01-01,2026-01-02,1,2026,PRY,PARAGUAY,PRY,,BRA,BRAZIL,BRA,,1,043,043,04,1,2.8,3,1,3,-4.32098765432099,Paraguay,PA,"Rolandia, ParanáR, Brazil",BR,Paraguay,PA,20260101,False,True,True,True,PA,strict,PARAGUAY -> BRAZIL; event code 043; Goldstein 2.8; tone -4.32098765432099; Paraguay,bearish,moderate,0.65,0.33056264488294035,0.37158527952995857,0.0,0.43037891304029413,0.43037891304029413,357.29998779296875,11467.0,0.024516094030017976,0.005737526953778493,0.04212151924076557,-0.0036383650640424703,0.027847782107388808,0.3355794420839567,164520.0,30403.0,-25809.0,24543.0,806.0,-808.0,870.0,0.0184901531728665,20260101.export.CSV.zip,https://data.gdeltproject.org/events/20260101.export.CSV.zip
1281736200,20260101,2026-01-01,2026-01-02,1,2026,SGP,SINGAPORE,SGP,,,,,,1,020,020,02,1,3.0,5,1,5,-0.10764262648009,"Itaqui, ParanáR, Brazil",BR,,,"Itaqui, ParanáR, Brazil",BR,20260101,False,True,True,True,BR,strict,"SINGAPORE -> unknown target; event code 020; Goldstein 3.0; tone -0.10764262648009; Itaqui, ParanáR, Brazil",bearish,moderate,0.65,0.3126131420092663,0.37158527952995857,0.0,0.42607103235061233,0.42607103235061233,357.29998779296875,11467.0,0.024516094030017976,0.005737526953778493,0.04212151924076557,-0.0036383650640424703,0.027847782107388808,0.3355794420839567,164520.0,30403.0,-25809.0,24543.0,806.0,-808.0,870.0,0.0184901531728665,20260101.export.CSV.zip,https://data.gdeltproject.org/events/20260101.export.CSV.zip
1281740222,20260101,2026-01-01,2026-01-02,1,2026,,,,,BRA,BRAZIL,BRA,,1,043,043,04,1,2.8,2,1,2,-4.32098765432099,,,"Rolandia, ParanáR, Brazil",BR,Paraguay,PA,20260101,False,True,True,True,PA,strict,Unknown actor -> BRAZIL; event code 043; Goldstein 2.8; tone -4.32098765432099; Paraguay,bearish,moderate,0.65,0.2963124671511528,0.37158527952995857,0.0,0.4221588703846651,0.4221588703846651,357.29998779296875,11467.0,0.024516094030017976,0.005737526953778493,0.04212151924076557,-0.0036383650640424703,0.027847782107388808,0.3355794420839567,164520.0,30403.0,-25809.0,24543.0,806.0,-808.0,870.0,0.0184901531728665,20260101.export.CSV.zip,https://data.gdeltproject.org/events/20260101.export.CSV.zip
1281735387,20260101,2026-01-01,2026-01-02,1,2026,BRA,BRAZIL,BRA,,,,,,0,020,020,02,1,3.0,4,1,4,-0.10764262648009,"Itaqui, ParanáR, Brazil",BR,,,"Itaqui, ParanáR, Brazil",BR,20260101,False,True,True,True,BR,strict,"BRAZIL -> unknown target; event code 020; Goldstein 3.0; tone -0.10764262648009; Itaqui, ParanáR, Brazil",bearish,moderate,0.65,0.29090672954042607,0.37158527952995857,0.0,0.4208614933580907,0.4208614933580907,357.29998779296875,11467.0,0.024516094030017976,0.005737526953778493,0.04212151924076557,-0.0036383650640424703,0.027847782107388808,0.3355794420839567,164520.0,30403.0,-25809.0,24543.0,806.0,-808.0,870.0,0.0184901531728665,20260101.export.CSV.zip,https://data.gdeltproject.org/events/20260101.export.CSV.zip
1281760742,20260101,2026-01-01,2026-01-02,1,2026,BRA,BRAZILIAN,BRA,,CHN,CHINA,CHN,,0,014,014,01,1,0.0,4,2,4,-0.563648238066845,"Sao Paulo, SãPaulo, Brazil",BR,"Beijing, Beijing, China",CH,"Beijing, Beijing, China",CH,20260101,False,True,True,True,CH,strict,"BRAZILIAN -> CHINA; event code 014; Goldstein 0.0; tone -0.563648238066845; Beijing, Beijing, China",bearish,moderate,0.65,0.2904429168439153,0.37158527952995857,0.0,0.4207501783109281,0.4207501783109281,357.29998779296875,11467.0,0.024516094030017976,0.005737526953778493,0.04212151924076557,-0.0036383650640424703,0.027847782107388808,0.3355794420839567,164520.0,30403.0,-25809.0,24543.0,806.0,-808.0,870.0,0.0184901531728665,20260101.export.CSV.zip,https://data.gdeltproject.org/events/20260101.export.CSV.zip
1281740220,20260101,2026-01-01,2026-01-02,1,2026,,,,,BRA,BRAZIL,BRA,,1,042,042,04,1,1.9,2,1,2,-4.32098765432099,,,"Londrina, ParanáR, Brazil",BR,"Londrina, ParanáR, Brazil",BR,20260101,False,True,True,True,BR,strict,"Unknown actor -> BRAZIL; event code 042; Goldstein 1.9; tone -4.32098765432099; Londrina, ParanáR, Brazil",bearish,moderate,0.65,0.27831246715115276,0.37158527952995857,0.0,0.4178388703846651,0.4178388703846651,357.29998779296875,11467.0,0.024516094030017976,0.005737526953778493,0.04212151924076557,-0.0036383650640424703,0.027847782107388808,0.3355794420839567,164520.0,30403.0,-25809.0,24543.0,806.0,-808.0,870.0,0.0184901531728665,20260101.export.CSV.zip,https://data.gdeltproject.org/events/20260101.export.CSV.zip
1281740381,20260101,2026-01-01,2026-01-02,1,2026,BRA,BRAZIL,BRA,,,,,,1,042,042,04,1,1.9,2,1,2,-4.32098765432099,"Londrina, ParanáR, Brazil",BR,,,"Londrina, ParanáR, Brazil",BR,20260101,False,True,True,True,BR,strict,"BRAZIL -> unknown target; event code 042; Goldstein 1.9; tone -4.32098765432099; Londrina, ParanáR, Brazil",bearish,moderate,0.65,0.27831246715115276,0.37158527952995857,0.0,0.4178388703846651,0.4178388703846651,357.29998779296875,11467.0,0.024516094030017976,0.005737526953778493,0.04212151924076557,-0.0036383650640424703,0.027847782107388808,0.3355794420839567,164520.0,30403.0,-25809.0,24543.0,806.0,-808.0,870.0,0.0184901531728665,20260101.export.CSV.zip,https://data.gdeltproject.org/events/20260101.export.CSV.zip
1281740939,20260101,2026-01-01,2026-01-02,1,2026,PRY,PARAGUAY,PRY,,BRA,BRAZIL,BRA,,1,043,043,04,1,2.8,1,1,1,-4.32098765432099,Argentina,AR,"Rolandia, ParanáR, Brazil",BR,Paraguay,PA,20260101,False,True,True,True,PA,strict,PARAGUAY -> BRAZIL; event code 043; Goldstein 2.8; tone -4.32098765432099; Paraguay,bearish,moderate,0.65,0.2480395528941451,0.37158527952995857,0.0,0.41057337096298324,0.41057337096298324,357.29998779296875,11467.0,0.024516094030017976,0.005737526953778493,0.04212151924076557,-0.0036383650640424703,0.027847782107388808,0.3355794420839567,164520.0,30403.0,-25809.0,24543.0,806.0,-808.0,870.0,0.0184901531728665,20260101.export.CSV.zip,https://data.gdeltproject.org/events/20260101.export.CSV.zip
1281740358,20260101,2026-01-01,2026-01-02,1,2026,ARG,ARGENTINA,ARG,,PRY,PARAGUAY,PRY,,1,042,042,04,1,1.9,1,1,1,-4.32098765432099,"Londrina, ParanáR, Brazil",BR,"Londrina, ParanáR, Brazil",BR,"Londrina, ParanáR, Brazil",BR,20260101,False,True,True,True,BR,strict,"ARGENTINA -> PARAGUAY; event code 042; Goldstein 1.9; tone -4.32098765432099; Londrina, ParanáR, Brazil",bearish,moderate,0.65,0.2300395528941451,0.37158527952995857,0.0,0.40625337096298325,0.40625337096298325,357.29998779296875,11467.0,0.024516094030017976,0.005737526953778493,0.04212151924076557,-0.0036383650640424703,0.027847782107388808,0.3355794420839567,164520.0,30403.0,-25809.0,24543.0,806.0,-808.0,870.0,0.0184901531728665,20260101.export.CSV.zip,https://data.gdeltproject.org/events/20260101.export.CSV.zip
1281760740,20260101,2026-01-01,2026-01-02,1,2026,BRA,BRAZILIAN,BRA,,BRABUS,BRAZIL,BRA,BUS,0,012,012,01,1,-0.4,2,2,2,-0.563648238066845,"Sao Paulo, SãPaulo, Brazil",BR,"Sao Paulo, SãPaulo, Brazil",BR,"Beijing, Beijing, China",CH,20260101,False,True,True,True,CH,strict,"BRAZILIAN -> BRAZIL; event code 012; Goldstein -0.4; tone -0.563648238066845; Beijing, Beijing, China",bearish,moderate,0.65,0.22962623732396037,0.37158527952995857,0.0,0.4061541752261389,0.4061541752261389,357.29998779296875,11467.0,0.024516094030017976,0.005737526953778493,0.04212151924076557,-0.0036383650640424703,0.027847782107388808,0.3355794420839567,164520.0,30403.0,-25809.0,24543.0,806.0,-808.0,870.0,0.0184901531728665,20260101.export.CSV.zip,https://data.gdeltproject.org/events/20260101.export.CSV.zip
