trading_date,event_count,max_impact_score_0_1,mean_impact_score_0_1,signed_impact_score,bullish_events,bearish_events,neutral_events,Close,future_return_5d,future_return_20d,top_event_summary
2000-05-17,1719,0.7967577425137699,0.6550737693965523,-351.55262367677074,509,1179,31,91.8000030517578,0.10947707067827661,-0.039760363883876826,"Unknown actor -> FARMER; event code 112; Goldstein -2.0; tone 4.65588451662514; Mexico City, Distrito Federal, Mexico | Unknown actor -> BANGLADESH; event code 051; Goldstein 3.4; tone 4.12371134020619; Bangladesh | Unknown actor -> MANUFACTURER; event code 012; Goldstein -0.4; tone 6.36942675159236; New Delhi, Delhi, India"
2000-05-18,1787,0.8006693700073043,0.6606295996398537,-249.54733972569866,628,1149,10,91.5,0.08469945355191255,-0.04644808743169404,"Unknown actor -> AFRICA; event code 046; Goldstein 7.0; tone 6.73758865248227; Addis Ababa, (ET10), Ethiopia | Unknown actor -> BANGLADESH; event code 042; Goldstein 1.9; tone 7.09677419354839; New Delhi, Delhi, India | Unknown actor -> BUSINESS; event code 020; Goldstein 3.0; tone 5.53846153846154; Mtito Andei, Eastern, Kenya"
2000-05-19,1622,0.5772676943377505,0.4276925544545434,-97.67696106545644,582,1020,20,97.9499969482422,0.012761613465496202,-0.10974987580326756,"Unknown actor -> AFRICA; event code 046; Goldstein 7.0; tone 7.0; Addis Ababa, (ET10), Ethiopia | Unknown actor -> AFRICA; event code 110; Goldstein -2.0; tone 2.65486725663717; Nairobi, Nairobi Area, Kenya | Unknown actor -> SAO PAULO; event code 040; Goldstein 1.0; tone 3.89016018306636; Sao Paulo, SãPaulo, Brazil"
2000-05-22,3836,0.6329543525997651,0.5189271557072148,-930.2091189817546,1122,2677,37,103.3000030517578,-0.02807358606200494,-0.15537272582379347,"Unknown actor -> AUSTRALIA; event code 036; Goldstein 4.0; tone 6.36363636363636; Jakarta, Jakarta Raya, Indonesia | Unknown actor -> COTE D'IVOIRE; event code 110; Goldstein -2.0; tone 6.46292585170341; Dimbokro, N'zi-Comoe, Cote D'ivoire | Unknown actor -> COLOMBIA; event code 043; Goldstein 2.8; tone 4.98533724340176; San Vicente Del Caguan, CaquetáO, Colombia"
2000-05-23,1732,0.7883417859943871,0.6994006920994865,-632.3320738713184,444,1272,16,103.6999969482422,-0.10318223011696603,-0.18563163516396142,"Unknown actor -> AFRICA; event code 040; Goldstein 1.0; tone 7.91208791208791; Uganda | Unknown actor -> BUSINESS; event code 040; Goldstein 1.0; tone 4.91228070175439; Guatemala City, Guatemala, Guatemala | Unknown actor -> BUSINESS; event code 043; Goldstein 2.8; tone 4.12371134020619; Kampala, Kampala, Uganda"
2000-05-24,1589,0.7562544965438845,0.6616522409090023,-581.7943561602473,385,1197,7,101.8499984741211,-0.07265588254043176,-0.15414822958717445,"Unknown actor -> BUSINESS; event code 090; Goldstein -2.0; tone 4.91428571428571; Reforma, Tabasco, Mexico | Unknown actor -> TIBET; event code 042; Goldstein 1.9; tone 3.27102803738318; Dharmsala, Jammu and Kashmir, India | Unknown actor -> ROBERT GUEI; event code 046; Goldstein 7.0; tone 8.05970149253731; Abidjan, Lagunes, Cote D'ivoire"
2000-05-25,1714,0.6368918814594554,0.5411480009502826,-404.20042897497007,528,1167,19,99.25,-0.037279566229140526,-0.12292188360949308,"Unknown actor -> AFRICA; event code 074; Goldstein 8.5; tone 9.55019038819359; Tanzania | Unknown actor -> ARGENTINA; event code 043; Goldstein 2.8; tone 3.03605313092979; Corrientes, Corrientes, Argentina | Unknown actor -> FLORIANOPOLIS; event code 036; Goldstein 4.0; tone 2.27272727272727; Florianopolis, Santa Catarina, Brazil"
2000-05-26,1591,0.7122576322784729,0.6167092648637743,-501.3069458637269,427,1157,7,99.1999969482422,-0.05897176062589349,-0.12147173178493553,"Unknown actor -> AUSTRALIA; event code 036; Goldstein 4.0; tone 4.3010752688172; Jakarta, Jakarta Raya, Indonesia | Unknown actor -> CHINA; event code 042; Goldstein 1.9; tone 9.55188679245283; India | Unknown actor -> JIANG ZEMIN; event code 036; Goldstein 4.0; tone 6.83333333333333; Islamabad, Islamabad, Pakistan"
2000-05-30,3857,0.7923949426461185,0.6961967358120282,-1081.9755233096262,1229,2589,39,100.4000015258789,-0.1120517911257225,-0.11852590981098332,"Unknown actor -> CHINA; event code 040; Goldstein 1.0; tone 10.9090909090909; India | Unknown actor -> JIANG ZEMIN; event code 036; Goldstein 4.0; tone 7.23404255319149; Islamabad, Islamabad, Pakistan | Unknown actor -> JIANG ZEMIN; event code 043; Goldstein 2.8; tone 7.23404255319149; Islamabad, Islamabad, Pakistan"
2000-07-13,1827,0.5473396432059378,0.45857367360913803,-500.3169585161879,409,1391,27,99.1999969482422,-0.014616905169853367,-0.19758063585775554,"Unknown actor -> AFRICA; event code 042; Goldstein 1.9; tone 6.79802955665025; Kampala, Kampala, Uganda | Unknown actor -> BANGLADESHI; event code 040; Goldstein 1.0; tone 2.41935483870968; Bangladesh | Unknown actor -> BANGLADESH; event code 190; Goldstein -10.0; tone 1.79924242424242; Dhaka, Dhaka, Bangladesh"
2000-07-14,1624,0.7340938110358357,0.5854964537213857,-355.84206201520203,426,1164,34,89.1500015258789,0.08412787292912016,-0.09534492265300276,"Unknown actor -> FARMER; event code 110; Goldstein -2.0; tone 5.39291217257319; Addis Ababa, (ET10), Ethiopia | Unknown actor -> FARMER; event code 111; Goldstein -2.0; tone 4.18535127055306; Barus, Banten, Indonesia | Unknown actor -> BHOLA; event code 050; Goldstein 3.5; tone 4.6954995289362; Bihar, Uttar Pradesh, India"
2000-07-17,3711,0.7995956649045978,0.6958651087190127,-1179.7326339294227,1067,2589,55,98.6500015258789,-0.12519004848551685,-0.20121640311291666,"Unknown actor -> BUSINESS; event code 040; Goldstein 1.0; tone 5.72368421052632; Papua, Indonesia (general), Indonesia | Unknown actor -> TOURISM INDUSTRY; event code 061; Goldstein 6.4; tone 6.34853003834683; Rift Valley, , Ethiopia | Unknown actor -> BUSINESS; event code 192; Goldstein -9.5; tone 10.2850061957869; Nairobi, Nairobi Area, Kenya"
2000-07-18,1653,0.8005970568894603,0.6980821018252183,-601.1538468451284,417,1207,29,116.5,-0.2686695540923417,-0.3253219015096902,"Unknown actor -> AFRICA; event code 014; Goldstein 0.0; tone 4.90018148820327; Abidjan, Lagunes, Cote D'ivoire | Unknown actor -> BRAZIL; event code 042; Goldstein 1.9; tone 3.2573635514812; Central West, Brazil (general), Brazil | Unknown actor -> BOSS; event code 020; Goldstein 3.0; tone 6.84931506849315; Nairobi, Nairobi Area, Kenya"
2000-07-19,1814,0.789670691561118,0.6978655112967366,-700.2431248594293,435,1361,18,111.1500015258789,-0.21772383486654534,-0.2955465409190541,"Unknown actor -> BURUNDI; event code 046; Goldstein 7.0; tone 8.02139037433155; Arusha, Arusha, Tanzania | Unknown actor -> BRAZIL; event code 0841; Goldstein 7.0; tone 6.32603406326034; Sao Paulo, SãPaulo, Brazil | Unknown actor -> BRAZIL; event code 190; Goldstein -10.0; tone 0.806451612903226; Rio Branco, Acre, Brazil"
2000-07-20,1631,0.7854793633155451,0.6859973987317332,-710.5268912725764,314,1292,25,97.75,-0.11918160128776378,-0.19641940612012465,"Unknown actor -> AFRICA; event code 040; Goldstein 1.0; tone 6.40776699029126; Nairobi, Nairobi Area, Kenya | Unknown actor -> BURUNDI; event code 130; Goldstein -4.4; tone 7.02479338842975; Arusha, Arusha, Tanzania | Unknown actor -> BRAZIL; event code 112; Goldstein -2.0; tone 2.29357798165138; Sao Paulo, SãPaulo, Brazil"
2000-07-21,1457,0.7327703887791479,0.6290673276179198,-471.4347082135481,379,1062,16,96.6500015258789,-0.0957061547228556,-0.18882565661536388,"Unknown actor -> FARMER; event code 020; Goldstein 3.0; tone 4.0948275862069; Maumba, Eastern, Kenya | Unknown actor -> BURUNDI; event code 042; Goldstein 1.9; tone 6.03813471157607; Arusha, Arusha, Tanzania | Unknown actor -> BRAZILIAN; event code 040; Goldstein 1.0; tone 6.45161290322581; Caio Prado, CearáR, Brazil"
2000-07-24,4105,0.5333095725777619,0.3724163336349057,-571.950611919938,1011,3043,51,86.30000305175781,0.0017380520414862488,-0.10196990429397867,"Unknown actor -> BUSINESS; event code 043; Goldstein 2.8; tone 4.5643153526971; Jinja, Jinja, Uganda | Unknown actor -> CANADA; event code 036; Goldstein 4.0; tone 6.15058324496288; India | Unknown actor -> CHINESE; event code 036; Goldstein 4.0; tone 5.67810744481483; India"
2000-07-25,2244,0.5532135925358939,0.40088247535158167,-293.71530831575257,609,1611,24,85.19999694824219,0.012910870222024418,-0.09507040803113798,"Unknown actor -> FARMER; event code 192; Goldstein -9.5; tone 4.65754408075522; Putumayo, Magdalena, Colombia | Unknown actor -> SAO PAULO; event code 036; Goldstein 4.0; tone 3.93258426966292; Sao Paulo, SãPaulo, Brazil | Unknown actor -> SAO PAULO; event code 042; Goldstein 1.9; tone 3.93258426966292; Sao Paulo, SãPaulo, Brazil"
2000-10-12,1671,0.6821452019671952,0.539166533362008,-215.48350834133046,536,1101,34,81.30000305175781,0.06642058663941985,-0.0897909320754936,"Unknown actor -> AFRICA; event code 040; Goldstein 1.0; tone 14.4915932746197; Sino, Manyara, Tanzania | Unknown actor -> EMPLOYER; event code 036; Goldstein 4.0; tone 7.93650793650794; Addis Ababa, (ET10), Ethiopia | Unknown actor -> HU JINTAO; event code 043; Goldstein 2.8; tone 14.4915932746197; Sino, Manyara, Tanzania"
2000-10-13,1318,0.6208643267413875,0.47396668620314375,-129.678981029931,442,863,13,81.05000305175781,0.03824797479824227,-0.08513264979734336,"Unknown actor -> COMPANY; event code 141; Goldstein -6.5; tone 0.460829493087558; Jakarta, Jakarta Raya, Indonesia | Unknown actor -> ABIDJAN; event code 042; Goldstein 1.9; tone 6.82730923694779; Cocody, Lagunes, Cote D'ivoire | Unknown actor -> ABIDJAN; event code 042; Goldstein 1.9; tone 6.82730923694779; Cocody, Lagunes, Cote D'ivoire"
2000-10-16,3860,0.7413163678016111,0.6249733173532598,-1230.5400430207558,1015,2797,48,85.6500015258789,-0.08406309923370237,-0.1657910604163414,"Unknown actor -> AFRICA; event code 045; Goldstein 5.0; tone 8.77944325481799; Addis Ababa, (ET10), Ethiopia | Unknown actor -> GALAN; event code 173; Goldstein -5.0; tone 7.45192307692308; San Jose, Monagas, Venezuela | Unknown actor -> BANK; event code 042; Goldstein 1.9; tone 3.90117035110533; Bouake, Region de la Vallee du Bandama, Cote D'ivoire"
2000-10-17,1931,0.7999637736210592,0.6836372214429249,-713.1465063042759,470,1428,33,88.69999694824219,-0.10653886441232241,-0.19503941395238256,"Unknown actor -> ANGOLAN; event code 043; Goldstein 2.8; tone 3.84615384615385; Angola | Unknown actor -> BELARUS; event code 042; Goldstein 1.9; tone 5.15695067264574; Anand, Gujarat, India | Unknown actor -> BELARUS; event code 042; Goldstein 1.9; tone 5.15695067264574; Anand, Gujarat, India"
2000-10-18,1756,0.7946722708842947,0.7016282280723549,-741.450411302443,367,1357,32,88.25,-0.11558070196308423,-0.20339939884693692,"Unknown actor -> ARGENTINA; event code 036; Goldstein 4.0; tone 2.72373540856031; Brasilia, Distrito Federal, Brazil | Unknown actor -> BRAZIL; event code 036; Goldstein 4.0; tone 7.94392523364486; Manaus, Amazonas, Brazil | Unknown actor -> COMPANY; event code 040; Goldstein 1.0; tone 3.20987654320988; Lima, Lima, Peru"
2000-10-19,1727,0.7963735089975942,0.6957866168918599,-594.3395674746102,460,1236,31,86.69999694824219,-0.13033443852494142,-0.2058823425885138,"Unknown actor -> FARMER; event code 042; Goldstein 1.9; tone 3.08641975308642; Lampung, Kalimantan Tengah, Indonesia | Unknown actor -> BANGLADESHI; event code 110; Goldstein -2.0; tone 6.77966101694915; India | Unknown actor -> COMPANY; event code 112; Goldstein -2.0; tone 5.45977011494253; Ndubai, Rift Valley, Kenya"
2000-10-20,1405,0.7616455960616167,0.6520689507374919,-351.12994308876233,456,920,29,84.1500015258789,-0.10160431249818103,-0.18538322271240337,"Unknown actor -> AFRICA; event code 100; Goldstein -5.0; tone 11.2621359223301; Addis Ababa, (ET10), Ethiopia | Unknown actor -> AFRICA; event code 100; Goldstein -5.0; tone 6.37619553666312; Indonesia | Unknown actor -> CORPORATION; event code 036; Goldstein 4.0; tone 2.94117647058824; Jakarta, Jakarta Raya, Indonesia"
2000-10-23,3329,0.6626748628866895,0.5650934729366692,-942.7950967602166,887,2377,65,78.44999694824219,-0.06309747789420539,-0.10325046257764814,"Unknown actor -> BANGLADESH; event code 057; Goldstein 8.0; tone 3.57142857142857; New Delhi, Delhi, India | Unknown actor -> MINSK; event code 036; Goldstein 4.0; tone 5.06329113924051; Vietnam, Republic Of | Unknown actor -> BELARUSSIAN; event code 057; Goldstein 8.0; tone 5.06329113924051; Minsk, Belarus (general), Belarus"
2000-10-24,1701,0.6845921596637076,0.5583381047433396,-360.08704885099553,561,1102,38,79.25,-0.06119871891635453,-0.13501573436267744,"Unknown actor -> AFRICA; event code 042; Goldstein 1.9; tone 5.85774058577406; India | Unknown actor -> BRAZIL; event code 040; Goldstein 1.0; tone 9.47521865889213; Iguacu, Bahia, Brazil | Unknown actor -> BRAZIL; event code 173; Goldstein -5.0; tone 3.64741641337386; Foz Do Iguacu, ParanáR, Brazil"
2000-12-11,4010,0.5975801879635215,0.4671926142283457,-814.3840758874851,1253,2706,51,64.0999984741211,-0.021840838447864552,-0.011700468297246469,"Unknown actor -> BRAZIL; event code 080; Goldstein 5.0; tone 6.84931506849315; Nicolau, Minas Gerais, Brazil | Unknown actor -> PRODUCER; event code 046; Goldstein 7.0; tone 3.82436260623229; Brazil | Unknown actor -> EXPORTER; event code 050; Goldstein 3.5; tone 6.08108108108108; Kampala, Kampala, Uganda"
2000-12-12,1861,0.5714572623572668,0.4074367555236434,-228.69918464391804,528,1305,28,64.19999694824219,0.013239971089109126,-0.009345771069191988,"Unknown actor -> BRAZIL; event code 043; Goldstein 2.8; tone 8.125; Brazil | Unknown actor -> BRAZIL; event code 036; Goldstein 4.0; tone 5.4590570719603; Bahia, Bahia, Brazil | Unknown actor -> GENEVA; event code 040; Goldstein 1.0; tone 3.84774423221743; Jakarta, Jakarta Raya, Indonesia"
2000-12-13,1750,0.5898973485582166,0.4428214677825035,-214.1329296469684,519,1199,32,63.75,0.026666618795955888,0.019607843137254832,"Unknown actor -> AFRICA; event code 036; Goldstein 4.0; tone 4.21052631578947; Kampala, Kampala, Uganda | Unknown actor -> FARMER; event code 031; Goldstein 5.2; tone 5.67010309278351; Tanzania | Unknown actor -> AUSTRALIAN; event code 172; Goldstein -5.0; tone 5.69105691056911; Balibo, Nusa Tenggara Timur, Indonesia"
2000-12-14,1645,0.7358872031829798,0.573182310852386,-373.1381248927309,416,1195,34,61.54999923706055,0.08123483146506127,0.09504471748711163,"Unknown actor -> AFRICA; event code 112; Goldstein -2.0; tone 9.18727915194346; Kampala, Kampala, Uganda | Unknown actor -> BRAZIL; event code 036; Goldstein 4.0; tone 8.84820747520976; Bahia, Bahia, Brazil | Unknown actor -> BRAZIL; event code 040; Goldstein 1.0; tone 4.23280423280423; Brazil"
2000-12-15,1619,0.6150333126060926,0.46577263533517654,-315.6379882902999,376,1202,41,62.900001525878906,0.03974562701674067,0.11605715811246609,"Unknown actor -> BANGLADESH; event code 042; Goldstein 1.9; tone 9.25925925925926; India | Unknown actor -> BRAZILIAN; event code 040; Goldstein 1.0; tone 8.15602836879433; Brasilia, Distrito Federal, Brazil | Unknown actor -> PRODUCER; event code 173; Goldstein -5.0; tone 1.77777777777778; Bombay, Maharashtra, India"
2000-12-18,3767,0.7047133071502484,0.5540604391052252,-756.0483289282535,1013,2694,60,62.70000076293945,0.07336526687153277,0.06459328848133628,"Unknown actor -> FLORIANOPOLIS; event code 040; Goldstein 1.0; tone 1.94174757281553; Florianopolis, Santa Catarina, Brazil | Unknown actor -> BRAZIL; event code 040; Goldstein 1.0; tone 5.98290598290598; Brazil | Unknown actor -> BRAZIL; event code 057; Goldstein 8.0; tone 5.47024952015355; Brazil"
2000-12-19,1512,0.5775228712174826,0.42651023645112035,-186.94100263904434,441,1053,18,65.05000305175781,0.02075324228727471,0.049961565680697984,"Unknown actor -> AUSTRIA; event code 057; Goldstein 8.0; tone 21.0144927536232; Austria | Unknown actor -> BANK; event code 036; Goldstein 4.0; tone 2.53164556962025; Ahmedabad, Gujarat, India | Unknown actor -> BANK; event code 040; Goldstein 1.0; tone 2.53164556962025; Ahmedabad, Gujarat, India"
2000-12-20,1864,0.5877717962405384,0.4480898015953793,-235.6718160134927,549,1273,42,65.44999694824219,0.02902981840291652,0.0886173158471566,"Unknown actor -> BANGLADESH; event code 040; Goldstein 1.0; tone 10.2739726027397; New Delhi, Delhi, India | Unknown actor -> BRAZILIAN; event code 057; Goldstein 8.0; tone 5.73913043478261; Rio De Janeiro, Estado do Rio, Brazil | Unknown actor -> BANK; event code 051; Goldstein 3.4; tone 9.56937799043062; El Salvador"
2000-12-21,1431,0.5666388983885166,0.45808629122662836,-383.59840660815576,327,1075,29,66.55000305175781,-0.01502629532897648,0.049586705800701125,"Unknown actor -> AFGHANISTAN; event code 042; Goldstein 1.9; tone 6.52463382157124; New Delhi, Delhi, India | Unknown actor -> AFRICA; event code 036; Goldstein 4.0; tone 2.92792792792793; Kenya | Unknown actor -> AUSTRALIA; event code 042; Goldstein 1.9; tone 2.32930298719773; Indonesia"
