Date,window_start,window_end,source_engine,published,source,title,snippet,url,impact_score,weekly_strength_score,direction_alignment,matched_terms
2026-06-26,2026-06-22,2026-07-03,duckduckgo,,www.aeki-aice.org,"World Coffee Prices 2026: Arabica, Robusta & Price Predictions",,https://www.aeki-aice.org/en/world-coffee-prices-2026/,0.0,0.75,0,
2026-06-26,2026-06-22,2026-07-03,duckduckgo,,invezz.com,Coffee price analysis: Falling wedge pattern readies market for a breakout,,https://invezz.com/news/2026/06/27/coffee-price-analysis-falling-wedge-pattern-readies-market-for-a-breakout/,-2.0,1.75,0,falling
2026-06-26,2026-06-22,2026-07-03,duckduckgo,,www.sampoq.com,"Coffee (Arabica) Price Today — Chart, History & 2026 Forecast",,https://www.sampoq.com/commodity/coffee,0.0,0.5,0,
2026-06-26,2026-06-22,2026-07-03,duckduckgo,,cofdar.com,"Coffee Market Report June 2026: Prices, Exports and Risks",,https://cofdar.com/en/coffee-market-report-june-2026-en/,0.0,0.25,0,
2026-06-26,2026-06-22,2026-07-03,duckduckgo,,www.barchart.com,Arabica Coffee 4/5 Sep '26 Futures Price - Barchart.com,,https://www.barchart.com/futures/quotes/XFU26,0.0,0.5,0,
2026-06-26,2026-06-22,2026-07-03,duckduckgo,,www.indexbox.io,"Coffee Market Analysis: Arabica and Robusta Price Movements, Harvest ...",,https://www.indexbox.io/blog/coffee-prices-show-divergent-trends-in-domestic-and-international-markets-conab-report-june-2026/,0.0,0.75,0,
2026-06-26,2026-06-22,2026-07-03,duckduckgo,,qahwaworld.com,ICO Coffee Market Report June 2026 Overview - Qahwa World,,https://qahwaworld.com/news/ico-coffee-market-report-june-2026,0.0,0.25,0,
2026-06-26,2026-06-22,2026-07-03,duckduckgo,,tradingeconomics.com,Coffee - Price - Chart - Historical Data - News,,https://tradingeconomics.com/commodity/coffee,0.0,0.25,0,
2024-04-10,2024-04-06,2024-04-17,duckduckgo,,www.investing.com,Arabica Coffee 4/5 Futures Historical Prices - Investing.com,,https://www.investing.com/commodities/arabica-coffee-4-5-historical-data,0.0,0.5,0,
2024-04-10,2024-04-06,2024-04-17,duckduckgo,,www.ice.com,Coffee C Futures Pricing,,https://www.ice.com/products/15/Coffee-C-Futures/data,0.0,0.25,0,
2024-04-10,2024-04-06,2024-04-17,duckduckgo,,www.investing.com,Arabica Coffee 4/5 Futures Price Today - Investing.com,,https://www.investing.com/commodities/arabica-coffee-4-5,0.0,0.5,0,
2024-04-10,2024-04-06,2024-04-17,duckduckgo,,markets.ft.com,Coffee (Arabica) price information - FT.com,,https://markets.ft.com/data/commodities/tearsheet/summary?c=Coffee (Arabica),0.0,0.5,0,
2024-04-10,2024-04-06,2024-04-17,duckduckgo,,in.investing.com,Arabica Coffee 4/5 Futures Price History Chart - Investing.com IN,,https://in.investing.com/commodities/arabica-coffee-4-5-historical-data,0.0,0.5,0,
2024-04-10,2024-04-06,2024-04-17,duckduckgo,,uk.investing.com,Arabica Coffee 4/5 Futures - Sep 26 (ICFc1) - Investing.com UK,,https://uk.investing.com/commodities/arabica-coffee-4-5-historical-data,0.0,0.5,0,
2024-04-10,2024-04-06,2024-04-17,duckduckgo,,coffeetalk.com,Where are Arabica Coffee Futures Heading? - CoffeeTalk,,https://coffeetalk.com/daily-dose/top-news/10-2024/105273/,0.0,0.75,0,
2024-04-10,2024-04-06,2024-04-17,duckduckgo,,ycharts.com,Coffee Arabica Price (Monthly) - Historical Data & Trends,,https://ycharts.com/indicators/world_coffee_arabica_price,0.0,0.5,0,
2025-04-21,2025-04-17,2025-04-28,duckduckgo,,www.investing.com,Arabica Coffee 4/5 Futures Historical Prices - Investing.com,,https://www.investing.com/commodities/arabica-coffee-4-5-historical-data,0.0,0.5,0,
2025-04-21,2025-04-17,2025-04-28,duckduckgo,,www.investing.com,Arabica Coffee 4/5 Futures Price Today - Investing.com,,https://www.investing.com/commodities/arabica-coffee-4-5,0.0,0.5,0,
2025-04-21,2025-04-17,2025-04-28,duckduckgo,,markets.ft.com,Coffee (Arabica) price information - FT.com,,https://markets.ft.com/data/commodities/tearsheet/summary?c=Coffee (Arabica),0.0,0.5,0,
2025-04-21,2025-04-17,2025-04-28,duckduckgo,,www.ice.com,Coffee C Futures Pricing,,https://www.ice.com/products/15/Coffee-C-Futures/data,0.0,0.25,0,
2025-04-21,2025-04-17,2025-04-28,duckduckgo,,coffeetalk.com,Coffee Cost Crisis Estimated to Ease With Predictions of 30% Fall by ...,,https://coffeetalk.com/daily-dose/top-news/02-2025/106383/,-1.0,1.0,0,ease
2025-04-21,2025-04-17,2025-04-28,duckduckgo,,in.investing.com,Arabica Coffee 4/5 Futures Price History Chart - Investing.com IN,,https://in.investing.com/commodities/arabica-coffee-4-5-historical-data,0.0,0.5,0,
2025-04-21,2025-04-17,2025-04-28,duckduckgo,,uk.investing.com,Arabica Coffee 4/5 Futures - Sep 26 (ICFc1) - Investing.com UK,,https://uk.investing.com/commodities/arabica-coffee-4-5-historical-data,0.0,0.5,0,
2025-04-21,2025-04-17,2025-04-28,duckduckgo,,www.reuters.com,Arabica coffee prices seen falling 30% by end-2025 | Reuters,,https://www.reuters.com/markets/commodities/arabica-coffee-prices-seen-falling-30-by-end-2025-2025-02-13/,-2.0,2.0,0,falling
2025-08-14,2025-08-10,2025-08-21,duckduckgo,,tradingeconomics.com,Coffee - Price - Chart - Historical Data - News,,https://tradingeconomics.com/commodity/coffee,0.0,0.25,0,
2025-08-14,2025-08-10,2025-08-21,duckduckgo,,www.ice.com,Coffee C Futures Pricing,,https://www.ice.com/products/15/Coffee-C-Futures/data,0.0,0.25,0,
2025-08-14,2025-08-10,2025-08-21,duckduckgo,,markets.ft.com,Coffee (Arabica) price information - FT.com,,https://markets.ft.com/data/commodities/tearsheet/summary?c=Coffee (Arabica),0.0,0.5,0,
2025-08-14,2025-08-10,2025-08-21,duckduckgo,,www.barchart.com,Coffee Prices and Coffee Futures Prices - Barchart.com,,https://www.barchart.com/futures/quotes/KC*0/futures-prices,0.0,0.5,0,
2025-08-14,2025-08-10,2025-08-21,duckduckgo,,www.investing.com,Arabica Coffee 4/5 Futures Historical Prices - Investing.com,,https://www.investing.com/commodities/arabica-coffee-4-5-historical-data,0.0,0.5,0,
2025-08-14,2025-08-10,2025-08-21,duckduckgo,,www.investing.com,Arabica Coffee 4/5 Futures Price Today - Investing.com,,https://www.investing.com/commodities/arabica-coffee-4-5,0.0,0.5,0,
2025-08-14,2025-08-10,2025-08-21,duckduckgo,,commoditypriceapi.com,Live Coffee Arabica Price & Charts | CommodityPriceAPI,,https://commoditypriceapi.com/tools/ca/prices,0.0,0.5,0,
2025-08-14,2025-08-10,2025-08-21,duckduckgo,,ycharts.com,Coffee Arabica Price (Monthly) - Historical Data & Trends,,https://ycharts.com/indicators/world_coffee_arabica_price,0.0,0.5,0,
2025-09-16,2025-09-12,2025-09-23,duckduckgo,,www.ice.com,Coffee C Futures Pricing,,https://www.ice.com/products/15/Coffee-C-Futures/data,0.0,0.25,0,
2025-09-16,2025-09-12,2025-09-23,duckduckgo,,perfectdailygrind.com,"Coffee News Recap, 19 Sep: Arabica futures drop sharply from near ...",,https://perfectdailygrind.com/2025/09/coffee-news-recap-19-september-2025/,-6.0,5.0,1,drop sharply; drop
2025-09-16,2025-09-12,2025-09-23,duckduckgo,,tradingeconomics.com,Coffee - Price - Chart - Historical Data - News,,https://tradingeconomics.com/commodity/coffee,0.0,0.25,0,
2025-09-16,2025-09-12,2025-09-23,duckduckgo,,tradingeconomics.com,Arabica Coffee Futures Stay Near 7-Month Highs,,https://tradingeconomics.com/commodity/coffee/news/485622,1.0,1.5,0,highs
2025-09-16,2025-09-12,2025-09-23,duckduckgo,,www.barchart.com,Coffee Prices and Coffee Futures Prices - Barchart.com,,https://www.barchart.com/futures/quotes/KC*0/futures-prices,0.0,0.5,0,
2025-09-16,2025-09-12,2025-09-23,duckduckgo,,qahwaworld.com,Coffee Prices Surpass $4 per Pound Amid Global Supply Strains - Qahwa World,,https://qahwaworld.com/news/coffee-prices-above-4-dollars-2025,6.0,4.75,0,supply strains; surpass
2025-09-16,2025-09-12,2025-09-23,duckduckgo,,www.investing.com,Arabica Coffee 4/5 Futures Price Today - Investing.com,,https://www.investing.com/commodities/arabica-coffee-4-5,0.0,0.5,0,
2025-09-16,2025-09-12,2025-09-23,duckduckgo,,markets.ft.com,Coffee (Arabica) price information - FT.com,,https://markets.ft.com/data/commodities/tearsheet/summary?c=Coffee (Arabica),0.0,0.5,0,
2025-12-11,2025-12-07,2025-12-18,duckduckgo,,tradingeconomics.com,Coffee - Price - Chart - Historical Data - News,,https://tradingeconomics.com/commodity/coffee,0.0,0.25,0,
2025-12-11,2025-12-07,2025-12-18,duckduckgo,,www.barchart.com,Coffee Dec '25 Futures Price - Barchart.com,,https://www.barchart.com/futures/quotes/KCZ25,0.0,0.25,0,
2025-12-11,2025-12-07,2025-12-18,duckduckgo,,www.investing.com,US Coffee C Futures Historical Prices - Investing.com,,https://www.investing.com/commodities/us-coffee-c-historical-data,0.0,0.25,0,
2025-12-11,2025-12-07,2025-12-18,duckduckgo,,www.ice.com,Coffee C Futures Pricing,,https://www.ice.com/products/15/Coffee-C-Futures/data,0.0,0.25,0,
2025-12-11,2025-12-07,2025-12-18,duckduckgo,,markets.ft.com,Coffee (Arabica) price information - FT.com,,https://markets.ft.com/data/commodities/tearsheet/summary?c=Coffee (Arabica),0.0,0.5,0,
2025-12-11,2025-12-07,2025-12-18,duckduckgo,,ycharts.com,Coffee Arabica Price (Monthly) - Historical Data & Trends,,https://ycharts.com/indicators/world_coffee_arabica_price,0.0,0.5,0,
2025-12-11,2025-12-07,2025-12-18,duckduckgo,,tradingeconomics.com,Arabica Coffee Futures Slip - TRADING ECONOMICS,,https://tradingeconomics.com/commodity/coffee/news/501456,0.0,0.75,0,
2025-12-11,2025-12-07,2025-12-18,duckduckgo,,www.reuters.com,Arabica coffee prices seen falling 30% by end-2025 | Reuters,,https://www.reuters.com/markets/commodities/arabica-coffee-prices-seen-falling-30-by-end-2025-2025-02-13/,-2.0,2.0,1,falling
2026-06-29,2026-06-25,2026-07-06,duckduckgo,,www.aeki-aice.org,"World Coffee Prices 2026: Arabica, Robusta & Price Predictions",,https://www.aeki-aice.org/en/world-coffee-prices-2026/,0.0,0.75,0,
2026-06-29,2026-06-25,2026-07-06,duckduckgo,,www.sampoq.com,"Coffee (Arabica) Price Today — Chart, History & 2026 Forecast",,https://www.sampoq.com/commodity/coffee,0.0,0.5,0,
2026-06-29,2026-06-25,2026-07-06,duckduckgo,,www.barchart.com,Arabica Coffee 4/5 Sep '26 Futures Price - Barchart.com,,https://www.barchart.com/futures/quotes/XFU26,0.0,0.5,0,
2026-06-29,2026-06-25,2026-07-06,duckduckgo,,tradingeconomics.com,Coffee - Price - Chart - Historical Data - News,,https://tradingeconomics.com/commodity/coffee,0.0,0.25,0,
2026-06-29,2026-06-25,2026-07-06,duckduckgo,,www.barchart.com,Arabica Coffee 4/5 Prices and Arabica Coffee 4/5 Futures Prices ...,,https://www.barchart.com/futures/quotes/XFH26/futures-prices?viewName=main,0.0,0.5,0,
2026-06-29,2026-06-25,2026-07-06,duckduckgo,,www.investing.com,Arabica Coffee 4/5 Futures Historical Prices - Investing.com,,https://www.investing.com/commodities/arabica-coffee-4-5-historical-data,0.0,0.5,0,
2026-06-29,2026-06-25,2026-07-06,duckduckgo,,markets.ft.com,Coffee (Arabica) price information - FT.com,,https://markets.ft.com/data/commodities/tearsheet/summary?c=Coffee (Arabica),0.0,0.5,0,
2026-06-29,2026-06-25,2026-07-06,duckduckgo,,qahwaworld.com,ICO Coffee Market Report June 2026 Overview - Qahwa World,,https://qahwaworld.com/news/ico-coffee-market-report-june-2026,0.0,0.25,0,
2025-12-12,2025-12-08,2025-12-19,duckduckgo,,www.barchart.com,Coffee Dec '25 Futures Price - Barchart.com,,https://www.barchart.com/futures/quotes/KCZ25,0.0,0.25,0,
2025-12-12,2025-12-08,2025-12-19,duckduckgo,,www.ice.com,Coffee C Futures Pricing,,https://www.ice.com/products/15/Coffee-C-Futures/data,0.0,0.25,0,
2025-12-12,2025-12-08,2025-12-19,duckduckgo,,www.investing.com,US Coffee C Futures Historical Prices - Investing.com,,https://www.investing.com/commodities/us-coffee-c-historical-data,0.0,0.25,0,
2025-12-12,2025-12-08,2025-12-19,duckduckgo,,markets.ft.com,Coffee (Arabica) price information - FT.com,,https://markets.ft.com/data/commodities/tearsheet/summary?c=Coffee (Arabica),0.0,0.5,0,
2025-12-12,2025-12-08,2025-12-19,duckduckgo,,tradingeconomics.com,Coffee - Price - Chart - Historical Data - News,,https://tradingeconomics.com/commodity/coffee,0.0,0.25,0,
2025-12-12,2025-12-08,2025-12-19,duckduckgo,,www.barchart.com,Coffee Prices and Coffee Futures Prices - Barchart.com,,https://www.barchart.com/futures/quotes/KC*0/futures-prices,0.0,0.5,0,
2025-12-12,2025-12-08,2025-12-19,duckduckgo,,ycharts.com,Coffee Arabica Price (Monthly) - Historical Data & Trends,,https://ycharts.com/indicators/world_coffee_arabica_price,0.0,0.5,0,
2025-12-12,2025-12-08,2025-12-19,duckduckgo,,www.investing.com,Arabica Coffee 4/5 Futures Historical Prices - Investing.com,,https://www.investing.com/commodities/arabica-coffee-4-5-historical-data,0.0,0.5,0,
2025-08-15,2025-08-11,2025-08-22,duckduckgo,,www.ice.com,Coffee C Futures Pricing,,https://www.ice.com/products/15/Coffee-C-Futures/data,0.0,0.25,0,
2025-08-15,2025-08-11,2025-08-22,duckduckgo,,www.barchart.com,Coffee Prices and Coffee Futures Prices - Barchart.com,,https://www.barchart.com/futures/quotes/KC*0/futures-prices,0.0,0.5,0,
2025-08-15,2025-08-11,2025-08-22,duckduckgo,,commoditypriceapi.com,Live Coffee Arabica Price & Charts | CommodityPriceAPI,,https://commoditypriceapi.com/tools/ca/prices,0.0,0.5,0,
2025-08-15,2025-08-11,2025-08-22,duckduckgo,,www.investing.com,Arabica Coffee 4/5 Futures Historical Prices - Investing.com,,https://www.investing.com/commodities/arabica-coffee-4-5-historical-data,0.0,0.5,0,
2025-08-15,2025-08-11,2025-08-22,duckduckgo,,www.investing.com,Arabica Coffee 4/5 Futures Price Today - Investing.com,,https://www.investing.com/commodities/arabica-coffee-4-5,0.0,0.5,0,
2025-08-15,2025-08-11,2025-08-22,duckduckgo,,www.barchart.com,Coffee Sep '25 Futures Price - Barchart.com,,https://www.barchart.com/futures/quotes/KCU25,0.0,0.25,0,
2025-08-15,2025-08-11,2025-08-22,duckduckgo,,markets.ft.com,Coffee (Arabica) price information - FT.com,,https://markets.ft.com/data/commodities/tearsheet/summary?c=Coffee+(Arabica),0.0,0.5,0,
2025-08-15,2025-08-11,2025-08-22,duckduckgo,,tradingeconomics.com,Coffee - Price - Chart - Historical Data - News,,https://tradingeconomics.com/commodity/coffee,0.0,0.25,0,
2024-12-03,2024-11-29,2024-12-10,duckduckgo,,markets.ft.com,Coffee (Arabica) price information - FT.com,,https://markets.ft.com/data/commodities/tearsheet/summary?c=Coffee (Arabica),0.0,0.5,0,
2024-12-03,2024-11-29,2024-12-10,duckduckgo,,www.ice.com,Coffee C Futures Pricing,,https://www.ice.com/products/15/Coffee-C-Futures/data,0.0,0.25,0,
2024-12-03,2024-11-29,2024-12-10,duckduckgo,,ycharts.com,Coffee Arabica Price (Monthly) - Historical Data & Trends,,https://ycharts.com/indicators/world_coffee_arabica_price,0.0,0.5,0,
2024-12-03,2024-11-29,2024-12-10,duckduckgo,,www.investing.com,Arabica Coffee 4/5 Futures Historical Prices - Investing.com,,https://www.investing.com/commodities/arabica-coffee-4-5-historical-data,0.0,0.5,0,
2024-12-03,2024-11-29,2024-12-10,duckduckgo,,commoditypriceapi.com,Live Coffee Arabica Price & Charts | CommodityPriceAPI,,https://commoditypriceapi.com/tools/ca/prices,0.0,0.5,0,
2024-12-03,2024-11-29,2024-12-10,duckduckgo,,www.barchart.com,Coffee Prices and Coffee Futures Prices - Barchart.com,,https://www.barchart.com/futures/quotes/KC*0/futures-prices,0.0,0.5,0,
2024-12-03,2024-11-29,2024-12-10,duckduckgo,,www.investing.com,Arabica Coffee 4/5 Futures Price Today - Investing.com,,https://www.investing.com/commodities/arabica-coffee-4-5,0.0,0.5,0,
2024-12-03,2024-11-29,2024-12-10,duckduckgo,,tradingeconomics.com,Coffee - Price - Chart - Historical Data - News,,https://tradingeconomics.com/commodity/coffee,0.0,0.25,0,
2023-01-24,2023-01-20,2023-01-31,duckduckgo,,www.investing.com,Arabica Coffee 4/5 Futures Historical Prices - Investing.com,,https://www.investing.com/commodities/arabica-coffee-4-5-historical-data,0.0,0.5,0,
2023-01-24,2023-01-20,2023-01-31,duckduckgo,,tradingeconomics.com,Coffee - Price - Chart - Historical Data - News,,https://tradingeconomics.com/commodity/coffee,0.0,0.25,0,
2023-01-24,2023-01-20,2023-01-31,duckduckgo,,ycharts.com,Coffee Arabica Price (Monthly) - Historical Data & Trends,,https://ycharts.com/indicators/world_coffee_arabica_price,0.0,0.5,0,
2023-01-24,2023-01-20,2023-01-31,duckduckgo,,www.investing.com,Arabica Coffee 4/5 Futures Price Today - Investing.com,,https://www.investing.com/commodities/arabica-coffee-4-5,0.0,0.5,0,
2023-01-24,2023-01-20,2023-01-31,duckduckgo,,futures.tradingcharts.com,Coffee Historical Prices Charts - xHistorical Commodity Futures Charts ...,,https://futures.tradingcharts.com/hist_CF.html,0.0,0.25,0,
2023-01-24,2023-01-20,2023-01-31,duckduckgo,,in.investing.com,Arabica Coffee 4/5 Futures Price History Chart - Investing.com IN,,https://in.investing.com/commodities/arabica-coffee-4-5-historical-data,0.0,0.5,0,
2023-01-24,2023-01-20,2023-01-31,duckduckgo,,www.ifcmarkets.com,Coffee Price History | Arabica Coffee Historical Prices | IFCM,,https://www.ifcmarkets.com/en/historical-data/commodities-history/coffee,0.0,0.5,0,
2023-01-24,2023-01-20,2023-01-31,duckduckgo,,markets.ft.com,Coffee (Arabica) price information - FT.com,,https://markets.ft.com/data/commodities/tearsheet/summary?c=Coffee (Arabica),0.0,0.5,0,
2026-01-27,2026-01-23,2026-02-03,duckduckgo,,www.aeki-aice.org,"World Coffee Prices 2026: Arabica, Robusta & Price Predictions",,https://www.aeki-aice.org/en/world-coffee-prices-2026/,0.0,0.75,0,
2026-01-27,2026-01-23,2026-02-03,duckduckgo,,j2t.com,Coffee price forecast from 2026 to 2030. Luckin coffee stock price ...,,https://j2t.com/solutions/blogview/coffee-price-forecast/,0.0,0.25,0,
2026-01-27,2026-01-23,2026-02-03,duckduckgo,,www.sampoq.com,"Coffee (Arabica) Price Today — Chart, History & 2026 Forecast",,https://www.sampoq.com/commodity/coffee,0.0,0.5,0,
2026-01-27,2026-01-23,2026-02-03,duckduckgo,,www.helenacoffee.vn,Arabica and Robusta Price Forecast (2026-2027) Part 1,,https://www.helenacoffee.vn/coffee-price-forecast-2026-2027-part-1/,0.0,0.5,0,
2026-01-27,2026-01-23,2026-02-03,duckduckgo,,tradingeconomics.com,Coffee - Price - Chart - Historical Data - News,,https://tradingeconomics.com/commodity/coffee,0.0,0.25,0,
2026-01-27,2026-01-23,2026-02-03,duckduckgo,,www.investing.com,US Coffee C Futures Historical Prices - Investing.com,,https://www.investing.com/commodities/us-coffee-c-historical-data,0.0,0.25,0,
2026-01-27,2026-01-23,2026-02-03,duckduckgo,,www.investing.com,Arabica Coffee 4/5 Futures Historical Prices - Investing.com,,https://www.investing.com/commodities/arabica-coffee-4-5-historical-data,0.0,0.5,0,
2026-01-27,2026-01-23,2026-02-03,duckduckgo,,markets.ft.com,Coffee (Arabica) price information - FT.com,,https://markets.ft.com/data/commodities/tearsheet/summary?c=Coffee (Arabica),0.0,0.5,0,
2025-08-18,2025-08-14,2025-08-25,duckduckgo,,tradingeconomics.com,Coffee - Price - Chart - Historical Data - News,,https://tradingeconomics.com/commodity/coffee,0.0,0.25,0,
2025-08-18,2025-08-14,2025-08-25,duckduckgo,,markets.ft.com,Coffee (Arabica) price information - FT.com,,https://markets.ft.com/data/commodities/tearsheet/summary?c=Coffee (Arabica),0.0,0.5,0,
2025-08-18,2025-08-14,2025-08-25,duckduckgo,,www.ice.com,Coffee C Futures Pricing,,https://www.ice.com/products/15/Coffee-C-Futures/data,0.0,0.25,0,
2025-08-18,2025-08-14,2025-08-25,duckduckgo,,www.barchart.com,Coffee Prices and Coffee Futures Prices - Barchart.com,,https://www.barchart.com/futures/quotes/KC*0/futures-prices,0.0,0.5,0,
2025-08-18,2025-08-14,2025-08-25,duckduckgo,,commoditypriceapi.com,Live Coffee Arabica Price & Charts | CommodityPriceAPI,,https://commoditypriceapi.com/tools/ca/prices,0.0,0.5,0,
2025-08-18,2025-08-14,2025-08-25,duckduckgo,,qahwaworld.com,Brazil Drought and U.S. Tariffs Lift Coffee Prices - Qahwa World,,https://qahwaworld.com/news/brazil-coffee-prices-2025,5.0,4.25,1,drought
2025-08-18,2025-08-14,2025-08-25,duckduckgo,,www.barchart.com,Coffee Sep '25 Futures Price - Barchart.com,,https://www.barchart.com/futures/quotes/KCU25,0.0,0.25,0,
2025-08-18,2025-08-14,2025-08-25,duckduckgo,,www.investing.com,Arabica Coffee 4/5 Futures Price Today - Investing.com,,https://www.investing.com/commodities/arabica-coffee-4-5,0.0,0.5,0,
2025-02-03,2025-01-30,2025-02-10,duckduckgo,,coffeetalk.com,Coffee Cost Crisis Estimated to Ease With Predictions of 30% Fall by ...,,https://coffeetalk.com/daily-dose/top-news/02-2025/106383/,-1.0,1.0,0,ease
2025-02-03,2025-01-30,2025-02-10,duckduckgo,,www.reuters.com,Arabica coffee prices seen falling 30% by end-2025 | Reuters,,https://www.reuters.com/markets/commodities/arabica-coffee-prices-seen-falling-30-by-end-2025-2025-02-13/,-2.0,2.0,0,falling
2025-02-03,2025-01-30,2025-02-10,duckduckgo,,www.ice.com,Coffee C Futures Pricing,,https://www.ice.com/products/15/Coffee-C-Futures/data,0.0,0.25,0,
2025-02-03,2025-01-30,2025-02-10,duckduckgo,,www.investing.com,Arabica Coffee 4/5 Futures Historical Prices - Investing.com,,https://www.investing.com/commodities/arabica-coffee-4-5-historical-data,0.0,0.5,0,
2025-02-03,2025-01-30,2025-02-10,duckduckgo,,perfectdailygrind.com,Arabica futures are over US $4.30/lb: It's a new era for coffee,,https://perfectdailygrind.com/2025/02/coffee-prices-record-highs-roasters/,0.0,0.5,0,
2025-02-03,2025-01-30,2025-02-10,duckduckgo,,markets.ft.com,Coffee (Arabica) price information - FT.com,,https://markets.ft.com/data/commodities/tearsheet/summary?c=Coffee (Arabica),0.0,0.5,0,
2025-02-03,2025-01-30,2025-02-10,duckduckgo,,www.barchart.com,Coffee Prices and Coffee Futures Prices - Barchart.com,,https://www.barchart.com/futures/quotes/KC*0/futures-prices,0.0,0.5,0,
2025-02-03,2025-01-30,2025-02-10,duckduckgo,,www.investing.com,US Coffee C Futures Historical Prices - Investing.com,,https://www.investing.com/commodities/us-coffee-c-historical-data,0.0,0.25,0,
2025-08-12,2025-08-08,2025-08-19,duckduckgo,,tradingeconomics.com,Coffee - Price - Chart - Historical Data - News,,https://tradingeconomics.com/commodity/coffee,0.0,0.25,0,
2025-08-12,2025-08-08,2025-08-19,duckduckgo,,www.ice.com,Coffee C Futures Pricing,,https://www.ice.com/products/15/Coffee-C-Futures/data,0.0,0.25,0,
2025-08-12,2025-08-08,2025-08-19,duckduckgo,,markets.ft.com,Coffee (Arabica) price information - FT.com,,https://markets.ft.com/data/commodities/tearsheet/summary?c=Coffee (Arabica),0.0,0.5,0,
2025-08-12,2025-08-08,2025-08-19,duckduckgo,,www.barchart.com,Coffee Prices and Coffee Futures Prices - Barchart.com,,https://www.barchart.com/futures/quotes/KC*0/futures-prices,0.0,0.5,0,
2025-08-12,2025-08-08,2025-08-19,duckduckgo,,www.investing.com,Arabica Coffee 4/5 Futures Historical Prices - Investing.com,,https://www.investing.com/commodities/arabica-coffee-4-5-historical-data,0.0,0.5,0,
2025-08-12,2025-08-08,2025-08-19,duckduckgo,,www.barchart.com,Coffee Dec '25 Futures Price - Barchart.com,,https://www.barchart.com/futures/quotes/KCZ25,0.0,0.25,0,
2025-08-12,2025-08-08,2025-08-19,duckduckgo,,www.investing.com,Arabica Coffee 4/5 Futures Price Today - Investing.com,,https://www.investing.com/commodities/arabica-coffee-4-5,0.0,0.5,0,
2025-08-12,2025-08-08,2025-08-19,duckduckgo,,commoditypriceapi.com,Live Coffee Arabica Price & Charts | CommodityPriceAPI,,https://commoditypriceapi.com/tools/ca/prices,0.0,0.5,0,
2026-06-09,2026-06-05,2026-06-16,gdelt,20260615T131500Z,beveragedaily.com,Uganda Ebola Crisis : Coffee Trade Risk Offset by Global Supply Boom,,https://www.beveragedaily.com/Article/2026/06/12/uganda-ebola-crisis-coffee-trade-risk-offset-by-global-supply-boom/,0.0,0.25,0,
2026-06-09,2026-06-05,2026-06-16,gdelt,20260616T124500Z,bakeryandsnacks.com,Uganda Ebola Crisis : Coffee Trade Risk Offset by Global Supply Boom,,https://www.bakeryandsnacks.com/Article/2026/06/12/uganda-ebola-crisis-coffee-trade-risk-offset-by-global-supply-boom/,0.0,0.25,0,
2026-06-09,2026-06-05,2026-06-16,gdelt,20260616T061500Z,foodnavigator-asia.com,Uganda Ebola Crisis : Coffee Trade Risk Offset by Global Supply Boom,,https://www.foodnavigator-asia.com/Article/2026/06/12/uganda-ebola-crisis-coffee-trade-risk-offset-by-global-supply-boom/,0.0,0.25,0,
2026-06-09,2026-06-05,2026-06-16,gdelt,20260609T214500Z,ocregister.com,Briefly : Smucker to lower its coffee prices next year,,https://www.ocregister.com/2026/06/09/smucker-plans-to-lower-coffee-prices-next-year-as-costs-drop/,-1.0,1.0,0,lower
2026-06-09,2026-06-05,2026-06-16,gdelt,20260608T063000Z,rte.ie,Why your takeaway coffee costs more than it did a few years ago,,https://www.rte.ie/brainstorm/2026/0608/1576587-takeaway-coffee-price-supply-chain-economics-climate-change-inflation-vietnam/,0.0,0.25,0,
2025-08-13,2025-08-09,2025-08-20,duckduckgo,,tradingeconomics.com,Coffee - Price - Chart - Historical Data - News,,https://tradingeconomics.com/commodity/coffee,0.0,0.25,0,
2025-08-13,2025-08-09,2025-08-20,duckduckgo,,www.ice.com,Coffee C Futures Pricing,,https://www.ice.com/products/15/Coffee-C-Futures/data,0.0,0.25,0,
2025-08-13,2025-08-09,2025-08-20,duckduckgo,,www.barchart.com,Coffee Prices and Coffee Futures Prices - Barchart.com,,https://www.barchart.com/futures/quotes/KC*0/futures-prices,0.0,0.5,0,
2025-08-13,2025-08-09,2025-08-20,duckduckgo,,markets.ft.com,Coffee (Arabica) price information - FT.com,,https://markets.ft.com/data/commodities/tearsheet/summary?c=Coffee (Arabica),0.0,0.5,0,
2025-08-13,2025-08-09,2025-08-20,duckduckgo,,www.barchart.com,Coffee Sep '25 Futures Price - Barchart.com,,https://www.barchart.com/futures/quotes/KCU25,0.0,0.25,0,
2025-08-13,2025-08-09,2025-08-20,duckduckgo,,www.investing.com,Arabica Coffee 4/5 Futures Historical Prices - Investing.com,,https://www.investing.com/commodities/arabica-coffee-4-5-historical-data,0.0,0.5,0,
2025-08-13,2025-08-09,2025-08-20,duckduckgo,,www.investing.com,Arabica Coffee 4/5 Futures Price Today - Investing.com,,https://www.investing.com/commodities/arabica-coffee-4-5,0.0,0.5,0,
2025-08-13,2025-08-09,2025-08-20,duckduckgo,,commoditypriceapi.com,Live Coffee Arabica Price & Charts | CommodityPriceAPI,,https://commoditypriceapi.com/tools/ca/prices,0.0,0.5,0,
2024-07-01,2024-06-27,2024-07-08,duckduckgo,,www.barchart.com,Coffee Jul '24 Futures Price - Barchart.com,,https://www.barchart.com/futures/quotes/KCN24,0.0,0.25,0,
2024-07-01,2024-06-27,2024-07-08,duckduckgo,,markets.ft.com,Coffee (Arabica) price information - FT.com,,https://markets.ft.com/data/commodities/tearsheet/summary?c=Coffee (Arabica),0.0,0.5,0,
2024-07-01,2024-06-27,2024-07-08,duckduckgo,,www.investing.com,Arabica Coffee 4/5 Futures Historical Prices - Investing.com,,https://www.investing.com/commodities/arabica-coffee-4-5-historical-data,0.0,0.5,0,
2024-07-01,2024-06-27,2024-07-08,duckduckgo,,www.ice.com,Coffee C Futures Pricing,,https://www.ice.com/products/15/Coffee-C-Futures/data,0.0,0.25,0,
2024-07-01,2024-06-27,2024-07-08,duckduckgo,,tradingeconomics.com,Coffee - Price - Chart - Historical Data - News,,https://tradingeconomics.com/commodity/coffee,0.0,0.25,0,
2024-07-01,2024-06-27,2024-07-08,duckduckgo,,www.barchart.com,Coffee Prices and Coffee Futures Prices - Barchart.com,,https://www.barchart.com/futures/quotes/KC*0/futures-prices,0.0,0.5,0,
2024-07-01,2024-06-27,2024-07-08,duckduckgo,,www.investing.com,Arabica Coffee 4/5 Futures Price Today - Investing.com,,https://www.investing.com/commodities/arabica-coffee-4-5,0.0,0.5,0,
2024-07-01,2024-06-27,2024-07-08,duckduckgo,,ycharts.com,Coffee Arabica Price (Monthly) - Historical Data & Trends,,https://ycharts.com/indicators/world_coffee_arabica_price,0.0,0.5,0,
2024-03-28,2024-03-24,2024-04-04,duckduckgo,,tradingeconomics.com,Coffee - Price - Chart - Historical Data - News,,https://tradingeconomics.com/commodity/coffee,0.0,0.25,0,
2024-03-28,2024-03-24,2024-04-04,duckduckgo,,www.ice.com,Coffee C Futures Pricing,,https://www.ice.com/products/15/Coffee-C-Futures/data,0.0,0.25,0,
2024-03-28,2024-03-24,2024-04-04,duckduckgo,,tradingeconomics.com,Arabica Coffee Prices at 2024-Lows - TRADING ECONOMICS,,https://tradingeconomics.com/commodity/coffee/news/556961,0.0,0.5,0,
2024-03-28,2024-03-24,2024-04-04,duckduckgo,,www.investing.com,Arabica Coffee 4/5 Futures Historical Prices - Investing.com,,https://www.investing.com/commodities/arabica-coffee-4-5-historical-data,0.0,0.5,0,
2024-03-28,2024-03-24,2024-04-04,duckduckgo,,markets.ft.com,Coffee (Arabica) price information - FT.com,,https://markets.ft.com/data/commodities/tearsheet/summary?c=Coffee (Arabica),0.0,0.5,0,
2024-03-28,2024-03-24,2024-04-04,duckduckgo,,www.investing.com,US Coffee C Futures Historical Prices - Investing.com,,https://www.investing.com/commodities/us-coffee-c-historical-data,0.0,0.25,0,
2024-03-28,2024-03-24,2024-04-04,duckduckgo,,coffeetalk.com,Where are Arabica Coffee Futures Heading? - CoffeeTalk,,https://coffeetalk.com/daily-dose/top-news/10-2024/105273/,0.0,0.75,0,
2024-03-28,2024-03-24,2024-04-04,duckduckgo,,ycharts.com,Coffee Arabica Price (Monthly) - Historical Data & Trends,,https://ycharts.com/indicators/world_coffee_arabica_price,0.0,0.5,0,
2025-09-15,2025-09-11,2025-09-22,duckduckgo,,tradingeconomics.com,Arabica Coffee Futures Stay Near 7-Month Highs - TRADING ECONOMICS,,https://tradingeconomics.com/commodity/coffee/news/485622,1.0,1.5,0,highs
2025-09-15,2025-09-11,2025-09-22,duckduckgo,,www.bloomberg.com,Arabica Coffee Hits Highest Since February on Supply Concerns,,https://www.bloomberg.com/news/articles/2025-09-15/coffee-tops-4-for-first-time-since-april-on-supply-concerns,6.0,5.0,0,supply concerns; highest
2025-09-15,2025-09-11,2025-09-22,duckduckgo,,www.ice.com,Coffee C Futures Pricing,,https://www.ice.com/products/15/Coffee-C-Futures/data,0.0,0.25,0,
2025-09-15,2025-09-11,2025-09-22,duckduckgo,,tradingeconomics.com,Coffee - Price - Chart - Historical Data - News,,https://tradingeconomics.com/commodity/coffee,0.0,0.25,0,
2025-09-15,2025-09-11,2025-09-22,duckduckgo,,markets.ft.com,Coffee (Arabica) price information - FT.com,,https://markets.ft.com/data/commodities/tearsheet/summary?c=Coffee (Arabica),0.0,0.5,0,
2025-09-15,2025-09-11,2025-09-22,duckduckgo,,www.barchart.com,Coffee Prices and Coffee Futures Prices - Barchart.com,,https://www.barchart.com/futures/quotes/KC*0/futures-prices,0.0,0.5,0,
2025-09-15,2025-09-11,2025-09-22,duckduckgo,,perfectdailygrind.com,"Coffee News Recap, 19 Sep: Arabica futures drop sharply from near ...",,https://perfectdailygrind.com/2025/09/coffee-news-recap-19-september-2025/,-6.0,5.0,1,drop sharply; drop
2025-09-15,2025-09-11,2025-09-22,duckduckgo,,www.investing.com,Arabica Coffee 4/5 Futures Price Today - Investing.com,,https://www.investing.com/commodities/arabica-coffee-4-5,0.0,0.5,0,
2024-04-29,2024-04-25,2024-05-06,duckduckgo,,www.investing.com,Arabica Coffee 4/5 Futures Historical Prices - Investing.com,,https://www.investing.com/commodities/arabica-coffee-4-5-historical-data,0.0,0.5,0,
2024-04-29,2024-04-25,2024-05-06,duckduckgo,,www.ice.com,Coffee C Futures Pricing,,https://www.ice.com/products/15/Coffee-C-Futures/data,0.0,0.25,0,
2024-04-29,2024-04-25,2024-05-06,duckduckgo,,markets.ft.com,Coffee (Arabica) price information - FT.com,,https://markets.ft.com/data/commodities/tearsheet/summary?c=Coffee (Arabica),0.0,0.5,0,
2024-04-29,2024-04-25,2024-05-06,duckduckgo,,ycharts.com,Coffee Arabica Price (Monthly) - Historical Data & Trends,,https://ycharts.com/indicators/world_coffee_arabica_price,0.0,0.5,0,
2024-04-29,2024-04-25,2024-05-06,duckduckgo,,www.investing.com,Arabica Coffee 4/5 Futures Price Today - Investing.com,,https://www.investing.com/commodities/arabica-coffee-4-5,0.0,0.5,0,
2024-04-29,2024-04-25,2024-05-06,duckduckgo,,www.investing.com,US Coffee C Futures Historical Prices - Investing.com,,https://www.investing.com/commodities/us-coffee-c-historical-data,0.0,0.25,0,
2024-04-29,2024-04-25,2024-05-06,duckduckgo,,in.investing.com,Arabica Coffee 4/5 Futures Price History Chart - Investing.com IN,,https://in.investing.com/commodities/arabica-coffee-4-5-historical-data,0.0,0.5,0,
2024-04-29,2024-04-25,2024-05-06,duckduckgo,,www.barchart.com,Coffee Prices and Coffee Futures Prices - Barchart.com,,https://www.barchart.com/futures/quotes/KC*0/futures-prices,0.0,0.5,0,
2025-12-10,2025-12-06,2025-12-17,gdelt,20251207T173000Z,deccanchronicle.com,Brazil Robusta Coffee Growers Push For Quality,,https://www.deccanchronicle.com/world/americas/brazilian-robusta-farmers-are-investing-in-harvesting-and-drying-techniques-to-produce-top-notch-robusta-coffee-1922323,0.0,0.75,0,
2025-12-10,2025-12-06,2025-12-17,gdelt,20251218T201500Z,capitalfm.co.ke,India Coffee Exports Set to Top $2 Billion in 2025 on Surging Global Prices,,https://www.capitalfm.co.ke/business/2025/12/indias-coffee-exports-set-to-top-2-billion-in-2025-on-surging-global-prices/,0.0,0.25,0,
2025-12-10,2025-12-06,2025-12-17,gdelt,20251217T224500Z,independent.co.uk,Coffee prices are soaring and caffeine addicts are switching vices,,https://www.independent.co.uk/us/money/coffee-prices-increase-caffeine-addicts-b2886481.html,2.0,1.75,0,soaring
2025-12-10,2025-12-06,2025-12-17,gdelt,20251209T224500Z,dailycoffeenews.com,Brazil Coffee Report : Robusta Filling In for Lower Expected Arabica Output,,https://dailycoffeenews.com/2025/12/09/brazil-coffee-report-robusta-filling-in-for-lower-expected-arabica-output/,-1.0,1.75,1,lower
2025-12-10,2025-12-06,2025-12-17,gdelt,20251217T201500Z,aol.co.uk,Coffee prices are soaring and caffeine addicts are switching vices,,https://www.aol.co.uk/articles/coffee-prices-soaring-caffeine-addicts-194707670.html,2.0,1.75,0,soaring
2025-12-10,2025-12-06,2025-12-17,gdelt,20251215T163000Z,the-independent.com,The era of the £5 coffee is here – and it not going away any time soon,,https://www.the-independent.com/life-style/food-and-drink/features/cost-of-coffee-ps5-caffe-nero-climate-change-b2884655.html,0.0,0.25,0,
2024-12-02,2024-11-28,2024-12-09,duckduckgo,,www.ice.com,Coffee C Futures Pricing,,https://www.ice.com/products/15/Coffee-C-Futures/data,0.0,0.25,0,
2024-12-02,2024-11-28,2024-12-09,duckduckgo,,www.barchart.com,Coffee Dec '24 Futures Price - Barchart.com,,https://www.barchart.com/futures/quotes/KCZ24,0.0,0.25,0,
2024-12-02,2024-11-28,2024-12-09,duckduckgo,,markets.ft.com,Coffee (Arabica) price information - FT.com,,https://markets.ft.com/data/commodities/tearsheet/summary?c=Coffee (Arabica),0.0,0.5,0,
2024-12-02,2024-11-28,2024-12-09,duckduckgo,,www.barchart.com,Coffee Prices and Coffee Futures Prices - Barchart.com,,https://www.barchart.com/futures/quotes/KC*0/futures-prices,0.0,0.5,0,
2024-12-02,2024-11-28,2024-12-09,duckduckgo,,tradingeconomics.com,Arabica Coffee Futures Hover Near 2024-Lows - TRADING ECONOMICS,,https://tradingeconomics.com/commodity/coffee/news/553803,0.0,0.75,0,
2024-12-02,2024-11-28,2024-12-09,duckduckgo,,www.investing.com,Arabica Coffee 4/5 Futures Historical Prices - Investing.com,,https://www.investing.com/commodities/arabica-coffee-4-5-historical-data,0.0,0.5,0,
2024-12-02,2024-11-28,2024-12-09,duckduckgo,,www.investing.com,Arabica Coffee 4/5 Futures Price Today - Investing.com,,https://www.investing.com/commodities/arabica-coffee-4-5,0.0,0.5,0,
2024-12-02,2024-11-28,2024-12-09,duckduckgo,,www.ice.com,Coffee C ® Futures - ICE,,https://www.ice.com/products/15/Coffee-C-Futures/expiry,0.0,0.25,0,
2026-01-28,2026-01-24,2026-02-04,gdelt,20260205T230000Z,finance.yahoo.com,"Why Are Coffee Prices Falling , and How Much Lower Will They Go ? ",,https://finance.yahoo.com/news/why-coffee-prices-falling-much-150719225.html,-3.0,2.5,1,falling; lower
2026-01-28,2026-01-24,2026-02-04,gdelt,20260127T203000Z,nbcnews.com,"Over 80 , 000 Keurig Coffee Pods Were Recalled : What to Know",,https://www.nbcnews.com/select/shopping/keurig-k-cup-mccafe-coffee-pod-recall-rcna256183,0.0,0.25,0,
