model,approach,paper_keys,feature_group,phase,rows,date_start,date_end,rmse,mae,median_absolute_error,mean_error_bias,nrmse_target_std,smape,r2,pearson_correlation,price_rmse,price_mae,directional_accuracy,balanced_accuracy,precision_positive,recall_positive,f1_positive,specificity_negative,matthews_correlation,roc_auc,average_precision,naive_binomial_accuracy_p_value_vs_50pct,tn,fp,fn,tp,strategy_observations_non_overlapping,strategy_cumulative_return,strategy_annualized_return,strategy_annualized_volatility,strategy_sharpe,strategy_max_drawdown,strategy_win_rate,strategy_average_turnover,transaction_cost_bps,residual_autocorrelation_lag1,residual_autocorrelation_lag5,residual_autocorrelation_lag20,residual_std,fit_predict_seconds
zero_return,No-change return benchmark,arima_coffee_forecasting,none,validation,998,2018-09-12,2022-08-29,0.05047854164353259,0.03839845322777792,0.030085527944023,-0.005798520301255453,1.0061592261071859,1.9919820445195406,-0.01337179087668039,,7.508257818459822,5.425551114435903,0.48897795591182364,0.5,0.0,0.0,0.0,1.0,0.0,0.5,0.5110220440881763,0.7667004366791971,488,0,510,0,200,0.0,0.0,0.0,,0.0,0.0,0.0,2.0,0.7813452394281886,-0.07517222125911883,-0.031237908274034186,0.05016953612683478,0.005465416004881263
ar_ridge,Autoregressive return benchmark,"elm_coffee_forecasting,arima_coffee_forecasting",price_history,validation,998,2018-09-12,2022-08-29,0.05053727232387489,0.03809855271224977,0.03073855511892435,-0.005962730002760271,1.0073298703840998,1.638699399867971,-0.015731234536119798,0.06268454867800533,7.4835567817707,5.364047064607063,0.5460921843687375,0.5452306332369014,0.5528756957328386,0.5843137254901961,0.5681601525262154,0.5061475409836066,0.09073125901857369,0.5474566055930569,0.5284640215636203,0.0019738237672792544,247,241,212,298,200,0.3984842712997829,0.0881924583583007,0.3550025872749121,0.4182039168797409,-0.47215790701353233,0.54,0.705,2.0,0.7916732457767323,-0.023065936680249092,0.03830001092763533,0.05020943919937882,0.018815207993611693
arima_111,"ARIMA(1,1,1) on log price with walk-forward state updates","elm_coffee_forecasting,arima_coffee_forecasting,volatility_models",close_only,validation,998,2018-09-12,2022-08-29,0.05048909009651225,0.03839163230656548,0.030287405803618498,-0.006019094142796929,1.006369482246549,1.9432417230476318,-0.013795361813031537,0.0368061540429652,7.505476813604834,5.422766548190985,0.49799599198396793,0.5018402442944391,0.5138461538461538,0.32745098039215687,0.4,0.6762295081967213,0.003926008739399605,0.5203109932497589,0.5267916247520017,0.5628737732293997,330,158,343,167,200,-0.6315730460179538,-0.22246391831731382,0.35475625811941164,-0.5278630171323827,-0.814525696961453,0.475,0.885,2.0,0.7856988658817423,-0.07091995074150892,-0.031201479244197732,0.050154154410565505,0.02985237498069182
simple_exp_smoothing,Simple exponential smoothing on log price,elm_coffee_forecasting,close_only,validation,998,2018-09-12,2022-08-29,0.05046494165604159,0.03838583624685262,0.030426823946007733,-0.005819377063085808,1.0058881455164344,1.9418658454520694,-0.012825816818365254,0.03728019467507513,7.5027549839394405,5.422090750794987,0.5100200400801603,0.5102017036322726,0.5213849287169042,0.5019607843137255,0.5114885114885115,0.5184426229508197,0.020401071210050564,0.520909675345548,0.5277163515394943,0.273786012553847,253,235,254,256,200,-0.5210152837763034,-0.1693060312598451,0.3554129909351134,-0.3411469378323097,-0.7704692677771381,0.485,0.985,2.0,0.7858621799354868,-0.07070431903887962,-0.03120119579200855,0.05015342055484826,0.010768416977953166
holt_winters_5d,Additive Holt-Winters with five-trading-day seasonality,"elm_coffee_forecasting,volatility_models",close_only,validation,998,2018-09-12,2022-08-29,0.050506810300052864,0.03840884508729963,0.03083572686645219,-0.00555785436198585,1.0067226886923055,1.844723356532556,-0.014507112120370147,-0.014184138800614598,7.504131853259927,5.42697706842845,0.5150300601202404,0.5155456444873031,0.5273109243697479,0.492156862745098,0.5091277890466531,0.5389344262295082,0.0311168050141693,0.5104106396657023,0.5212761007053688,0.17931812467041078,263,225,259,251,200,-0.3595795791670089,-0.10622289977901322,0.3556423692670605,-0.1364721939804706,-0.7216274891409005,0.54,0.375,2.0,0.7889786930221148,-0.06883705827995502,-0.033125561571763655,0.05022525034891476,0.09928441699594259
linear_trend_252d,Rolling linear trend on log price,volatility_models,close_only,validation,998,2018-09-12,2022-08-29,0.09957891801057164,0.07958948691767014,0.06601163056821115,-0.003310587854195139,1.9848482903813152,1.4548643387532882,-2.9435742129969613,0.127379292834172,16.477729705888486,11.940986684024468,0.5150300601202404,0.5155898424943748,0.5274261603375527,0.49019607843137253,0.508130081300813,0.5409836065573771,0.03121130357788028,0.5580560912889746,0.5699445724397236,0.17931812467041078,264,224,260,250,200,0.5806905914015645,0.12230115743666725,0.35476301595866805,0.5015312411949144,-0.33031644227023926,0.55,0.315,2.0,0.9730191427325426,0.8608084786933614,0.5444139607052264,0.09957377026884152,0.02375766698969528
quadratic_trend_252d,Rolling quadratic trend on log price,volatility_models,close_only,validation,998,2018-09-12,2022-08-29,0.08800762064874479,0.06793343101402038,0.055085233454999466,0.00046340795748826775,1.754204392606913,1.3921088000471722,-2.080319543570016,0.10773968316570855,12.366627004048718,9.44777067349724,0.5440881763527055,0.5417671166827387,0.5454545454545454,0.6470588235294118,0.5919282511210763,0.4364754098360656,0.08546445505041636,0.5729026036644166,0.5812628892393371,0.0029305286058945276,213,275,180,330,200,1.7888889894487763,0.29493708741467484,0.35274807662036073,0.9081001025851715,-0.37923115553587716,0.545,0.355,2.0,0.9647723100526683,0.8030759309850041,0.26299105617111834,0.08805052513846325,0.02712920802878216
linear_technical,Linear regression using OHLCV and technical features,coffee_c_ml,technical_ohlcv,validation,998,2018-09-12,2022-08-29,0.05081522921195066,0.038258373138556616,0.03029630956058917,-0.007322704620289333,1.0128702223493455,1.6074465834263325,-0.026935080388533983,0.06998863384159806,7.557307662164131,5.388457987797716,0.5160320641282565,0.5166586306653809,0.5286624203821656,0.48823529411764705,0.5076452599388379,0.5450819672131147,0.03336172769183639,0.544234169077467,0.5346140878089561,0.1632261808968755,266,222,261,249,200,-0.21303543146710713,-0.05858588568680423,0.3556510934857237,0.010652372540045415,-0.5422978667003151,0.495,0.635,2.0,0.7834646535479155,-0.03248023911046537,0.047829014325288965,0.05031005556492758,0.013214084028732032
random_forest_technical,Random Forest using OHLCV and technical features,coffee_c_ml,technical_ohlcv,validation,998,2018-09-12,2022-08-29,0.0504924433147851,0.03808570356324585,0.029888018124396728,-0.006087419216760659,1.006436319983784,1.6054035507846585,-0.013930028134540251,0.09962517999604949,7.524844087126266,5.370263846339582,0.531062124248497,0.5303921568627451,0.539622641509434,0.5607843137254902,0.55,0.5,0.06088715130864309,0.5556653809064609,0.5689705734101154,0.026719174545153965,244,244,224,286,200,0.7276871782310932,0.14773389582376262,0.3545139430234885,0.5628967602224509,-0.5814774493810799,0.52,0.595,2.0,0.7852126188061147,-0.056051947125919904,0.02193642571583997,0.05014927865189851,4.390057249984238
mlp_price_history,Multilayer perceptron using lagged price-history features,elm_coffee_forecasting,price_history,validation,998,2018-09-12,2022-08-29,0.06303395976369283,0.046473609417511746,0.03545857107116694,-0.010665168223346158,1.256419026963598,1.471557923167103,-0.5801721101038337,-0.049236035998565617,9.535382189995845,6.58398215607565,0.4939879759519038,0.49557618129218906,0.5058548009367682,0.4235294117647059,0.4610458911419424,0.5676229508196722,-0.008939028541655507,0.4944230151076824,0.4930739166758719,0.6596394112660338,277,211,294,216,200,-0.5510424621220862,-0.1827484979661832,0.35513753504440343,-0.39258459139689206,-0.7125369366917279,0.425,0.785,2.0,0.6276162733165411,-0.06700151770090017,0.10645931462825634,0.06215629829689002,0.8372982089640573
elm_price_history,Extreme Learning Machine using lagged price-history features,elm_coffee_forecasting,price_history,validation,998,2018-09-12,2022-08-29,0.050953153841907156,0.03861407857264204,0.031046983854948453,-0.006649729589502557,1.0156193932726685,1.5522531715217145,-0.03251733850306904,0.10504197967612604,7.6050088064672465,5.461685993736817,0.5390781563126252,0.5390308582449372,0.549800796812749,0.5411764705882353,0.5454545454545454,0.5368852459016393,0.0780441579023731,0.5559185149469624,0.5613730022541701,0.007376219775012969,262,226,234,276,200,0.9090777246862476,0.176975844601013,0.3541372525215274,0.6388486060515349,-0.3617643090828895,0.56,0.735,2.0,0.7723157198641976,-0.008220458856939051,0.04728172036972936,0.05054270142026918,0.01414479099912569
hedonic_weather_cot_ridge,Regularized hedonic/econometric model with weather and released COT,hedonic_weather,hedonic_weather_cot,validation,998,2018-09-12,2022-08-29,0.05663053276077819,0.04312483174777644,0.034797345316750855,-0.008643436516966018,1.1287832643620466,1.4615407552140827,-0.2754296435185857,-0.013301609443745642,8.148155653166308,5.971942092920466,0.5080160320641283,0.5103624236579878,0.5241730279898219,0.403921568627451,0.45625692137320045,0.6168032786885246,0.0212037354088527,0.5221070395371263,0.5063773635976535,0.3174697789464888,301,187,304,206,200,-0.7075079552947223,-0.26639760123256007,0.35403856382241944,-0.6950262966250984,-0.734751552414975,0.455,0.475,2.0,0.8332471137426983,0.18790403632967448,0.1095724308311968,0.055995088886374986,0.0537184170098044
threshold_ar_npi,Threshold autoregression using the NPI/PER proxy regime,financialization_thresholds,threshold_ar,validation,998,2018-09-12,2022-08-29,0.050850499511944786,0.038651084670807107,0.031550093135003135,-0.005963592817563443,1.013573244595853,1.7326715076470445,-0.02836114414868951,0.0076759596915353945,7.491603150259696,5.433896435408996,0.5,0.5001325940212151,0.5111561866125761,0.49411764705882355,0.5024925224327019,0.5061475409836066,0.00026514276918307656,0.5081967213114754,0.5056712654106568,0.5126251342234039,247,241,258,252,200,0.06169913114526371,0.015201774985475591,0.35549224157995774,0.22159573347603356,-0.617653560847891,0.505,0.595,2.0,0.7947927111173619,-0.018527390793812878,0.012833791884681348,0.05052491211105121,0.0102228750474751
cot_contract_stress_forest,"COT crowding, reversal, contract-shock, and default-stress proxy model","contract_behavior,strategic_default,financialization_thresholds",cot_contract_stress,validation,998,2018-09-12,2022-08-29,0.050751745378372674,0.03853296586632976,0.03187301475796571,-0.006008772935337409,1.011604836250947,1.631194852871258,-0.024370768341878568,0.0678238817651907,7.589971927058419,5.441276419345647,0.49498997995991983,0.49350691096110577,0.5053003533568905,0.5607843137254902,0.5315985130111525,0.4262295081967213,-0.01310165816416082,0.5042831886853102,0.5153177527546549,0.6361449898614424,208,280,224,286,200,-0.2872060258385629,-0.08177960903163706,0.3557798875748364,-0.06255047578058114,-0.6589281746132092,0.49,0.575,2.0,0.7870067269620109,-0.05816312010769832,0.01639778658077872,0.050420051397215934,4.401737082982436
hist_gradient_boosting_integrated,"Integrated histogram gradient boosting using price, COT, weather, and safe news features","elm_coffee_forecasting,arima_coffee_forecasting,coffee_c_ml,volatility_models,hedonic_weather,contract_behavior,strategic_default,financialization_thresholds",integrated,validation,998,2018-09-12,2022-08-29,0.057676587867266295,0.04333384998500201,0.03356756177168608,-0.022622100888243978,1.1496336685564077,1.4193517697848335,-0.32298320635376854,0.07570346173210141,8.747700358190011,6.211945904058237,0.48396793587174347,0.490147862423658,0.4885844748858447,0.20980392156862746,0.2935528120713306,0.7704918032786885,-0.023799327000050132,0.5262094181935069,0.5252168761103708,0.8518971216009721,376,112,403,107,200,-0.5880434803372279,-0.20027154680433956,0.35488737926895,-0.4501084916568591,-0.7216818023426896,0.485,0.475,2.0,0.836674449883385,0.18827213566025405,0.10664236939675166,0.05308156590238955,1.2276201670174487
xgboost_integrated,"Integrated nonlinear model using price, COT, weather, and safe news features","elm_coffee_forecasting,arima_coffee_forecasting,coffee_c_ml,volatility_models,hedonic_weather,contract_behavior,strategic_default,financialization_thresholds",integrated,validation,998,2018-09-12,2022-08-29,0.05347709568763046,0.04016589260176782,0.030643426500976942,-0.016568187035169088,1.0659276488511626,1.507825809069058,-0.13734137319979633,0.06829050377777693,7.933865937418586,5.663408858505668,0.48697394789579157,0.4938404050144648,0.4946808510638298,0.18235294117647058,0.2664756446991404,0.805327868852459,-0.015749099158968733,0.5147540983606558,0.50169010161135,0.8036277328561927,393,95,417,93,200,-0.6680694853982603,-0.24263734046804042,0.354403153070803,-0.6035902675437315,-0.7481312113029416,0.49,0.395,2.0,0.8070747051070554,0.0403600062795532,0.03592285918140621,0.050871288716875296,0.5897732500452548
xgboost_regime_aware,"XGBoost with past-only volatility, trend, liquidity, COT, weather, and news regime interactions","elm_coffee_forecasting,arima_coffee_forecasting,coffee_c_ml,volatility_models,hedonic_weather,contract_behavior,strategic_default,financialization_thresholds",regime_aware_integrated,validation,998,2018-09-12,2022-08-29,0.05451094364804035,0.0406713684475024,0.02993026087870505,-0.01830407661631944,1.08653473514744,1.4838616624513796,-0.181741840742782,0.05363795701536315,8.097971123406872,5.739430731768896,0.49298597194388777,0.49994374799099967,0.5108695652173914,0.1843137254901961,0.27089337175792505,0.8155737704918032,-0.00014502468082872613,0.5121062359369978,0.5097101156397414,0.6825302210535111,398,90,416,94,200,-0.5892758098466482,-0.2008750853544008,0.354878572879479,-0.4520948047296082,-0.7150924554917627,0.495,0.395,2.0,0.813237545272309,0.06936357603091615,0.05237771056232106,0.0513716662508689,0.6500588329508901
research_ensemble,Validation-optimized non-negative blend,"elm_coffee_forecasting,arima_coffee_forecasting,coffee_c_ml,volatility_models,hedonic_weather,contract_behavior,strategic_default,financialization_thresholds",mixed,validation,998,2018-09-12,2022-08-29,0.05022397918690843,0.03797653748294755,0.03003855737572019,-0.005850805495768414,1.0010851816515904,1.7396746569368495,-0.0031767280246270957,0.10237061120332225,7.463854247837778,5.353830298723936,0.5490981963927856,0.5483044037287046,0.5559701492537313,0.5843137254901961,0.5697896749521989,0.5122950819672131,0.09685194296861242,0.5640147862423658,0.5747674988888763,0.0010608379252112408,250,238,212,298,200,0.9201691148841147,0.17869529226118508,0.3541687482853308,0.640305092400593,-0.5500772551028337,0.535,0.635,2.0,0.7868113932084861,-0.06381791619184454,-0.001053599196931833,0.049907032206773484,
zero_return,No-change return benchmark,arima_coffee_forecasting,none,test,1003,2022-09-07,2026-09-01,0.05333035079418748,0.042272718104038376,0.0354955183670741,-0.003162100662326627,1.0012629531888935,1.9960102878724215,-0.0035280278770761786,,15.240070216751633,11.278663840631426,0.5004985044865404,0.5,0.0,0.0,0.0,1.0,0.0,0.5,0.4995014955134596,0.5000000000000001,502,0,501,0,201,0.0,0.0,0.0,,0.0,0.0,0.0,2.0,0.7979987124449861,0.09063418152946928,-0.13386355943057326,0.053263082014906454,0.0036955420509912074
ar_ridge,Autoregressive return benchmark,"elm_coffee_forecasting,arima_coffee_forecasting",price_history,test,1003,2022-09-07,2026-09-01,0.05338885147233821,0.04228463346959751,0.03592817587312527,-0.0026966251504000217,1.002361287643786,1.7026570615323748,-0.005730873672464387,0.050698245006944635,15.163069911672162,11.241709073740628,0.48753738783649053,0.487592543995674,0.4883303411131059,0.5429141716566867,0.5141776937618148,0.43227091633466136,-0.024968268971369282,0.5089303464783581,0.515739055055166,0.7941595885391711,217,285,229,272,201,-0.39221753282817684,-0.1173761473085232,0.3797254511089485,-0.14006547865068944,-0.6629416141141125,0.48756218905472637,0.7711442786069652,2.0,0.8096013206173487,0.13706607342336513,-0.05311225862417713,0.05334730637213369,0.012640749977435917
arima_111,"ARIMA(1,1,1) on log price with walk-forward state updates","elm_coffee_forecasting,arima_coffee_forecasting,volatility_models",close_only,test,1003,2022-09-07,2026-09-01,0.05330270167847222,0.04227268921382728,0.03561188583382869,-0.002535567092302735,1.00074384849819,1.9180515538107532,-0.00248773957873194,-0.012065133608927288,15.241320932837965,11.281099981373735,0.5034895314057827,0.5039403265182781,0.5015706806282723,0.9560878243512974,0.657967032967033,0.05179282868525897,0.018459104318804386,0.49628631183847444,0.49935073617692255,0.4248749697049263,26,476,22,479,201,1.1421887337181373,0.21049037753426503,0.37791380400218233,0.692621418206848,-0.4186954395899607,0.5074626865671642,0.14427860696517414,2.0,0.8015602486527318,0.09399607844911527,-0.13402901107449985,0.05326892148775806,0.039332790998741984
simple_exp_smoothing,Simple exponential smoothing on log price,elm_coffee_forecasting,close_only,test,1003,2022-09-07,2026-09-01,0.0533370722228076,0.042269928399073876,0.03538827471238031,-0.003168309428436263,1.0013891461984952,1.9617601724528206,-0.003781000788945832,-0.012768856941912932,15.24112856293768,11.277510859754479,0.49750747756729813,0.49750896613148204,0.4970178926441352,0.499001996007984,0.49800796812749004,0.4960159362549801,-0.004982087546410967,0.49598810347432626,0.4989603139179362,0.5751250302950737,249,253,251,250,201,-0.6801096869972296,-0.2485832530212052,0.3786927699058058,-0.5620716793351656,-0.7244689742566521,0.472636815920398,0.8905472636815921,2.0,0.8016819085426994,0.09414256320704575,-0.13403484375596803,0.053269449363230255,0.011877499986439943
holt_winters_5d,Additive Holt-Winters with five-trading-day seasonality,"elm_coffee_forecasting,volatility_models",close_only,test,1003,2022-09-07,2026-09-01,0.05339239502660625,0.04240062743831237,0.03630784995324357,-0.0011599281944826144,1.0024278169194867,1.8246620410678567,-0.005864383950468843,-0.07991248967636819,15.297545918011929,11.327861756812686,0.4955134596211366,0.49592249763421364,0.49726177437020813,0.906187624750499,0.6421499292786421,0.08565737051792828,-0.014267185088003485,0.46884319011379627,0.47856622791946873,0.6238965890737089,43,459,47,454,201,-0.41899131907903275,-0.12729056302209507,0.37976189597103394,-0.1696225114075098,-0.6729465566176878,0.47761194029850745,0.263681592039801,2.0,0.807619480354573,0.09990419991362648,-0.1349696691468992,0.053406424035354644,0.10926891700364649
linear_trend_252d,Rolling linear trend on log price,volatility_models,close_only,test,1003,2022-09-07,2026-09-01,0.1335532172402699,0.10504792576562794,0.08736512761875256,0.008367866426707943,2.507425634943413,1.509600373560635,-5.293457948818057,0.05682986685716003,37.58956341109174,27.86118359450398,0.5024925224327019,0.502491033868518,0.502,0.500998003992016,0.5014985014985015,0.5039840637450199,0.004982087546410967,0.529431177485666,0.5117516981690433,0.4497506102583527,253,249,250,251,201,-0.2633381835097076,-0.0737718280065206,0.37989916751752467,-0.012146590264886898,-0.5184582936161997,0.5124378109452736,0.2537313432835821,2.0,0.9830912869375855,0.9113979459080542,0.5974370890339743,0.13335730810638316,0.023996667005121708
quadratic_trend_252d,Rolling quadratic trend on log price,volatility_models,close_only,test,1003,2022-09-07,2026-09-01,0.13972603801531291,0.11332549614957349,0.09586311656893731,-0.0015304770585574624,2.6233186802109674,1.5265921269504896,-5.88866896271222,-0.07109404428813268,40.84759654334098,30.76663881724241,0.4905284147557328,0.4905328784661752,0.4901185770750988,0.49500998003992014,0.4925521350546177,0.4860557768924303,-0.01893499595917378,0.4733043872414534,0.4883635700893999,0.7361357753063201,244,258,253,248,201,-0.6050886628979796,-0.20782016956410065,0.3791423653264622,-0.4222154320991821,-0.6977169150530942,0.527363184079602,0.24378109452736318,2.0,0.9839826703130214,0.906966167101642,0.5562357386405077,0.13978735779265195,0.02676483296090737
linear_technical,Linear regression using OHLCV and technical features,coffee_c_ml,technical_ohlcv,test,1003,2022-09-07,2026-09-01,0.05382874697310828,0.042468767399404,0.034849064330430383,-0.00757289660630208,1.010620207032772,1.5770890704926255,-0.022372517436678674,0.1227351442691038,15.219282560040304,11.279327484742899,0.5114656031904287,0.5113358939491535,0.5148247978436657,0.3812375249500998,0.4380733944954128,0.6414342629482072,0.023480697712212787,0.5412442048174568,0.5413972367266149,0.2436436259977708,322,180,310,191,201,-0.20156813497860526,-0.054880968543084,0.37966658282502835,0.04144791745758231,-0.6774632157733335,0.5472636815920398,0.8009950248756219,2.0,0.7754039965138529,0.09630343292584057,-0.028891727009455664,0.053319975186513796,0.015331875008996576
random_forest_technical,Random Forest using OHLCV and technical features,coffee_c_ml,technical_ohlcv,test,1003,2022-09-07,2026-09-01,0.05464579895740221,0.043306584074231845,0.036045468974880576,-0.007594120760271917,1.0259601376823966,1.6362023177293123,-0.053644697330960334,0.06373213597151516,15.628016646891355,11.558237070311593,0.48454636091724823,0.4844116547780932,0.4781420765027322,0.34930139720558884,0.40369088811995385,0.6195219123505976,-0.032381016167970546,0.5113955356219831,0.4806143918852045,0.8438519907397196,311,191,326,175,201,-0.4859882740294106,-0.15369371747269933,0.37950423081222867,-0.25024507043236527,-0.6517655270324025,0.4626865671641791,0.4427860696517413,2.0,0.8146939348096727,0.18031369332368577,-0.0007990142058834016,0.054142546310180506,5.452383708034176
mlp_price_history,Multilayer perceptron using lagged price-history features,elm_coffee_forecasting,price_history,test,1003,2022-09-07,2026-09-01,0.059494756173812405,0.04606011262833833,0.03640524967382923,-0.004776554654851006,1.1169980016770702,1.4817963059869965,-0.24892972989802353,0.004239094604247832,17.23059488048074,12.318858553314817,0.5154536390827518,0.5154372529840716,0.5154639175257731,0.499001996007984,0.5070993914807302,0.5318725099601593,0.030891214947598212,0.5192364275433198,0.5200579384295942,0.1717543565379844,267,235,251,250,201,0.8575235099711973,0.16797696338348422,0.37843739159268064,0.6003749981041976,-0.6921691739225979,0.5373134328358209,0.9203980099502488,2.0,0.7366130341566083,0.17622565382075658,-0.04552581751303325,0.05933228740548024,1.002588083036244
elm_price_history,Extreme Learning Machine using lagged price-history features,elm_coffee_forecasting,price_history,test,1003,2022-09-07,2026-09-01,0.05401398715702601,0.04293610136607257,0.03588316149652107,-0.0020843505873942734,1.0140980415273266,1.5847708443422048,-0.029421179983082135,0.0732344941665738,15.331385710429007,11.41555168727973,0.5174476570289133,0.5174889265294114,0.5156537753222836,0.5588822355289421,0.5363984674329502,0.4760956175298805,0.03509821579533101,0.5351408736312236,0.5176436275558967,0.14150576065610213,239,263,221,280,201,-0.07758089429537851,-0.020045527150279074,0.37975731563324666,0.13553024585973739,-0.4361409457406442,0.5124378109452736,1.0298507462686568,2.0,0.7834711155561883,0.14070121540788705,-0.0461012263968642,0.05400068187362315,0.01658745895838365
hedonic_weather_cot_ridge,Regularized hedonic/econometric model with weather and released COT,hedonic_weather,hedonic_weather_cot,test,1003,2022-09-07,2026-09-01,0.06149758697620146,0.047448182925596,0.03730443091625765,-0.02441978740845686,1.1546006098368558,1.4130867808534007,-0.3344330099205055,-0.03480426816033557,16.83784935061621,12.384020170897854,0.5064805583250249,0.5060834506286233,0.5294117647058824,0.10778443113772455,0.1791044776119403,0.9043824701195219,0.020127425305012863,0.47674372370796253,0.5010249012419847,0.3523890898534536,454,48,447,54,201,-0.6035639533979802,-0.20705436392250998,0.379083675189307,-0.4188124379849853,-0.7827611147898641,0.5124378109452736,0.34328358208955223,2.0,0.8308279700812456,0.23712062841926596,0.02253593890220301,0.05646951793198484,0.06388958398019895
threshold_ar_npi,Threshold autoregression using the NPI/PER proxy regime,financialization_thresholds,threshold_ar,test,1003,2022-09-07,2026-09-01,0.0535756581613962,0.042564793913040654,0.03625799495575052,-0.0021368215277778333,1.005868532849869,1.7159869469968656,-0.012781257378922994,0.014017910174356428,15.298914164771736,11.339141402001804,0.5094715852442672,0.5095744765449182,0.5074380165289256,0.6127744510978044,0.5551537070524413,0.4063745019920319,0.019570257200745327,0.4984095553912096,0.49280817026251444,0.2849067989463329,204,298,194,307,201,0.9857358394646734,0.18768890106163894,0.3781472931094543,0.6416363803813454,-0.35280702638209904,0.5323383084577115,0.7213930348258707,2.0,0.811210886924778,0.13939336423885165,-0.0729192437387422,0.05355973493396291,0.010929042007774115
cot_contract_stress_forest,"COT crowding, reversal, contract-shock, and default-stress proxy model","contract_behavior,strategic_default,financialization_thresholds",cot_contract_stress,test,1003,2022-09-07,2026-09-01,0.053658040482434964,0.04248153703516106,0.03599754751723068,-0.002514295311846469,1.0074152387092052,1.716389901511804,-0.015898322927221153,0.041032782844008985,15.275881336973656,11.28631264610013,0.5104685942173479,0.5106241699867198,0.5075987841945289,0.6666666666666666,0.5763589301121657,0.3545816733067729,0.022365223041602662,0.4925964803460807,0.48270576907171076,0.26386422469367987,178,324,167,334,201,0.08770201775672004,0.021303287246077218,0.37951056597397226,0.24512414038450647,-0.562981838354458,0.5323383084577115,0.4427860696517413,2.0,0.8102831146349233,0.14931226054667393,-0.06954163007920386,0.053625840383794615,5.636500291991979
hist_gradient_boosting_integrated,"Integrated histogram gradient boosting using price, COT, weather, and safe news features","elm_coffee_forecasting,arima_coffee_forecasting,coffee_c_ml,volatility_models,hedonic_weather,contract_behavior,strategic_default,financialization_thresholds",integrated,test,1003,2022-09-07,2026-09-01,0.05683953329951259,0.04457260873278809,0.03424077112437862,-0.011195709378285519,1.0671469083145662,1.5268590105786322,-0.1399390533903324,0.00897936348997341,16.090305987744227,11.857786656475248,0.5004985044865404,0.5003161008659971,0.5,0.31736526946107785,0.3882783882783883,0.6832669322709163,0.0006793092949783083,0.49497817114774434,0.49739751980322033,0.5000000000000001,343,159,342,159,201,-0.4575393816548575,-0.14218463493432287,0.37959306776883345,-0.21376621381201352,-0.6126003275798919,0.47761194029850745,0.43283582089552236,2.0,0.8371505454071695,0.22897866984649587,-0.016129855657057355,0.05575381446573929,1.3155742500093766
xgboost_integrated,"Integrated nonlinear model using price, COT, weather, and safe news features","elm_coffee_forecasting,arima_coffee_forecasting,coffee_c_ml,volatility_models,hedonic_weather,contract_behavior,strategic_default,financialization_thresholds",integrated,test,1003,2022-09-07,2026-09-01,0.054664718636726374,0.04314824119445428,0.03507320117069061,-0.0071382687213822895,1.0263153495591497,1.6451828470180159,-0.054374417495949956,0.019389672824171155,15.51881718020362,11.450201346188082,0.5074775672981057,0.5073379138138067,0.5096952908587258,0.36726546906187624,0.42691415313225056,0.647410358565737,0.015288054022910374,0.49628631183847444,0.4783023663657966,0.3292349495933582,325,177,317,184,201,-0.2554796719493282,-0.07130410584073343,0.3797327603984657,-0.005092455822918936,-0.5649736171103357,0.4975124378109453,0.572139303482587,2.0,0.8239065148778396,0.1925625857336259,-0.05315818578978785,0.0542236848346696,0.6353970000054687
xgboost_regime_aware,"XGBoost with past-only volatility, trend, liquidity, COT, weather, and news regime interactions","elm_coffee_forecasting,arima_coffee_forecasting,coffee_c_ml,volatility_models,hedonic_weather,contract_behavior,strategic_default,financialization_thresholds",regime_aware_integrated,test,1003,2022-09-07,2026-09-01,0.054402649300977025,0.04286035815562123,0.03457348303798349,-0.006272207781802842,1.0213950684594566,1.6489665842286456,-0.04428905142806161,0.026516899979319598,15.499090522151329,11.400856376243839,0.5124626121635095,0.5123796232236721,0.5143540669856459,0.4291417165668663,0.46789989118607184,0.5956175298804781,0.02510973158604295,0.5077136563526333,0.4951466103090024,0.2242901874798547,299,203,286,215,201,-0.29502801987666394,-0.08392789377073984,0.3797736193116751,-0.04180161510559132,-0.627228315124801,0.4925373134328358,0.6019900497512438,2.0,0.8221447045635827,0.18613936247122326,-0.049828256022586795,0.054066830304818944,0.6664705000002868
research_ensemble,Validation-optimized non-negative blend,"elm_coffee_forecasting,arima_coffee_forecasting,coffee_c_ml,volatility_models,hedonic_weather,contract_behavior,strategic_default,financialization_thresholds",mixed,test,1003,2022-09-07,2026-09-01,0.053443390785665956,0.04229102061434175,0.03547010140984573,-0.004324781492591853,1.0033852485424903,1.7441993315021744,-0.007786729404843484,0.05848207686912448,15.232793980521143,11.256962576882538,0.5014955134596212,0.5014572448728042,0.5010799136069114,0.4630738522954092,0.48132780082987553,0.5398406374501992,0.002923114839703445,0.5094154320840392,0.4814675443966959,0.4748252559362065,271,231,269,232,201,0.2543071111036692,0.058459893970743027,0.3793283951606587,0.3384776573264004,-0.53205605831656,0.5223880597014925,0.5024875621890548,2.0,0.80989836931032,0.13364514202826241,-0.06382183690986416,0.053294691220957445,
