Date,Close,target_realized_volatility_5d,garch_111_forecast,rolling_20d_forecast
2022-09-07,226.8999938964844,0.044824525226912264,0.04861032239076871,0.048293299630534525
2022-09-08,225.8500061035156,0.04514536542478981,0.047691280645315824,0.04530029203034208
2022-09-09,231.5,0.03811693748798403,0.04799208768619758,0.046267975349198846
2022-09-12,227.75,0.04385237779039836,0.047604099276189214,0.04678274596958259
2022-09-13,223.9499969482422,0.044281703821014935,0.0472708224092612,0.047503751037745956
2022-09-14,217.6000061035156,0.045270859853461645,0.04806356019978711,0.047675028050719874
2022-09-15,219.1499938964844,0.0458410484663516,0.047221226712348144,0.04760562120203078
2022-09-16,218.0500030517578,0.0476558515661727,0.04637159648132098,0.047201434504412026
2022-09-19,224.0500030517578,0.0419726285734716,0.04702078828950802,0.048972710946341085
2022-09-20,228.1000061035156,0.03803659659834929,0.04677946816742035,0.046023471448823745
2022-09-21,221.3000030517578,0.0299933654421675,0.04778973080274174,0.046209204469518
2022-09-22,223.5500030517578,0.03117094924420237,0.047064437209241784,0.03719270676525008
2022-09-23,220.4499969482422,0.03348195583411101,0.04657811195449188,0.037360227276104406
2022-09-26,223.8000030517578,0.039966374748466094,0.04616939122025422,0.038671808524754644
2022-09-27,224.3500061035156,0.0431003453771579,0.04532209109270227,0.03877852849026189
2022-09-28,228.6999969482422,0.045495145555545076,0.04528017745576492,0.04037073142486953
2022-09-29,225.6999969482422,0.05369379263826095,0.04484349931451317,0.040720583329557615
2022-09-30,221.5500030517578,0.05041805877284383,0.04479932816603115,0.041259328276790526
2022-10-03,215.75,0.04297854975597775,0.04552742126743221,0.04245227115835424
2022-10-04,219.3000030517578,0.03980175843945604,0.04525750005807841,0.04341550382364093
2022-10-05,224.6499938964844,0.04938535601003483,0.0456657478481916,0.042990614759710326
2022-10-06,217.6999969482422,0.05304170524626793,0.04691582544919066,0.04567222333978726
2022-10-07,218.1000061035156,0.05964055182725344,0.046030379396965866,0.043556494190698306
2022-10-10,217.4499969482422,0.05985372383668123,0.045198335903018194,0.0429874807864232
2022-10-11,217.8500061035156,0.059869843937170486,0.04438894425501628,0.04233742744105386
2022-10-12,209.75,0.048555924503009565,0.04668731071893392,0.044099990826009995
2022-10-13,202.1499938964844,0.032219972735515696,0.048599199920885426,0.04713774982211277
2022-10-14,196.6999969482422,0.017082176254529718,0.0491329063673138,0.04855866537172171
2022-10-17,195.5500030517578,0.01625721676655759,0.04821734204227613,0.04548890506007454
2022-10-18,195.1000061035156,0.029276227037487872,0.04728139146748318,0.043685345191735545
2022-10-19,192.3000030517578,0.041761195260396275,0.04681273795814982,0.042238403700726276
2022-10-20,191.0500030517578,0.04155313579374837,0.04601816204913358,0.04126991142534468
2022-10-21,190.8999938964844,0.06650095618379816,0.045167822526600766,0.041282571210254825
2022-10-24,190.3999938964844,0.08052026751433039,0.044369850682249246,0.03968656324454202
2022-10-25,185.8000030517578,0.0787091585184221,0.04490442734420224,0.04008548273881459
2022-10-26,179.75,0.08301405867559897,0.046446870884932163,0.03876414200609712
2022-10-27,178.85000610351562,0.10010817844826167,0.04563172669962603,0.03891529641236891
2022-10-28,169.8000030517578,0.087987040945078,0.05027668053647446,0.04375360206092555
2022-10-31,177.6999969482422,0.08109097597231119,0.05310445153076195,0.052050523212894224
2022-11-01,174.60000610351562,0.08281390798780774,0.052529558431808676,0.05032239988676962
2022-11-02,182.1499938964844,0.07160694831771314,0.05463022412453962,0.054369454849700044
2022-11-03,172.1999969482422,0.056424670767717865,0.05884421082873554,0.058154179581452414
2022-11-04,175.75,0.05286953155460434,0.05814473940250979,0.06000535686711563
2022-11-07,170.5500030517578,0.049306579153213785,0.058308634191021246,0.060600120209439556
2022-11-08,166.4499969482422,0.07256659180924549,0.05794766475373379,0.0604233130537901
2022-11-09,165.14999389648438,0.07262085269671421,0.05670733172674689,0.05907850868764953
2022-11-10,171.0,0.06618666883032114,0.05745759650264397,0.06192087388042836
2022-11-11,170.10000610351562,0.06661578215928922,0.05617891910482667,0.061120199371936704
2022-11-14,166.1999969482422,0.07424662218433296,0.0558455420294625,0.06162783746091366
2022-11-15,156.75,0.0530206649592118,0.060339844311363494,0.06645397210373055
2022-11-16,155.4499969482422,0.053417205536944325,0.059014586766331034,0.06643936241299969
2022-11-17,152.6999969482422,0.054675049335677336,0.05816114743595192,0.06649611180122243
2022-11-18,151.3000030517578,0.056785603886642375,0.05695202755865931,0.06628185677415842
2022-11-21,157.5,0.05457404301854114,0.058346765312851545,0.07108857347380419
2022-11-22,161.8000030517578,0.04783902605042587,0.058182792648693325,0.07286233566841352
2022-11-23,160.10000610351562,0.05355114182893038,0.05701843388504867,0.0715908691422792
2022-11-25,163.5500030517578,0.05295845085686675,0.05647695287745413,0.07286532666116949
2022-11-28,160.64999389648438,0.04984495434307346,0.05574999738428759,0.068912135908786
2022-11-29,166.6999969482422,0.0339015090662584,0.0568335867741204,0.06746072085351817
2022-11-30,167.6999969482422,0.03943855300013433,0.05558897857382137,0.06716540397314534
2022-12-01,163.35000610351562,0.029842074855504695,0.0555552316987005,0.06392660428527147
2022-12-02,160.14999389648438,0.022985224411255483,0.054999980753605675,0.058703610904254154
2022-12-05,160.14999389648438,0.057845279440192396,0.0537696580081595,0.0573768090472872
2022-12-06,161.0500030517578,0.05777272076193669,0.05264404714684355,0.05597719347880078
2022-12-07,157.6999969482422,0.05424796202896471,0.052337875536582486,0.05566646560197175
2022-12-08,156.89999389648438,0.05719911055740095,0.051267243771982225,0.055616533143108084
2022-12-09,157.75,0.07184163235273094,0.05024333904091015,0.05225876030733518
2022-12-12,166.35000610351562,0.04841317597884756,0.054412534685254005,0.05953330624479682
2022-12-13,167.14999389648438,0.053213237017430665,0.05324535642716105,0.05843634035690073
2022-12-14,168.3000030517578,0.053564734817039196,0.052169891967035094,0.0495911508985716
2022-12-15,171.5,0.050214520278111796,0.05171001469532925,0.04973791123554578
2022-12-16,164.14999389648438,0.030555148072747843,0.054156167683222,0.05434319685517077
2022-12-19,164.0500030517578,0.042676614942453,0.05296100110413036,0.053977924455058085
2022-12-20,167.8000030517578,0.05304419370536024,0.05274252671527188,0.05154540661504342
2022-12-21,169.35000610351562,0.05607326103227752,0.05175714662742172,0.050136644901830514
2022-12-22,168.89999389648438,0.05833479114179909,0.05067432753587766,0.04975824322551381
2022-12-23,172.0,0.055750322909127785,0.05024990163194266,0.049473197668611156
2022-12-27,166.9499969482422,0.056142435064394994,0.05093497929790703,0.051097796029350336
2022-12-28,173.5500030517578,0.040871402042541055,0.052671822502611834,0.05143020580429571
2022-12-29,170.0500030517578,0.038139120997729765,0.05231457377448679,0.05257062838585966
2022-12-30,167.3000030517578,0.03451482813844412,0.05169846075123801,0.05144795207153207
2023-01-03,166.3000030517578,0.05743237236654095,0.05067450109262674,0.05041996645873531
2023-01-04,161.3000030517578,0.06799034366398776,0.05141055939103881,0.05296627183922674
2023-01-05,160.5500030517578,0.07751042234781778,0.05037118241208681,0.052947368140218457
2023-01-06,158.3000030517578,0.07773083119905456,0.049725224292712644,0.05234024389785723
2023-01-09,158.0500030517578,0.07781573795997904,0.04871862605255739,0.05227656952964436
2023-01-10,150.89999389648438,0.06753914574946496,0.051906999761219874,0.05713066963553149
2023-01-11,143.89999389648438,0.04808410697957077,0.054928192613721415,0.05353035195693019
2023-01-12,149.39999389648438,0.03011400150905968,0.05614665460061528,0.05779616633803465
2023-01-13,151.6999969482422,0.035304120929799426,0.0552708779950646,0.0584242537676163
2023-01-17,151.10000610351562,0.036018852644570984,0.05405936283855155,0.05705285332525997
2023-01-18,155.0,0.030137692134734745,0.0540236186470307,0.05557651570408287
2023-01-19,154.60000610351562,0.04141340570354406,0.05284623805429148,0.05556416774436974
2023-01-20,154.8000030517578,0.044493702256396636,0.051706179123048396,0.053982808165201505
2023-01-23,158.5500030517578,0.03762168054137924,0.05167625795760739,0.05541741502589644
2023-01-24,159.85000610351562,0.07420805672441985,0.050704702633771526,0.05571361919150155
2023-01-25,162.4499969482422,0.07947885518058409,0.050144705348664304,0.05551963543918222
2023-01-26,167.14999389648438,0.07504163069792642,0.05066813467207377,0.05572899579478847
2023-01-27,169.89999389648438,0.07880984041167828,0.05012138702344751,0.05267149764290423
2023-01-30,170.39999389648438,0.08049440081739766,0.049107752237755306,0.05170318911025235
2023-01-31,181.75,0.04878328570009834,0.05578570818640398,0.06006050386040872
2023-02-01,175.89999389648438,0.037108829856892116,0.05639374238196004,0.06267648214919654
2023-02-02,177.89999389648438,0.037066725790565,0.05532495980342575,0.06026546566020887
2023-02-03,172.8000030517578,0.023828165694842415,0.055578000177541984,0.06248172418863457
2023-02-06,175.6999969482422,0.021488729745367006,0.054804935735989754,0.062068349592712624
2023-02-07,177.0500030517578,0.04126907421402609,0.053684012106865193,0.061973983443802616
2023-02-08,175.60000610351562,0.054938585804226794,0.052634640709926586,0.05622972824012559
2023-02-09,173.64999389648438,0.05794269733526202,0.05173836069469429,0.04938192742958766
2023-02-10,174.75,0.07207028561794106,0.05071418346364513,0.04711998609914774
2023-02-13,177.0500030517578,0.07696847366075187,0.049983653957750736,0.04704127832189692
2023-02-14,183.5500030517578,0.07267431486644677,0.05143251227136845,0.04865222126145495
2023-02-15,176.85000610351562,0.06917070998640623,0.052940202345193,0.05319009458192303
2023-02-16,180.6999969482422,0.06695439973274224,0.052637620887866235,0.05346140163323067
2023-02-17,188.6999969482422,0.051118524893963575,0.05487564989101148,0.0561761885081401
2023-02-21,194.4499969482422,0.04140755419439697,0.055227965517695876,0.056656183289070565
2023-02-22,199.5,0.04236025235750807,0.05513520059404955,0.05716202622710609
2023-02-23,193.6499938964844,0.03101758538850847,0.05547001741866366,0.06059698282555917
2023-02-24,191.1999969482422,0.03314085264708921,0.054513166200949856,0.060571589807171825
2023-02-27,190.6999969482422,0.03426355307254217,0.05331611655773087,0.060522044068795515
2023-02-28,190.3999938964844,0.03608994753599266,0.05215958900664266,0.06061968163936343
2023-03-01,185.3000030517578,0.036328099429307904,0.05242809114536108,0.054144501810513355
2023-03-02,183.9499969482422,0.03662560457854789,0.05140635928616132,0.051406200872158136
2023-03-03,180.8000030517578,0.03999822995912732,0.05089850599584814,0.052061281710093825
2023-03-06,182.4499969482422,0.039298310891002705,0.04999126383198069,0.049739726559234615
2023-03-07,184.5500030517578,0.03966112882050081,0.049218443236333516,0.04942360450407532
2023-03-08,179.5500030517578,0.03272242818004034,0.04972235796669253,0.051526651596148255
2023-03-09,178.0,0.05172816034836966,0.04886265348470191,0.05154749225078764
2023-03-10,182.25,0.04799114747183516,0.0489802254047112,0.05236912515383528
2023-03-13,183.1999969482422,0.04881400641814735,0.04805103445135519,0.052350242152503945
2023-03-14,180.8999938964844,0.04813567583149079,0.047441420142272955,0.0525434213342546
2023-03-15,178.0500030517578,0.06589400730315673,0.04705349029742917,0.049789446414968686
2023-03-16,185.5,0.05570491167074113,0.04951191987731732,0.05039292473822113
2023-03-17,183.0,0.06085329336378997,0.04887898324091765,0.04993737613336135
2023-03-20,184.8999938964844,0.061405167213333695,0.048111034818088226,0.0449958084671478
2023-03-21,186.6999969482422,0.06324203221859913,0.04735356416363947,0.04237802205290188
2023-03-22,178.0,0.04773545113011498,0.05096214500870288,0.04552832959728098
2023-03-23,174.3000030517578,0.042869406057776,0.05075092322217198,0.04450969811583314
2023-03-24,179.25,0.03271871743520805,0.05117654284741771,0.047284656269520296
2023-03-27,176.89999389648438,0.044682007602470535,0.05044267641880512,0.047543947627836404
2023-03-28,173.75,0.04168051679387318,0.050033184842974705,0.04804982879963742
2023-03-29,169.6999969482422,0.04552686251327746,0.05009874482081429,0.047640303287818354
2023-03-30,169.8000030517578,0.04931731899856797,0.049071012119239026,0.04767687061388752
2023-03-31,170.5,0.04944796261602956,0.048118221963803665,0.04730811412672089
2023-04-03,176.25,0.056025465899138475,0.04934915925696051,0.05035264387211405
2023-04-04,174.85000610351562,0.055470511062096065,0.04848312467059486,0.04995027007501576
2023-04-05,180.1499938964844,0.05570015965443179,0.04927976551849004,0.050688910711540004
2023-04-06,183.6000061035156,0.05417448068909899,0.048988077561119184,0.051301093088292865
2023-04-10,182.6000061035156,0.06626246066806689,0.04806958569098274,0.05005708575210709
2023-04-11,190.5,0.055087594997108254,0.05063489805471545,0.05431971262721221
2023-04-12,190.25,0.05664157690668451,0.04958820716710002,0.053812197862041
2023-04-13,196.1000061035156,0.05835607266056307,0.05034934224516651,0.05460311720026537
2023-04-14,193.3999938964844,0.05735136597908598,0.04969085653171124,0.05186248854339828
2023-04-17,201.0,0.04442626291319627,0.0515122294343781,0.054215346785705415
2023-04-18,205.25,0.04499095782675359,0.051242763205524594,0.05476135276184793
2023-04-19,202.5500030517578,0.046427710549283435,0.05050799485388655,0.055464749050330615
2023-04-20,195.8999938964844,0.03761523758540052,0.05159908113556608,0.052315406713629886
2023-04-21,194.1999969482422,0.038441541864983705,0.050656720191671674,0.05106663010250437
2023-04-24,196.75,0.036298636111491867,0.049927440963933714,0.0498580971980223
2023-04-25,192.4499969482422,0.029725623250384053,0.049868087789456964,0.05088492118363891
2023-04-26,195.8500061035156,0.02520326138423921,0.04944092992774114,0.04989795042542123
2023-04-27,192.1000061035156,0.021994116559614876,0.049186525446812006,0.049276180195005355
2023-04-28,189.8500061035156,0.030647102238682958,0.04847914760816727,0.050029281537009175
2023-05-01,189.25,0.037417962766510285,0.047541855803658904,0.05021748375073908
2023-05-02,190.6499938964844,0.03715129101645883,0.04673110889559315,0.04804849858698222
2023-05-03,189.1999969482422,0.0364762256115032,0.04597382079798746,0.048026610589209005
2023-05-04,186.3999938964844,0.03444389740790384,0.04560289611290649,0.04687168510871317
2023-05-05,191.0,0.02435621818621988,0.046014756749435407,0.04747016535031202
2023-05-08,186.8999938964844,0.03881207551089196,0.046165856932397824,0.0488149394380353
2023-05-09,188.0,0.040869547622548706,0.04537709924086794,0.043871627923860006
2023-05-10,187.4499969482422,0.04084916052566158,0.04457357440461004,0.04388540147248486
2023-05-11,185.8000030517578,0.04000552331545831,0.04396210576935964,0.04086212138809479
2023-05-12,186.0,0.04080424949798107,0.043203983941328496,0.04046862796545593
2023-05-15,193.0500030517578,0.022288417220285416,0.04548309234252604,0.040119348133977654
2023-05-16,190.3500061035156,0.019614915532383904,0.04508746705311657,0.038642589426281355
2023-05-17,189.8500061035156,0.019657337524778464,0.04429320270003794,0.03832088049007411
2023-05-18,190.4499969482422,0.034557421343127795,0.04353834448019787,0.0349648996773964
2023-05-19,192.0,0.034131832006143656,0.042940236699763906,0.03505153703375503
2023-05-22,189.1999969482422,0.03973372419650704,0.042723802686236205,0.034959716558396775
2023-05-23,187.4499969482422,0.039602415598929575,0.042222871294511126,0.033577277966470385
2023-05-24,188.0,0.046387018658908104,0.04156076914902684,0.032188239907050165
2023-05-25,182.6999969482422,0.039536437163503226,0.042806435275814965,0.03379086518972287
2023-05-26,181.6000061035156,0.04200166065100305,0.04218590139115795,0.03349684752596217
2023-05-30,177.10000610351562,0.03379367428171686,0.04295526464352599,0.03539951969883671
2023-05-31,178.64999389648438,0.036022979423675855,0.04240858691834867,0.035512470004232875
2023-06-01,183.0500030517578,0.05636659260458933,0.043048433052704144,0.03798453919751007
2023-06-02,180.3000030517578,0.058505529750990444,0.04285596878918369,0.038005593408137264
2023-06-05,183.1000061035156,0.06261496312070015,0.042675840832848824,0.03662799738607687
2023-06-06,182.6000061035156,0.06437668457583968,0.04199334013014562,0.035156956873688736
2023-06-07,185.3999938964844,0.0631946909889008,0.04185016220433663,0.03595089505915332
2023-06-08,194.8500061035156,0.041449736134295714,0.04657438656746552,0.04385700198228005
2023-06-09,190.6499938964844,0.037024109414608555,0.04669756671623665,0.04515320000648014
2023-06-12,185.5500030517578,0.048238340277261774,0.047347305219670795,0.04733544479145447
2023-06-13,182.75,0.05539698388278192,0.046921171912248816,0.04356361080177385
2023-06-14,184.3999938964844,0.05469082204682944,0.04619308305987951,0.04351011420128339
2023-06-15,187.0,0.05706791863069285,0.04573962246866142,0.044194547362743586
2023-06-16,184.8999938964844,0.05594245514052074,0.0451782713392341,0.04444776401586202
2023-06-20,177.4499969482422,0.03895190132580798,0.047909818447513686,0.04830323414823514
2023-06-21,172.0,0.03253581268539,0.04894179519099283,0.04994671696519771
2023-06-22,171.6999969482422,0.03479367111871498,0.04796979490900302,0.04990923561312744
2023-06-23,168.0500030517578,0.03171031743404971,0.04797799628554254,0.05045726233194049
2023-06-26,167.9499969482422,0.03303316847248525,0.04704140656555139,0.04902218452032202
2023-06-27,169.4499969482422,0.03305249270439429,0.046304128200122904,0.04944213158329303
2023-06-28,165.64999389648438,0.02535123186938126,0.046527068444633404,0.04917854790953806
2023-06-29,163.60000610351562,0.02225485168372359,0.045984630422941555,0.04895130125491857
2023-06-30,161.0,0.01674821799302282,0.04568604235376804,0.04683064327159081
2023-07-03,162.5,0.02067492190607592,0.04502757804750522,0.0472234635259838
2023-07-05,161.0500030517578,0.01894932743276626,0.04439879145540616,0.04598059880138602
2023-07-06,162.35000610351562,0.017569077667872666,0.0437566777647119,0.04652001292953871
2023-07-07,162.8000030517578,0.023726580046850743,0.04302146560221746,0.0454382809676254
2023-07-10,161.75,0.05088432325206503,0.04240310781733778,0.03451834066536795
2023-07-11,159.3000030517578,0.04864843542216024,0.04225684325040554,0.03404825958917523
2023-07-12,158.75,0.0518261596116313,0.04160472541289053,0.0327632240049868
2023-07-13,159.35000610351562,0.06303261877515626,0.0409845053699189,0.03300754657855716
2023-07-14,161.9499969482422,0.06538838296687853,0.040971869944461156,0.03409451838071974
2023-07-17,154.75,0.04751460815622367,0.04503378703226749,0.03748798988718112
2023-07-18,155.25,0.04793079521902841,0.044246270110548686,0.03800102832988107
2023-07-19,152.4499969482422,0.045056832531703575,0.04420988728910426,0.0344192076888393
2023-07-20,158.0500030517578,0.028955861891855807,0.04621004291902893,0.0384753278099573
2023-07-21,161.85000610351562,0.027718324927551694,0.04651822733904022,0.04094268899492558
2023-07-24,163.0,0.049703557344070316,0.04574579541228657,0.040020889904214
2023-07-25,161.85000610351562,0.049200443641848064,0.045016818999020936,0.04011246616353204
2023-07-26,163.14999389648438,0.05065915860676178,0.04434376383133474,0.04005206688552791
2023-07-27,161.4499969482422,0.051308867728293024,0.04381372638749207,0.038831393807410505
2023-07-28,157.89999389648438,0.05072596762664049,0.04416262315448088,0.03986587863995369
2023-07-31,164.64999389648438,0.03280844167363572,0.04709415039975236,0.04464088079503967
2023-08-01,164.5500030517578,0.03649057319928402,0.046195953391598994,0.04443892694929626
2023-08-02,166.9499969482422,0.033701272976577136,0.045770720409333894,0.044652960901087724
2023-08-03,164.75,0.031431191931231756,0.045311733173672986,0.04513738710667822
2023-08-04,161.35000610351562,0.026978429053801274,0.0454322063351734,0.04638516819657931
2023-08-07,163.9499969482422,0.04852513233920538,0.04514480063245488,0.046973016890319234
2023-08-08,161.35000610351562,0.04744378769577259,0.04489099046474006,0.04703890320390123
2023-08-09,160.75,0.04735552093021582,0.04412136861717226,0.04704521328279922
2023-08-10,159.89999389648438,0.048778698747577155,0.043419353447264275,0.04710424924109916
2023-08-11,157.8000030517578,0.04705243186062054,0.04308335969863685,0.04676709253813664
2023-08-14,151.10000610351562,0.018220896992014506,0.04646211718513534,0.04625637211272737
2023-08-15,149.25,0.014898385422115966,0.04591598613055772,0.04651781396866855
2023-08-16,148.89999389648438,0.044882986761797666,0.04508145743115647,0.04573099794358625
2023-08-17,147.0,0.043007724535037664,0.04463476497869635,0.041598531681840516
2023-08-18,147.4499969482422,0.043676301120789164,0.043863079960739466,0.03923298245779739
2023-08-21,147.5500030517578,0.04367228098111638,0.0431081271483783,0.038857660407543015
2023-08-22,146.60000610351562,0.04329387386851581,0.042485261486297186,0.03885006517407853
2023-08-23,152.9499969482422,0.015769180422208734,0.04571960992613104,0.04516275016654316
2023-08-24,153.0,0.01632799699463937,0.0448807884207401,0.04502938166154809
2023-08-25,151.75,0.01822546882954061,0.04423038359685531,0.0439604981913758
2023-08-28,151.8000030517578,0.018464011114392914,0.04345820667737125,0.037487568796630795
2023-08-29,151.35000610351562,0.01836948436515833,0.04274258895754978,0.03744886327961653
2023-08-30,153.35000610351562,0.03179630546931355,0.04242298983680019,0.03727728115421103
2023-08-31,152.6999969482422,0.032470125813790524,0.04177750845761692,0.0369747380713375
2023-09-01,150.9499969482422,0.04678327655976729,0.04143436765261362,0.036126947154744946
2023-09-05,151.39999389648438,0.04702605515283587,0.0408101064482804,0.034859799265112144
2023-09-06,151.75,0.04702658243254654,0.04020762379530161,0.03439910191041176
2023-09-07,147.39999389648438,0.039335904451595606,0.04164164550961289,0.036781187171927084
2023-09-08,146.25,0.050799258546375514,0.041136872710766506,0.03682043538970681
2023-09-11,151.5500030517578,0.03635107016426037,0.04339094675024894,0.04155127956264327
2023-09-12,150.6999969482422,0.06482501177729354,0.04273133859993647,0.03550866254386745
2023-09-13,151.0500030517578,0.08637113883668127,0.042038507942291324,0.03493630669160223
2023-09-14,153.10000610351562,0.08795649105942674,0.04177913637830784,0.035477124746287475
2023-09-15,158.25,0.08500955472612136,0.04358514304690043,0.037972415871584446
2023-09-18,158.6999969482422,0.08639499861184788,0.042858660849440434,0.0379735191573404
2023-09-19,167.5,0.0688389370114822,0.04831047411676919,0.045473537846779426
2023-09-20,158.1999969482422,0.03986766971329568,0.053600866980146274,0.05523469693671961
2023-09-21,154.85000610351562,0.03636788959272489,0.05327065241362026,0.05265505607450514
2023-09-22,151.14999389648438,0.028089005288794162,0.05318993998405764,0.054097139641127716
2023-09-25,148.8000030517578,0.030705220686848302,0.05249230344044432,0.05450028825473448
2023-09-26,150.85000610351562,0.02758828300565919,0.05170706819011389,0.05499157921716281
2023-09-27,149.25,0.030199185334279996,0.05083228590248146,0.05522342378730382
2023-09-28,147.1999969482422,0.027624613820819103,0.050148207636271314,0.05509207565509524
2023-09-29,146.14999389648438,0.02705121233093024,0.049221778969090385,0.05514188739550348
2023-10-02,149.10000610351562,0.01823226014802233,0.049010397381904956,0.05598255953052591
2023-10-03,148.75,0.020603128783428785,0.04804072280727643,0.055955936429623675
2023-10-04,146.35000610351562,0.012717802673573515,0.04764576717577049,0.056445717027647016
2023-10-05,145.39999389648438,0.015343418615141548,0.0468131142065037,0.05467624488364997
2023-10-06,146.0500030517578,0.039640668911678646,0.04596534645793673,0.05459866910700875
2023-10-09,146.0500030517578,0.03993669990767931,0.04511559970022832,0.051279409008579246
2023-10-10,147.5,0.04295023612498451,0.044509434986318944,0.0515640910631326
2023-10-11,147.6999969482422,0.04339555143224688,0.043727893828247044,0.05154963829819253
2023-10-12,149.3000030517578,0.055770128942907574,0.043231233754157855,0.0513653645335409
2023-10-13,154.89999389648438,0.04262425551050572,0.04544802624103311,0.052052294395791274
2023-10-16,154.14999389648438,0.042501829497520946,0.044674607298393794,0.05204237074476878
2023-10-17,157.0500030517578,0.04060431131981794,0.0446266738839822,0.04460833426676979
2023-10-18,158.0500030517578,0.05350032350460158,0.04392130047639568,0.034588913960816724
2023-10-19,163.9499969482422,0.0395639916550061,0.046038279152840686,0.03723476036359015
2023-10-20,165.25,0.03879871201708671,0.04531355721460957,0.03445537102127336
2023-10-23,165.85000610351562,0.040321900039527785,0.04451910467285749,0.03279990663387455
2023-10-24,168.14999389648438,0.06294284495825195,0.04414120163903295,0.03280588287007988
2023-10-25,162.3000030517578,0.069365632465264,0.04608737911399285,0.03793301166361873
2023-10-26,161.1999969482422,0.0770128464337258,0.04533412169828363,0.03721006314616729
2023-10-27,160.9499969482422,0.0837764820092258,0.04451843626629362,0.03684993952990604
2023-10-30,159.10000610351562,0.0845514396161657,0.04403248755582152,0.036810017108915315
2023-10-31,167.3000030517578,0.07011935080638676,0.0485322601092764,0.04349578751084872
2023-11-01,159.8000030517578,0.05699466567526827,0.05166931649181222,0.04955666105414334
2023-11-02,165.35000610351562,0.05213396120378733,0.05272877117781168,0.0513384716247494
2023-11-03,170.89999389648438,0.047123337486807644,0.05356850756542314,0.05300835266751785
2023-11-06,173.6999969482422,0.05008931687525526,0.05287115527962485,0.052997282323957645
2023-11-07,170.75,0.04867308241606692,0.05227809729518821,0.05453322291983014
2023-11-08,174.35000610351562,0.050267917581216244,0.05196073492616817,0.05484333061663462
2023-11-09,178.8000030517578,0.050847158046257196,0.05202981313661393,0.0554857913249088
2023-11-10,174.5,0.05360787267757713,0.05203922952992175,0.055846354387685565
2023-11-13,178.64999389648438,0.0625254693970438,0.051951220470419265,0.056200529859639824
2023-11-14,176.4499969482422,0.061756959991001864,0.05114105886879888,0.05670329704650109
2023-11-15,180.8000030517578,0.05797089606015494,0.051183683860136026,0.057456819996103345
2023-11-16,176.10000610351562,0.051641650095218906,0.0514364042393347,0.05745507695036285
2023-11-17,170.9499969482422,0.04225992329862855,0.0520210637154287,0.05973791893736704
2023-11-20,177.89999389648438,0.01523758642059099,0.05380968533309907,0.0627174329333941
2023-11-21,176.5500030517578,0.025434530623497726,0.0527371131482216,0.06270796778733509
2023-11-22,178.64999389648438,0.024061098681920894,0.05185330313454825,0.05957490518930431
2023-11-23,178.64999389648438,0.07254966854891268,0.050751768549227076,0.05932295055803198
2023-11-24,178.64999389648438,0.07276988642292534,0.04969618060115674,0.059281943108656636
2023-11-27,179.6999969482422,0.07709486813920327,0.04874990378586539,0.0586207260590196
2023-11-28,183.6499938964844,0.07835790684819761,0.04871012109198522,0.0545602415986532
2023-11-29,182.1000061035156,0.09015168215579439,0.04788981733828391,0.04829069894943393
2023-11-30,195.0,0.05869094162565628,0.05569771363735807,0.05589821284190955
2023-12-01,193.8999938964844,0.05844819504762519,0.05449831986235803,0.05472092077982166
2023-12-04,188.8999938964844,0.0700986377914082,0.054517489820627055,0.05675968771632508
2023-12-05,193.8500061035156,0.06681131472268369,0.054488406939421516,0.05657991088190646
2023-12-06,185.25,0.05228553118376251,0.0568928599147922,0.06157981830132733
2023-12-07,185.5,0.05911432707825143,0.05558918696389934,0.06046467077365092
2023-12-08,185.1499938964844,0.059686731399418456,0.054342284224158585,0.05892875949736237
2023-12-11,194.0,0.052939145030673956,0.05692635058732548,0.06211052130731687
2023-12-12,191.1499938964844,0.06155286462322281,0.05600260863403227,0.062290456333834045
2023-12-13,194.6499938964844,0.08407020242148994,0.055299168887896565,0.061832235620937544
2023-12-14,200.1000061035156,0.08092681681048079,0.055384111282651007,0.06081301611278266
2023-12-15,201.8000030517578,0.08058986843818446,0.05426141211064976,0.05777409372832832
2023-12-18,209.5500030517578,0.07168447763521493,0.05555798457206472,0.057472240171037095
2023-12-19,202.3999938964844,0.06507078481663181,0.05641362251096229,0.06092669279197163
2023-12-20,190.6000061035156,0.025050597800930934,0.06112016027270796,0.0693925138808385
2023-12-21,193.6000061035156,0.0539142568383922,0.060033492128507795,0.06963967873562484
2023-12-22,192.8000030517578,0.05463685244437399,0.05863344950409342,0.06973326870450189
2023-12-26,194.3500061035156,0.057883728018904686,0.057362483104901954,0.06975812968150222
2023-12-27,197.75,0.055352757881852455,0.05654372819636508,0.06949646651496072
2023-12-28,198.0,0.05731743254030383,0.0552536391561231,0.06921753901666135
2023-12-29,188.3000030517578,0.02865807055175477,0.058352538750380815,0.06556215637178524
2024-01-02,190.1499938964844,0.03072441174906276,0.05714532708172344,0.065773815410346
2024-01-03,186.25,0.027847364180121528,0.056572759018653246,0.06528395979216352
2024-01-04,185.5500030517578,0.031836110371119664,0.055305620418624635,0.06377364082567707
2024-01-05,182.8000030517578,0.03585626515974697,0.05446473496397553,0.06005596873721541
2024-01-08,181.3999938964844,0.04531106412025052,0.05336621233164287,0.06014611260420324
2024-01-09,184.1000061035156,0.05419681046059555,0.0525959053236953,0.06066471864818479
2024-01-10,181.1499938964844,0.05190177701873122,0.051956474204516274,0.05580129692477992
2024-01-11,184.0500030517578,0.057035755355038485,0.0513177370565319,0.05626252651406949
2024-01-12,180.0,0.06460672634773724,0.051187818944601206,0.05610180568197129
2024-01-16,185.25,0.057971627992169004,0.05166162135000096,0.05627229133017417
2024-01-17,179.1999969482422,0.05092471341792799,0.052637847511016356,0.057710314529030936
2024-01-18,179.9499969482422,0.05246280551458639,0.051534433591720025,0.053308805416911846
2024-01-19,185.1499938964844,0.0570474733400184,0.05195626473475188,0.05421203766281968
2024-01-22,192.25,0.049143982191190316,0.05344338354867999,0.04965355370059497
2024-01-23,192.9499969482422,0.054922030228511054,0.05229891661405654,0.049046886129966626
2024-01-24,189.4499969482422,0.05178212033193579,0.051813276246916014,0.04985355870483892
2024-01-25,186.9499969482422,0.05005518991343696,0.05105322281072529,0.04999156346800718
2024-01-26,193.8500061035156,0.03643812814782624,0.05243373653586613,0.05272849819002792
2024-01-29,189.25,0.0302654098734987,0.05238899510063827,0.05394435806204825
2024-01-30,194.0,0.018678173853845206,0.052393401974106794,0.04922304200737296
2024-01-31,194.0500030517578,0.022868093868641727,0.05126951161008149,0.04903110785154833
2024-02-01,194.1999969482422,0.024952302759792842,0.050193033676134605,0.04768256233918803
2024-02-02,191.9499969482422,0.04477017115905847,0.0494315983273853,0.04809877611956532
2024-02-05,189.5,0.043036183541276356,0.048764664474535646,0.04791999913403188
2024-02-06,188.1999969482422,0.04453979591537073,0.04789199078153164,0.04787975939043187
2024-02-07,190.6999969482422,0.05282264027039438,0.04730641510010491,0.04777394031510918
2024-02-08,188.8000030517578,0.05322535852136982,0.04661045125447314,0.04726391594740503
2024-02-09,196.3000030517578,0.03717365344868192,0.048798815604985855,0.050346151738373965
2024-02-12,195.6000061035156,0.03720889333924338,0.04785340382295662,0.04869849116424548
2024-02-13,193.0,0.0490327040771629,0.047293584463111216,0.0476440269379205
2024-02-14,187.0500030517578,0.04416173729340552,0.048391186131551196,0.0472841039340723
2024-02-15,189.3000030517578,0.04501844636689063,0.047718502228814116,0.04753152009348819
2024-02-16,190.8500061035156,0.044524924399473385,0.0469242578710382,0.04566015870740326
2024-02-20,191.6000061035156,0.04888793004735292,0.04606240896842393,0.041571648256134894
2024-02-21,198.3500061035156,0.034703283507170314,0.04767173729449532,0.04505905265858247
2024-02-22,193.8500061035156,0.02902983867421121,0.047829927516154024,0.04564874750885709
2024-02-23,191.0,0.027093879106608883,0.047353944354170646,0.04578201123808485
2024-02-26,190.1000061035156,0.032411853046354064,0.046491997782901286,0.04191901699301729
2024-02-27,194.0500030517578,0.027878658865259084,0.04649097707705232,0.04139435511043543
2024-02-28,193.3500061035156,0.02778736716904875,0.045647536692187324,0.039538882862534305
2024-02-29,195.8500061035156,0.03164548520967873,0.04515757781666408,0.040072004274727485
2024-03-01,193.8000030517578,0.04650702465459067,0.04458890092679748,0.040445162500967996
2024-03-04,197.3999938964844,0.045366173651717544,0.04452770424777296,0.040975132744808566
2024-03-05,195.0,0.04401687737306941,0.0440765299353017,0.04092012768431891
2024-03-06,194.4499969482422,0.04801054571877982,0.043330564246265454,0.04075307300999789
2024-03-07,198.3500061035156,0.043739239064987626,0.0434688918757117,0.041381757920021946
2024-03-08,191.3999938964844,0.052014919501673876,0.04552279797817907,0.04515245424174346
2024-03-11,194.3500061035156,0.05001681113009608,0.04518478931056309,0.04125652704769269
2024-03-12,195.3999938964844,0.05015884326932207,0.044429583666517614,0.04132408570953078
2024-03-13,191.6499938964844,0.046401068341954496,0.04447845128525392,0.04193732984302518
2024-03-14,191.3500061035156,0.04972026440201504,0.04370130855459676,0.038667678727627254
2024-03-15,182.8500061035156,0.02070106683313783,0.047372762747188754,0.04463036583147335
2024-03-18,181.8500061035156,0.02042324754800892,0.04652643075994743,0.044355313687194385
2024-03-19,183.0500030517578,0.02321288029980736,0.04573945349240947,0.04447484735883559
2024-03-20,182.3999938964844,0.02673449834766388,0.04492873420773102,0.04001034194006179
2024-03-21,185.6999969482422,0.021982296389165244,0.0448102735477459,0.04018755120140499
2024-03-22,184.8500061035156,0.0265033405258632,0.044060448041778374,0.039661426389369966
2024-03-25,185.6499938964844,0.04021326765579065,0.04333484835431541,0.03973383269435324
2024-03-26,188.0500030517578,0.047979765487437855,0.04296669415125234,0.038798160045992985
2024-03-27,190.6499938964844,0.04846878415148865,0.04267103107626169,0.03952033024097664
2024-03-28,188.8500061035156,0.05487924224116087,0.04218118013881837,0.03908038388819792
2024-04-01,191.8000030517578,0.05305817925983761,0.0420466871675954,0.03971621671544931
2024-04-02,197.75,0.044888649797619785,0.043472069150338875,0.04165595342205125
2024-04-03,203.6000061035156,0.03451736828096669,0.04458936979792404,0.043532084853093074
2024-04-04,206.75,0.04052920562494619,0.04430680172964269,0.0439315472270612
2024-04-05,212.5,0.03554757611755493,0.045147532869957055,0.04484698282568283
2024-04-08,211.1000061035156,0.046207530733652434,0.044432408137656615,0.040300879411721606
2024-04-09,213.5500030517578,0.04995219063518058,0.04393688776316203,0.0400890750488315
2024-04-10,214.6499938964844,0.0678625978114521,0.04323376185831859,0.0400881573125524
2024-04-11,220.3500061035156,0.07086307656633112,0.044018405306804016,0.039356572980780574
2024-04-12,224.6499938964844,0.06848035925205587,0.044067334622569475,0.03954893024779174
2024-04-15,231.5500030517578,0.07398705822703264,0.04527241632590192,0.029439529911434892
2024-04-16,236.75,0.07722558154189461,0.04549565148208748,0.028397145317969004
2024-04-17,247.9499969482422,0.0642766999425775,0.04902703047921305,0.032578015708737834
2024-04-18,239.8500061035156,0.057092411300811385,0.05021953342511137,0.039668050125332
2024-04-19,241.3999938964844,0.05702738669789875,0.049264146215376184,0.039760728308970913
2024-04-22,231.6499938964844,0.04140028581058997,0.05156522379065887,0.04751780913113564
2024-04-23,224.5,0.0629236395875602,0.052329052801599725,0.05202699434145464
2024-04-24,228.4499969482422,0.06089448231745379,0.05176753200240227,0.05215536248557373
2024-04-25,231.9499969482422,0.07643946546584489,0.05109899691859335,0.05219028948783737
2024-04-26,230.6000061035156,0.07736244697006917,0.05009716850194119,0.051866247959189433
2024-04-29,233.5500030517578,0.08048395571337962,0.049378366405624124,0.05180694691336458
2024-04-30,220.6499938964844,0.057634062927681765,0.05444472238405594,0.06033473056816626
2024-05-01,219.0500030517578,0.057514608918077685,0.05333578995829951,0.0593138845017298
2024-05-02,208.6499938964844,0.0351238646058782,0.05638582919823877,0.06440526148312344
2024-05-03,205.8999938964844,0.03270206873172539,0.05541199692468823,0.06312161663945252
2024-05-06,200.6999969482422,0.028385172117086604,0.055325562971064945,0.06422258620474564
2024-05-07,199.0,0.02968193685237121,0.054214435554973274,0.06384830312603552
2024-05-08,200.25,0.030075185010490064,0.05308410216236145,0.06389090976604286
2024-05-09,203.6999969482422,0.026166657885825582,0.05246117179406559,0.06293092099870176
2024-05-10,204.3999938964844,0.0495304692320911,0.051354877789409004,0.06187822549921637
2024-05-13,200.3999938964844,0.045749630026754876,0.05102505316750898,0.059444185947913106
2024-05-14,202.8500061035156,0.05760266893706013,0.05023543220511217,0.05833609321266115
2024-05-15,201.25,0.058957187549050716,0.0493278719691401,0.050976591702344844
2024-05-16,199.5500030517578,0.06235874146072221,0.04847964186545621,0.04954810301352833
2024-05-17,208.1499938964844,0.04745417798998595,0.050974893153641225,0.05539726378126849
2024-05-20,209.3000030517578,0.07362458211624473,0.049965692495162785,0.05275489898887875
2024-05-21,217.1999969482422,0.06395577604246845,0.05155149312911799,0.054833517817685036
2024-05-22,220.4499969482422,0.0640739758597448,0.05087385848020994,0.05461106847298322
2024-05-23,215.6499938964844,0.07622172802283284,0.050750509693565454,0.05473505096977971
2024-05-24,218.25,0.07756479687533456,0.04996617386571042,0.05526979492865225
2024-05-28,230.9499969482422,0.0619407431016423,0.054843492538536875,0.062388271687937646
2024-05-29,229.4499969482422,0.06216336280905833,0.053698549646987365,0.055094755290037004
2024-05-30,233.0,0.0610061590053094,0.05294368583305903,0.05525845893854917
2024-05-31,222.3500061035156,0.056665009178685166,0.05573255863909306,0.05480715201102958
2024-06-03,226.5500030517578,0.055614844857166376,0.05507894578902445,0.05461385841055969
2024-06-04,233.8999938964844,0.04569914788621437,0.05562167068030993,0.05376427650396316
2024-06-05,231.9499969482422,0.04806402728490125,0.05449386925027213,0.053753671739610896
2024-06-06,234.1999969482422,0.047685886174071324,0.05344747653866833,0.05375719268162788
2024-06-07,224.8000030517578,0.02582859195515459,0.055298232060643576,0.05873278068419347
2024-06-10,221.3999938964844,0.02473084303211777,0.054474260704656226,0.059593661749085806
2024-06-11,220.5500030517578,0.024715857812723244,0.05329368877875579,0.05844409455352958
2024-06-12,224.3500061035156,0.024869251824839175,0.052660218026022144,0.05865916344625425
2024-06-13,226.0500030517578,0.028704250172297066,0.05162794934691069,0.058268663028643884
2024-06-14,224.1499938964844,0.05642401168449624,0.05067522435392453,0.058265937116521754
2024-06-17,227.1499938964844,0.06202569536711536,0.04995759405587131,0.0552299189605243
2024-06-18,226.3000030517578,0.0654415639769735,0.04896492208768113,0.05537336256026277
2024-06-20,230.25,0.06366348482082973,0.04857240190691026,0.05309632795214132
2024-06-21,226.5500030517578,0.06164394617998773,0.048144507399112225,0.05352779226074643
2024-06-24,238.0,0.03829531488152752,0.05189234449445504,0.05709001319115791
2024-06-25,231.1999969482422,0.027150627269838017,0.05236919393480516,0.05938717867876211
2024-06-26,226.3500061035156,0.021894548157700557,0.052092678767604685,0.05330720684538157
2024-06-27,228.25,0.02780518898915617,0.05110880137175606,0.05342131106678117
2024-06-28,228.9499969482422,0.03746522702313071,0.0500547782476733,0.052826009707384866
2024-07-01,226.6999969482422,0.07415318074305287,0.049224329682786686,0.04732160550561252
2024-07-02,229.1000061035156,0.07764523659485138,0.04844849154075279,0.04668682031616457
2024-07-03,225.9499969482422,0.07651984635289939,0.047884176512341024,0.044133370589899676
2024-07-05,230.3000030517578,0.07558556888516815,0.04767956467938819,0.04516708738506385
2024-07-08,236.1999969482422,0.07564615129902062,0.048039671746414964,0.0467295736949275
2024-07-09,252.0,0.039444024269292055,0.0549664944132958,0.05171715469352866
2024-07-10,245.6999969482422,0.0312647397124476,0.05488363697912753,0.053020554535275294
2024-07-11,246.75,0.034906317635019446,0.05368863807824132,0.05281076701244062
2024-07-12,250.4499969482422,0.03825304296570502,0.05290867144583517,0.052696385578508025
2024-07-15,244.1499938964844,0.03493606593984647,0.05296711382274405,0.054900002734563275
2024-07-16,245.3999938964844,0.03824823940270341,0.05186553552784384,0.05451832730844494
2024-07-17,247.3500061035156,0.05043552568319149,0.05087817633680868,0.054356791590368006
2024-07-18,243.3999938964844,0.05016857752012851,0.050322781868978615,0.055180065817081535
2024-07-19,238.1999969482422,0.04916250705992241,0.050197264924178794,0.05606628668054886
2024-07-22,243.0500030517578,0.04484517377871919,0.04994323331724933,0.05595903840389947
2024-07-23,239.1000061035156,0.041780625647455515,0.04945460753901343,0.0512550923111717
2024-07-24,231.1499938964844,0.0255059850116822,0.050688163965520026,0.05203026241871143
2024-07-25,234.6999969482422,0.022164455744968174,0.050075687170661395,0.051310152481553586
2024-07-26,230.25,0.018068611778144145,0.04977104019645692,0.05222106000448806
2024-07-29,230.3999938964844,0.027729202248238178,0.0487572833330186,0.05220306727175487
2024-07-30,230.8000030517578,0.05233005923683,0.04779133131488474,0.0519286207113802
2024-07-31,229.1999969482422,0.06732801381208647,0.046964585957560034,0.05181077594988459
2024-08-01,227.25,0.06690746546997106,0.046227580141422336,0.051504321487004706
2024-08-02,230.5,0.08049225581004986,0.045783973973565234,0.05109295624787585
2024-08-05,225.6999969482422,0.08280320422411962,0.04589108047252201,0.05031344132490859
2024-08-06,235.9499969482422,0.07790293773050547,0.04905213493529536,0.04378858365882443
2024-08-07,246.3000030517578,0.06753596510445714,0.05160268992200885,0.04786094294708149
2024-08-08,245.3000030517578,0.0685016014656597,0.05054503611423069,0.04785249380764831
2024-08-09,234.0500030517578,0.05487730680480322,0.05362982631099948,0.05245648555617694
2024-08-12,240.8500061035156,0.04684707497103997,0.05392446977317828,0.05342884634954448
2024-08-13,232.6999969482422,0.03485780822302502,0.054870936764247154,0.055900902085824274
2024-08-14,237.0,0.029661551209780757,0.05423503313433091,0.05665479987671069
2024-08-15,239.8999938964844,0.029085382787026784,0.053297554394921905,0.056584213622845735
2024-08-16,245.4499969482422,0.02520199440549938,0.053081704533521575,0.0566359590360136
2024-08-19,245.8999938964844,0.026944207511866984,0.051934822798747435,0.05578205285840638
2024-08-20,249.4499969482422,0.031984564909292974,0.05121014781039469,0.055436548710006875
2024-08-21,249.4499969482422,0.0322386660766146,0.050135381897114424,0.052149260680745935
2024-08-22,246.8000030517578,0.04545405627134438,0.04933384711264616,0.052264374013297955
2024-08-23,251.1999969482422,0.044285106844683786,0.04894639852862702,0.051485711735000377
2024-08-26,253.6499938964844,0.04360385154133064,0.04815069206240746,0.051513381193364655
2024-08-27,259.3999938964844,0.03771722763355579,0.04820668466147657,0.052221793877849546
2024-08-28,260.45001220703125,0.037742250086357454,0.04729029156146749,0.051800378493393286
2024-08-29,251.8000030517578,0.03175496508043398,0.048706709455025345,0.05514318944275844
2024-08-30,248.1999969482422,0.047711978205432076,0.048160909732783856,0.05575593350419672
2024-09-03,246.75,0.0477083710624673,0.04728829165877666,0.05448502848759554
2024-09-04,245.5500030517578,0.04781535474652744,0.04643236524965594,0.050393223864727235
2024-09-05,246.6000061035156,0.048698480318547316,0.04559814549564127,0.045608889784503205
2024-09-06,240.0500030517578,0.05635716431743435,0.04630920124736137,0.04754353928977186
2024-09-09,249.4499969482422,0.042816872769363044,0.04844573233764578,0.04495971112062797
2024-09-10,248.0,0.048114316530132845,0.04755973700317374,0.04308874663911715
2024-09-11,249.4499969482422,0.04827090831453582,0.04670714384767758,0.03874819364206354
2024-09-12,252.0,0.047532278590398394,0.04603584677615482,0.038137049462639856
2024-09-13,262.04998779296875,0.05040471184835968,0.04830767711626412,0.04201058142518773
2024-09-16,259.04998779296875,0.0701761112172619,0.047630176562570854,0.041550914544566525
2024-09-17,265.0,0.06821230171076853,0.047745572525911585,0.04273102425028544
2024-09-18,263.1499938964844,0.0680241929209354,0.04692233181869678,0.04267089881965395
2024-09-19,261.6499938964844,0.07005136797063012,0.046101787400983155,0.04286045008408886
2024-09-20,250.75,0.058332072144570396,0.04896358547176118,0.048064124509748944
2024-09-23,263.6499938964844,0.030043913489863284,0.05276229897087366,0.05350498569195648
2024-09-24,267.79998779296875,0.034350279362666804,0.05206811223348493,0.0537977371324951
2024-09-25,269.1000061035156,0.04494630333602991,0.050999566965679616,0.05281268012436078
2024-09-26,273.8999938964844,0.04487627144242563,0.05052325074144595,0.053399596824862755
2024-09-27,269.1499938964844,0.046269528497238505,0.05007698366291062,0.05105665318657945
2024-09-30,270.25,0.06845034648048473,0.04908033857902616,0.05019654286983669
2024-10-01,264.1499938964844,0.06611932641979387,0.049137675442805576,0.0517884696846675
2024-10-02,256.5,0.059692808398803476,0.049859432193997646,0.0542137081264557
2024-10-03,252.0500030517578,0.06003091183118466,0.049449341924423844,0.055078987957963996
2024-10-04,257.3500061035156,0.057307988577097395,0.04929016439805069,0.05384707348364253
2024-10-07,244.6499938964844,0.04729487758346956,0.053174099152135994,0.05695608146570613
2024-10-08,248.1999969482422,0.04954537248788201,0.05239350048788358,0.05739883569177028
2024-10-09,250.0500030517578,0.04924545526584819,0.05136935977346732,0.05744673594124466
2024-10-10,254.75,0.0469226228670865,0.050937608549880525,0.057988682565256376
2024-10-11,252.0500030517578,0.046460844260388566,0.0500978290066771,0.054513758882798725
2024-10-14,262.04998779296875,0.03360066456218709,0.0519326811140264,0.057908616359070374
2024-10-15,256.70001220703125,0.027530848798137074,0.051636169594617344,0.057602855509112615
2024-10-16,258.0,0.02883674566530421,0.05058971548602473,0.05762006975611075
2024-10-17,255.1499938964844,0.038428878178381656,0.04978527690357284,0.05779927897842961
2024-10-18,257.29998779296875,0.03935862008174911,0.04890479626411226,0.05368786246886909
2024-10-21,251.6999969482422,0.036246312594692603,0.048900070922587614,0.04824913535841827
2024-10-22,249.8500061035156,0.03934294753135496,0.04803567532651302,0.04736121544379657
2024-10-23,252.3500061035156,0.038536655681235335,0.04729231516939139,0.047665413109005315
2024-10-24,245.4499969482422,0.030651455360878772,0.047965200693879856,0.047833945258479754
2024-10-25,248.3999938964844,0.030699291241886396,0.04731281569908585,0.04815259533083352
2024-10-28,252.3500061035156,0.029054408110371507,0.046908592367953465,0.049017274867096616
2024-10-29,248.1000061035156,0.02902365527451724,0.04662517148974687,0.048492682016980614
2024-10-30,249.6000061035156,0.028940234623216942,0.04581944910601196,0.04664478885120572
2024-10-31,245.8999938964844,0.052052190044125035,0.04545849632221526,0.04642827649614082
2024-11-01,242.9499969482422,0.057594245176204636,0.0449504939322895,0.04521464065274435
2024-11-04,245.9499969482422,0.057372621201730124,0.044465899382100306,0.038121549345971485
2024-11-05,250.1499938964844,0.06168410728752194,0.04430016315422284,0.038388147354058016
2024-11-06,248.75,0.06848202703547895,0.04359746065191723,0.0383128577101732
2024-11-07,260.3999938964844,0.05742874289807208,0.04729719651407747,0.043840000789155745
2024-11-08,253.3500061035156,0.05145923502207476,0.04793895180312133,0.04578534386600244
2024-11-11,256.20001220703125,0.050367157146119244,0.04725246058809251,0.041527069298550996
2024-11-12,263.54998779296875,0.04182778000448719,0.04796263911276118,0.042668984201808646
2024-11-13,271.6499938964844,0.06131491040422754,0.0488479604933976,0.04504693964195781
2024-11-14,278.95001220703125,0.05642301771545769,0.049251712024014634,0.045957986322734914
2024-11-15,281.79998779296875,0.05964929434162831,0.04845974725254193,0.04600645794214102
2024-11-18,280.75,0.06038379229657479,0.04753150947944671,0.04409886724559279
2024-11-19,279.75,0.06151008746666045,0.04664133445691692,0.04384746342180469
2024-11-20,295.29998779296875,0.0527453086952028,0.05151849551932268,0.05009654572561187
2024-11-21,298.6499938964844,0.05336518839653999,0.05066741382877799,0.04647084158514834
2024-11-22,305.25,0.08720552106880726,0.05052210346147673,0.04685353469226669
2024-11-25,308.3500061035156,0.08676384208047419,0.049669158114640594,0.04676495185519888
2024-11-26,312.1499938964844,0.09013971739053768,0.04894857383695988,0.04455438954711152
2024-11-27,326.1499938964844,0.08481956979120724,0.05166247773016632,0.047270663991348556
2024-11-29,321.6499938964844,0.09835189769159301,0.050941216653628295,0.047109139997344326
2024-12-02,299.20001220703125,0.06662349822387405,0.05914278186965185,0.06274310570342678
2024-12-03,297.70001220703125,0.06718665702169638,0.057791866623366016,0.06320265202584543
2024-12-04,305.95001220703125,0.07462424745101018,0.05769689375247742,0.06373431456083317
2024-12-05,315.75,0.06769418966372484,0.058016381598166494,0.06403445595223058
2024-12-06,332.5,0.044049153174279,0.061009626151593534,0.06491994248808468
2024-12-09,332.29998779296875,0.05031515708258339,0.05954263907362996,0.0619216770001138
2024-12-10,335.6499938964844,0.05032673445155242,0.05829383697017934,0.061936045298624384
2024-12-11,321.70001220703125,0.03574398331427675,0.05991516816843257,0.06735501632570885
2024-12-12,322.6000061035156,0.045705590936023596,0.05850153706775819,0.06657206190935797
2024-12-13,320.8500061035156,0.04554408322311348,0.05718373760652896,0.0662245934006094
2024-12-16,328.75,0.03911794449595229,0.05686449408928691,0.06677890828140585
2024-12-17,325.45001220703125,0.03801815086772004,0.0557396887278284,0.06714002468450198
2024-12-18,333.1499938964844,0.03232375733746963,0.05542576186631534,0.06733484135589236
2024-12-19,323.75,0.016243103418317167,0.05562553040073995,0.0653430554079024
2024-12-20,325.0,0.016591400336563377,0.054394515085299674,0.06524865600145328
2024-12-23,327.25,0.015585198819311518,0.05327149472852719,0.06461049434298333
2024-12-24,328.6000061035156,0.026613464897688524,0.05214080427005451,0.06451822855007829
2024-12-26,324.6499938964844,0.03475042513931577,0.0513079562280776,0.06476541097024567
2024-12-27,322.6499938964844,0.034196929856301586,0.05030516191858052,0.060965654233176375
2024-12-30,321.0,0.03432924564496775,0.049322160580717485,0.060616910006942575
2024-12-31,319.75,0.036400490740764437,0.04835920161036065,0.047358623999711726
2025-01-02,326.8500061035156,0.02973826951236565,0.04836229344702066,0.04802456806176586
2025-01-03,318.6499938964844,0.02272187189178654,0.04871248701344132,0.04870998801953353
2025-01-06,318.6000061035156,0.023622797565389937,0.04774342059530643,0.04617112243184864
2025-01-07,320.5,0.02598364914268485,0.0468853630854052,0.03769966873225665
2025-01-08,316.45001220703125,0.034532670485841736,0.04633872484833617,0.038079884849603965
2025-01-09,318.5,0.035377169984900356,0.045557104461394514,0.03781279941970285
2025-01-10,323.8500061035156,0.031423894776978524,0.04530896388860697,0.03262270238048484
2025-01-13,325.95001220703125,0.030797631510769252,0.04457497023254213,0.03274691510840235
2025-01-14,321.95001220703125,0.05057051296316233,0.04412756097257919,0.03325578508878339
2025-01-15,330.45001220703125,0.043769926025619375,0.04482610629406229,0.03359700373510398
2025-01-16,327.1499938964844,0.0438575610611425,0.04425205185328058,0.03359279368930003
2025-01-17,328.3500061035156,0.043960358237796766,0.04350640761553347,0.031395738284478766
2025-01-21,327.79998779296875,0.04981471848809788,0.04277433401557877,0.02777764787028817
2025-01-22,341.8500061035156,0.03667606725607046,0.045895231324663915,0.03463550476220973
2025-01-23,343.95001220703125,0.0406256560569732,0.045125224696863454,0.03461192241877185
2025-01-24,347.54998779296875,0.0410168774425289,0.04454164545007809,0.03483228240294439
2025-01-27,349.20001220703125,0.04152812953689777,0.04380198572086269,0.03394325640166231
2025-01-28,357.5,0.034840924383494475,0.04425129643706519,0.034911410286902124
2025-01-29,366.5499877929687,0.04414404059824338,0.04482509057230513,0.0358203699806856
2025-01-30,373.3999938964844,0.04295488631346619,0.04475828124762869,0.03583876097834002
2025-01-31,377.8500061035156,0.0413007044461289,0.044261576864192735,0.035133533286007906
2025-02-03,380.8999938964844,0.0718103319180971,0.04362606570272618,0.030645417580484113
2025-02-04,383.3500061035156,0.08054403334497297,0.04296965684384173,0.030307436477999872
2025-02-05,397.75,0.0837458312774303,0.04522302275119806,0.033225001760612195
2025-02-06,403.9500122070313,0.08390535211301753,0.044912747210264614,0.030881805458523228
2025-02-07,404.3500061035156,0.09502307462238303,0.04411140555128093,0.0312682415517672
2025-02-10,429.0499877929687,0.07427632903862948,0.05051548012683939,0.039219345531034434
2025-02-11,413.4500122070313,0.06443723856424792,0.05208487257810227,0.046746702481771665
2025-02-12,431.7999877929687,0.07233383511166044,0.05439475039923944,0.04744946242176591
2025-02-13,438.8999938964844,0.07127621673691321,0.053660089103282356,0.047083071638581886
2025-02-14,419.75,0.05774141880741294,0.056030911978495274,0.0543743375612594
2025-02-18,419.0,0.06716601606132981,0.05476553222916571,0.054673908990155756
2025-02-19,417.8999938964844,0.06717141643529984,0.05355829956531685,0.05473949726491701
2025-02-20,395.75,0.039364659685724966,0.05759592052964701,0.06170296944000879
2025-02-21,400.0,0.03789592840876437,0.05645177053191814,0.06172179367988641
2025-02-24,393.7999877929687,0.04943347910414106,0.05559370652397419,0.06276764897749254
2025-02-25,380.5,0.04509239673744107,0.05640415893929352,0.06597670937729423
2025-02-26,379.4500122070313,0.05337244048496736,0.05513197581532053,0.06526838252089344
2025-02-27,378.75,0.07710182227985464,0.05390324706518033,0.06425733743761751
2025-02-28,379.0499877929687,0.07742860476767485,0.05271819542831497,0.06364034222926616
2025-03-03,392.7000122070313,0.06890826207375292,0.053847076828250934,0.06577188077926768
2025-03-04,403.75,0.06807467478428568,0.05403841875976062,0.06698112288898848
2025-03-05,415.5,0.06439513426526852,0.054310561744285585,0.0682021527590752
2025-03-06,393.0,0.03261841707911275,0.05847370299447228,0.07206100944605336
2025-03-07,390.2000122070313,0.03868991672876373,0.05719397247448387,0.07161984757510055
2025-03-10,389.3500061035156,0.04295876922709339,0.05588491485295624,0.07160568825077077
2025-03-11,399.4500122070313,0.03495277316034929,0.05575018961178734,0.06577519231487569
2025-03-12,392.2000122070313,0.035348190512359726,0.055086580640089935,0.06390845032103218
2025-03-13,390.6000061035156,0.0356591376043422,0.05388444854899681,0.05913326571009539
2025-03-14,382.1000061035156,0.028127667588528697,0.05358528469428461,0.05859798466511669
2025-03-17,389.3500061035156,0.02153698344432546,0.053047832254799934,0.056403010884636215
2025-03-18,387.1499938964844,0.024513047965348072,0.05195912200951566,0.056400684926094936
2025-03-19,394.6000061035156,0.022631644449309686,0.051526364902872615,0.05756525185333444
2025-03-20,392.1499938964844,0.040579598186640344,0.050515328374195194,0.050849693982955496
2025-03-21,391.3999938964844,0.040647609887774466,0.049477737749648615,0.05051249487254375
2025-03-24,393.3999938964844,0.040330231337206604,0.04852482429344138,0.05000332438969769
2025-03-25,398.5499877929687,0.04519683463926971,0.04789769554458426,0.04696771115755639
2025-03-26,392.0,0.04205255260789898,0.047530910685018114,0.0478597110784499
2025-03-27,378.7999877929687,0.026107980201297388,0.04898999848163092,0.05111115117915467
2025-03-28,379.9500122070313,0.058177931604110514,0.04802578636907166,0.051132467644889844
2025-03-31,379.75,0.08275011913644073,0.047086940399668535,0.047649904858989844
2025-04-01,389.0499877929687,0.0793267406452412,0.047378228765918885,0.04710214253810506
2025-04-02,388.8500061035156,0.0794024998520499,0.04646739544743156,0.04429899982804844
2025-04-03,385.25,0.07892739179022014,0.04578257033324353,0.03495873894196188
2025-04-04,365.7000122070313,0.07290539771673823,0.05043556525155648,0.0432700346521363
2025-04-07,344.79998779296875,0.04368703564185545,0.05575373626868049,0.05141452363727107
2025-04-08,342.8999938964844,0.04986394619157196,0.054549386144237655,0.0486474254156644
2025-04-09,341.70001220703125,0.05284374692696222,0.053361056953649025,0.04835418671234923
2025-04-10,342.8500061035156,0.05275713321822355,0.05221658664202675,0.04861055568803635
2025-04-11,357.70001220703125,0.039178224560698235,0.054358297432441305,0.05362036105249519
2025-04-14,360.3999938964844,0.04825114622127053,0.053252672774473105,0.052685813459402445
2025-04-15,369.3999938964844,0.05646005761600083,0.053192993307818986,0.05456202884448487
2025-04-16,376.0499877929687,0.0662515385108837,0.052612731370347096,0.05443949663047614
2025-04-17,375.5,0.0662382021842567,0.05148449040726768,0.054403612836578755
2025-04-21,366.7999877929687,0.0697548500835424,0.05144704494831623,0.05543213768582168
2025-04-22,377.6499938964844,0.06686768641586702,0.05194550434418887,0.05764539240401892
2025-04-23,392.3999938964844,0.05485090301221396,0.053526576061531515,0.060692375441046005
2025-04-24,408.0,0.05870429872281428,0.05505893657850958,0.06319327239354287
2025-04-25,408.25,0.0587060027578106,0.05382662379867318,0.06026626880465398
2025-04-28,421.5499877929687,0.04998530532431212,0.0544740596106228,0.061901437933996314
2025-04-29,412.6499938964844,0.045520124214131374,0.054090312834690145,0.06326724973702297
2025-04-30,413.6000061035156,0.047094348380862266,0.0529054116161804,0.06238312145068364
2025-05-01,395.7000122070313,0.016633716646673315,0.05529635812543497,0.06672297861081232
2025-05-02,395.3999938964844,0.016696690208631286,0.05405544584740255,0.0665165756395499
2025-05-05,398.9500122070313,0.040266480200224664,0.053004375326483694,0.06034059480321151
2025-05-06,401.1000061035156,0.040393518037512344,0.05190630953818379,0.050357478563279226
2025-05-07,396.2000122070313,0.048021383452069855,0.05109359539021248,0.050930608762529105
2025-05-08,397.7999877929687,0.055949170903026105,0.050052926691935236,0.05065143476909317
2025-05-09,397.1499938964844,0.06041688561675126,0.04903280553435291,0.05082278391345332
2025-05-12,382.4500122070313,0.0471992457174874,0.050834662007497464,0.05205460225456834
2025-05-13,384.8500061035156,0.05026341975864882,0.04984804609671321,0.05203175566918902
2025-05-14,373.9500122070313,0.04133065348182787,0.0504435981692074,0.05309573567757327
2025-05-15,384.9500122070313,0.03937524622352636,0.05099646908644988,0.05432624015253874
2025-05-16,376.25,0.03206751249007289,0.05093788795361392,0.055636684816239186
2025-05-19,376.1499938964844,0.032124873385430075,0.04987476991932979,0.05424541800703056
2025-05-20,369.2999877929687,0.037959746035129326,0.049525443342536404,0.05300551523990069
2025-05-21,370.2999877929687,0.03919703271916012,0.04853470900325783,0.04886274938544905
2025-05-22,360.75,0.03391814313986982,0.04894641427495798,0.04485689616606516
2025-05-23,361.0,0.03440742810571733,0.0479678220970041,0.044860097831236324
2025-05-27,361.7000122070313,0.03592358623652137,0.04703729612243622,0.04041677887375743
2025-05-28,351.95001220703125,0.027961895910033837,0.047685037376471694,0.04105600295107441
2025-05-29,348.3999938964844,0.04652098953399225,0.04697621267088431,0.04070795699610728
2025-05-30,342.45001220703125,0.04347321322770571,0.046706055622296135,0.03650300925657046
2025-06-02,344.45001220703125,0.04416602644042063,0.045891699584594894,0.03695545256148301
2025-06-03,340.8500061035156,0.04657654108548627,0.045285886761747385,0.03603007635688614
2025-06-04,346.1499938964844,0.045681517722766504,0.0449696560669065,0.03733005166152081
2025-06-05,359.75,0.02585131365530524,0.04726666102792407,0.04367698046592342
2025-06-06,358.04998779296875,0.025991068716136358,0.046408871142734114,0.04342846800212644
2025-06-09,361.5499877929687,0.029253754209076267,0.04573369075752036,0.04404556586398215
2025-06-10,355.04998779296875,0.033084879487316504,0.04560331830823244,0.041177847379736
2025-06-11,350.6499938964844,0.04514250909272648,0.04510908431316278,0.04104864466329759
2025-06-12,347.79998779296875,0.04797269930002132,0.04444619783416433,0.0391163920490229
2025-06-13,349.70001220703125,0.05892845873580766,0.04372647396134981,0.035559969132568876
2025-06-16,343.95001220703125,0.07309623054549982,0.04359698387002422,0.0348523057036648
2025-06-17,335.8500061035156,0.07236224843053118,0.04412252150975141,0.03607151547186786
2025-06-18,324.8999938964844,0.0643826048205659,0.04574452796965273,0.038137841539501574
2025-06-20,319.04998779296875,0.061779061109170204,0.045615665388888525,0.03825379823203786
2025-06-23,330.29998779296875,0.05215520322726026,0.04727126549866312,0.04230105004884594
2025-06-24,315.3500061035156,0.03543374322838995,0.05064017623589265,0.0470706867073371
2025-06-25,308.6499938964844,0.02834539825918176,0.05048590053881401,0.04738690022571235
2025-06-26,309.5,0.033437150402165196,0.04945481466292084,0.04652566612600286
2025-06-27,309.8999938964844,0.03341219714314712,0.048456616146332815,0.04663657398328639
2025-06-30,306.75,0.05430293010089116,0.047714445848842615,0.04631745497521634
2025-07-01,298.8500061035156,0.05421454725810079,0.04818000099966684,0.04700707427744058
2025-07-02,297.95001220703125,0.05440003723336052,0.04725374674993173,0.047013440754241236
2025-07-03,292.6499938964844,0.05324612892201312,0.047020360397001415,0.04582109347896494
2025-07-04,292.6499938964844,0.05343546952726377,0.04612429075866221,0.038973637680423966
2025-07-07,280.04998779296875,0.06505375506415693,0.049231258108575114,0.042297621765175174
2025-07-08,287.3999938964844,0.06118126649648753,0.049546615498162125,0.045188243231952474
2025-07-09,285.8500061035156,0.07403633547381594,0.0486024795676623,0.04514247903514277
2025-07-10,289.8999938964844,0.07298082237406178,0.04802859081262311,0.04680968664547027
2025-07-11,288.6000061035156,0.07375809971063048,0.04713234630672487,0.04687340649833565
2025-07-14,305.70001220703125,0.060039559997823976,0.052646173812731165,0.0572836886188766
2025-07-15,301.6000061035156,0.0585800582709479,0.051857407386877226,0.05716491729900585
2025-07-16,314.54998779296875,0.04409173177499756,0.053980770977395016,0.06127128059706056
2025-07-17,312.5,0.04510734358568803,0.05287262221659517,0.05926923984276345
2025-07-18,308.8999938964844,0.049878646872226415,0.05198337572356424,0.05888519574461233
2025-07-21,297.25,0.03466675140125614,0.0536141512331432,0.05837709226804904
2025-07-22,296.3500061035156,0.03866342634953685,0.052458395757842204,0.054232581081229116
2025-07-23,301.3500061035156,0.03640598473813302,0.05184553206378374,0.0541917646628234
2025-07-24,304.8500061035156,0.03547421241866451,0.050990764796368354,0.05453778957144542
2025-07-25,297.54998779296875,0.04765896390379087,0.05105554684158475,0.05576541350404631
2025-07-28,301.70001220703125,0.048065232489521555,0.05034811101809756,0.0561331918273889
2025-07-29,296.5,0.056596627687875496,0.04990389888968884,0.05526427429591661
2025-07-30,293.3999938964844,0.058422811475945864,0.0491060418627387,0.05548441855877252
2025-07-31,295.79998779296875,0.05973631195928406,0.048248300039109855,0.054889150887165485
2025-08-01,284.20001220703125,0.058445748188587665,0.05046670530914124,0.058516621878807025
2025-08-04,288.54998779296875,0.0669591654649902,0.04986242631727293,0.05454136255257579
2025-08-05,298.70001220703125,0.05994254545142945,0.05112606932171351,0.055721221406575025
2025-08-06,293.3999938964844,0.058899895171823036,0.05067535515233868,0.05649895000709132
2025-08-07,297.79998779296875,0.06085938633806226,0.05004309667090981,0.0565489461255658
2025-08-08,309.3500061035156,0.0656750378370371,0.05176127006509832,0.0593259975390082
2025-08-11,320.70001220703125,0.05520180960947192,0.05305349416517669,0.0549775057962362
2025-08-12,315.1499938964844,0.06355705854778602,0.05247207103609747,0.0553129937807048
2025-08-13,319.6000061035156,0.06301363340363828,0.05170508727570843,0.05165476301883761
2025-08-14,326.5,0.0719628390195033,0.05145889658001684,0.05248897235354497
2025-08-15,341.6499938964844,0.06884051652379754,0.05413733722404952,0.056149824279679655
2025-08-18,343.6000061035156,0.0686282819074226,0.05299813249322182,0.051280835776504094
2025-08-19,356.20001220703125,0.06037594058909903,0.05418463103478206,0.05291190572975867
2025-08-20,360.25,0.06438911477235156,0.05321354567487293,0.05277799229538326
2025-08-21,375.25,0.052167912359873087,0.05502543065968281,0.055133544072445285
2025-08-22,390.6499938964844,0.040521703197964686,0.05659380851682549,0.053885984321109553
2025-08-25,389.9500122070313,0.05525965608861924,0.055305892686006164,0.054432659167071164
2025-08-26,384.0499877929687,0.05370634312279551,0.05448186525285429,0.05412970932254191
2025-08-27,393.7999877929687,0.047513449246085755,0.054383649520102474,0.05298532324682911
2025-08-28,387.75,0.04492189302059662,0.05361697234865888,0.05503377743448597
2025-08-29,396.8500061035156,0.04949841832596729,0.05340956158995682,0.04739626924098437
2025-09-02,382.2000122070313,0.034389369050458474,0.054802503671085585,0.05463771142314836
2025-09-03,385.25,0.03905825316554358,0.053689768266422154,0.053618842197876576
2025-09-04,385.75,0.03910870599520258,0.052515123809181496,0.051552510439771326
2025-09-05,385.6000061035156,0.04704522801178356,0.051386677640851704,0.052022288271364035
2025-09-08,397.7999877929687,0.06240722291343576,0.05211117787820467,0.05125355027091402
2025-09-09,393.0,0.06562041659428816,0.05128183077721526,0.05111062349548927
2025-09-10,401.0,0.10401031060739496,0.05096609352255319,0.049184735367947666
2025-09-11,400.0499877929687,0.10421680833168731,0.04991353256014623,0.049691812254838735
2025-09-12,410.6499938964844,0.11324465141771255,0.0502072324041552,0.050005756153104895
2025-09-15,432.3500061035156,0.10088639399244193,0.05408753482907086,0.051180733806911835
2025-09-16,422.25,0.10917348337832158,0.053910974095608015,0.05411459373433601
2025-09-17,388.5499877929687,0.08605661338244178,0.06414212055253357,0.0697655492932383
2025-09-18,385.8500061035156,0.08632506263191739,0.06263150184536723,0.06988425695381754
2025-09-19,366.5,0.07158658457728086,0.06515261406666713,0.07209138641888693
2025-09-22,367.3500061035156,0.07322894425123307,0.06353346287641679,0.06877831338319448
2025-09-23,350.1499938964844,0.05579673769842531,0.06545696932255554,0.0723326489592596
2025-09-24,367.75,0.035739306739738616,0.06732691862372264,0.07701633247329151
2025-09-25,371.3500061035156,0.037605166564391335,0.06575396728734671,0.07596381573974507
2025-09-26,378.0499877929687,0.04666285827676308,0.06457581680343161,0.07634431801884267
2025-09-29,372.2000122070313,0.050270835818549395,0.06334756067251138,0.07553264188385314
2025-09-30,374.8500061035156,0.05219305549112061,0.061865262157278354,0.07345234770193898
2025-10-01,383.8999938964844,0.05296988675238592,0.061254519354009565,0.07438540190835193
2025-10-02,378.1000061035156,0.054755918203892154,0.0601550031548727,0.07475704057403404
2025-10-03,390.75,0.045172285877092634,0.06045417001264025,0.07665861575594944
2025-10-06,381.3500061035156,0.049747522012977774,0.05997614175951971,0.07586897503859955
2025-10-07,375.3999938964844,0.0598641058990362,0.0589596921434177,0.0760147446616759
2025-10-08,385.1000061035156,0.05546046208469749,0.058637817953857724,0.07647694592519434
2025-10-09,377.25,0.05157025662376057,0.05797901915112013,0.07703953753772146
2025-10-10,373.0499877929687,0.05117878506258672,0.056846951768219134,0.07557824652026308
2025-10-13,385.2000122070313,0.045280363777869405,0.057279261796848724,0.07232204634714742
2025-10-14,399.6499938964844,0.03207947219176057,0.05822557991432006,0.07467236398870766
2025-10-15,394.8999938964844,0.03452992364047435,0.05711286938389606,0.061881829519834015
2025-10-16,393.7999877929687,0.04298581808106279,0.05581252628377201,0.061778616437092544
2025-10-17,397.4500122070313,0.04551858105238865,0.054695157055370515,0.05532973497726787
2025-10-20,406.0499877929687,0.05169237057822186,0.054285078524552166,0.05599142166778973
2025-10-21,413.5499877929687,0.04867359673345694,0.053678571437347215,0.048843109350877954
2025-10-22,420.8500061035156,0.045985513286406154,0.0530515193042941,0.04425330008838158
2025-10-23,410.1499938964844,0.038242071731881676,0.05312680650324771,0.047088474102385335
2025-10-24,403.0,0.03395867949655835,0.05254993878021207,0.04786203243460268
2025-10-27,390.1000061035156,0.03783724686046817,0.05337680684097698,0.050299283533323504
2025-10-28,387.8999938964844,0.03757080242281604,0.05227400240040702,0.05038661551700683
2025-10-29,390.7000122070313,0.042140203635680405,0.05124872860780237,0.049132583091037775
2025-10-30,392.0,0.05911631101780572,0.0501918667479849,0.04840282401374445
2025-10-31,392.0499877929687,0.06518702804391026,0.04915978881354987,0.04555039143346234
2025-11-03,406.6499938964844,0.056551205509766986,0.0507518593880904,0.047079376928000065
2025-11-04,405.25,0.059553708897038295,0.04972097371049761,0.0461712579034527
2025-11-05,413.6000061035156,0.07250679969500437,0.04951291859262957,0.04560635697522576
2025-11-06,396.75,0.059587840276643184,0.051844576956806845,0.04957043623292345
2025-11-07,407.7999877929687,0.053090138845413,0.0521406012595141,0.05051609023129005
2025-11-10,414.75,0.050793432269353844,0.0515543592039353,0.04887941776696353
2025-11-11,422.7000122070313,0.05656240844662046,0.05113829086574095,0.04645090399538052
2025-11-12,403.6499938964844,0.042111782397300165,0.05401677223092598,0.05210313949468489
2025-11-13,401.7000122070313,0.042122181429526964,0.05287123129908121,0.05215351762964778
2025-11-14,399.7999877929687,0.04485124135061391,0.05177166091380503,0.052040740418548954
2025-11-17,402.5499877929687,0.04801232845168584,0.05075927105822094,0.05098509291049815
2025-11-18,415.3500061035156,0.03994145953676717,0.051548889097793,0.052630017840489006
2025-11-19,404.5,0.030617642955312798,0.051790267859258936,0.05341642847580674
2025-11-20,406.5,0.0304360435951809,0.050735078493006604,0.05200755984409494
2025-11-21,400.0,0.026072159286845663,0.050188379204070356,0.0518853637241104
2025-11-24,407.4500122070313,0.023480925212248125,0.04980895101350173,0.049789489063795815
2025-11-25,414.2000122070313,0.017354315586716844,0.04931396294637546,0.05009900294160195
2025-11-26,411.5,0.02574214432091304,0.048407439926510906,0.050286954077884985
2025-11-28,413.0,0.02904401898192619,0.04747625899205774,0.050288410859130286
2025-12-01,411.5,0.03843064133884565,0.0465895961286743,0.05037250605851898
2025-12-02,405.5499877929687,0.03587059638575537,0.04616410995138585,0.04766710849657476
2025-12-03,403.75,0.03927605556783662,0.045349968380077536,0.04768800793425821
2025-12-04,411.9500122070313,0.03565683176798012,0.0453810785206676,0.04765538944085472
2025-12-05,406.25,0.038728406737473624,0.04498177812136509,0.043124365038313635
2025-12-08,396.0499877929687,0.03793840514114545,0.04557492157729466,0.04274813028469618
2025-12-09,394.2000122070313,0.04355693659106772,0.04479211333050838,0.041656771252295256
2025-12-10,400.7999877929687,0.08510916292529291,0.04458384479513616,0.04134862657455317
2025-12-11,405.4500122070313,0.08632918140895038,0.04408037213315545,0.03495832122393302
2025-12-12,397.2000122070313,0.08500528827106833,0.04425440399674518,0.03641041547059617
2025-12-15,387.7000122070313,0.08378088387137501,0.044771362089461635,0.038252635767072225
2025-12-16,379.2999877929687,0.080874957592743,0.045023466058093084,0.039281306110277976
2025-12-17,351.8999938964844,0.0307531600823559,0.05513346789900602,0.0494937820144266
2025-12-18,345.45001220703125,0.028612831169046424,0.05451309206387735,0.04887991063354917
2025-12-19,340.6499938964844,0.025537714159483922,0.05366084768527129,0.048487790445746075
2025-12-22,347.3500061035156,0.017425238469869257,0.05316628375803273,0.05031303108806641
2025-12-23,346.95001220703125,0.01787530502141579,0.05201358491948125,0.048623665277522876
2025-12-24,345.1499938964844,0.029649574912030973,0.05095898412036688,0.046932674127218334
2025-12-26,350.25,0.026394611754971133,0.050300413628213025,0.04841387487291685
2025-12-29,352.1499938964844,0.04724644956081752,0.049318184464666175,0.048534452219895136
2025-12-30,350.20001220703125,0.047112977409458114,0.04838726029298798,0.048498925857055855
2025-12-31,348.75,0.04765667790686822,0.047469038844658105,0.04841112338842945
2026-01-02,357.29998779296875,0.057506221060302516,0.04773708545405736,0.05094926301405115
2026-01-05,359.3500061035156,0.05739632139359389,0.04687405150324478,0.04948805938100153
2026-01-06,373.8500061035156,0.04320929050756546,0.049127389961671375,0.054446480076965495
2026-01-07,375.4500122070313,0.0446054006887723,0.048174702159129036,0.05340799279539936
2026-01-08,372.3500061035156,0.044220956996362554,0.04737261913414895,0.053474202729581775
2026-01-09,357.6499938964844,0.01986652003932503,0.04972505225181346,0.05555140157182059
2026-01-12,356.04998779296875,0.03167907648355762,0.04875465308333017,0.05481641782352473
2026-01-13,360.25,0.029569309775735436,0.04805355848335205,0.055013511039591685
2026-01-14,356.0,0.02708943566079052,0.04740534622047103,0.05421287373674438
2026-01-15,358.1000061035156,0.027985213250412113,0.04656089196796316,0.053610529740536574
2026-01-16,355.29998779296875,0.030830401833838162,0.045818620039891,0.03811987805346752
2026-01-20,346.5,0.03530294616353159,0.0463136662834083,0.03911121360359236
2026-01-21,347.5,0.05732496883096166,0.04546456884877816,0.038409051986352354
2026-01-22,347.70001220703125,0.05945803674179994,0.04463741620672943,0.03715791392171738
2026-01-23,350.8999938964844,0.07057285230743086,0.044025368975334836,0.037426921535734715
2026-01-26,356.25,0.06899708547644441,0.043759773018125066,0.03797907107007806
2026-01-27,367.25,0.07939461938245061,0.045012039803160216,0.04015941210878089
2026-01-28,351.0,0.07060345079345369,0.04847774354730837,0.04662061591838814
2026-01-29,345.5,0.06881908662775038,0.04802869135540935,0.047209615479367494
2026-01-30,332.25,0.06886280059387515,0.05013296389472974,0.050971860259305786
2026-02-02,333.25,0.06968158109405315,0.04911957954315668,0.04912382615782874
2026-02-03,317.1000061035156,0.05243756347652796,0.05285551532631131,0.053962606747274475
2026-02-04,308.6499938964844,0.04499275241757477,0.053063965955760475,0.04913987189110529
2026-02-05,308.3999938964844,0.047853608982327295,0.0519140665760868,0.0488276086093508
2026-02-06,296.54998779296875,0.027505126849289532,0.05365416826681372,0.050966369470986705
2026-02-09,299.8500061035156,0.05855515010839606,0.05269723016813513,0.04975654863923698
2026-02-10,294.20001220703125,0.05633104691697375,0.05224010263114952,0.049954237459038334
2026-02-11,294.79998779296875,0.05629661284407635,0.05112937194454406,0.04909618993372054
2026-02-12,299.6499938964844,0.05397043252488027,0.050558868266814244,0.05081052655995282
2026-02-13,300.04998779296875,0.059512211963541575,0.049514170193302315,0.05051911375474668
2026-02-17,284.6000061035156,0.037000765687397075,0.05378886610488468,0.05509287081478464
2026-02-18,287.54998779296875,0.035535182687202176,0.052796879620487,0.05556843854221072
2026-02-19,287.3999938964844,0.036422974761713064,0.05165711203942434,0.05539748843758777
2026-02-20,288.29998779296875,0.036618807571485806,0.050580791830617006,0.055534044552344244
2026-02-23,281.1499938964844,0.029692063357370967,0.05075386612444681,0.055167765988551616
2026-02-24,288.25,0.016831830812510124,0.05087515693662205,0.056593713544532714
2026-02-25,288.29998779296875,0.02125700133047626,0.04981437081865554,0.05271557570672956
2026-02-26,286.0,0.021208733022403347,0.04892852390863161,0.04975756797690429
2026-02-27,284.6000061035156,0.02585335330342151,0.0480008538245267,0.04973552380644742
2026-03-02,288.3500061035156,0.02624539946235055,0.04740421959973843,0.048443715194839664
2026-03-03,286.95001220703125,0.026096198327477203,0.046542964134244365,0.04817133058815718
2026-03-04,290.70001220703125,0.036678986683610526,0.0460143780985287,0.04370864478483689
2026-03-05,293.0,0.038950356514382244,0.04529020829589489,0.04241001653069426
2026-03-06,297.6000061035156,0.041397960236954905,0.044983469590878615,0.043372838730551914
2026-03-09,301.75,0.04642619776592234,0.04458515635277134,0.03924808561014233
2026-03-10,300.54998779296875,0.04842624081459403,0.04383400525727816,0.03893926619097147
2026-03-11,292.0,0.039663443378522914,0.04491583622665949,0.040491477945831314
2026-03-12,296.5,0.042422657856634335,0.04461117921182688,0.04123497862057985
2026-03-13,290.3500061035156,0.038642302499071045,0.04478672721088361,0.04163194283608623
2026-03-16,297.75,0.03064916843312164,0.045338961381835345,0.04372333555371088
2026-03-17,302.04998779296875,0.044046398506248204,0.04495096527750306,0.034417791184275126
2026-03-18,299.70001220703125,0.0436985362584285,0.04428331109822548,0.03459353821946663
2026-03-19,306.20001220703125,0.046726516324977325,0.04450251358823211,0.0358817814593566
2026-03-20,309.75,0.049314294425548674,0.04400280092959995,0.03612423124050848
2026-03-23,307.0,0.05745317529302611,0.043422367531555685,0.03355419762590655
2026-03-24,317.8500061035156,0.04979932177074745,0.045303499032542896,0.035436158234192036
2026-03-25,316.1000061035156,0.0495267241797159,0.044551990200593666,0.03574851383474609
2026-03-26,307.6499938964844,0.04223962009372833,0.0453640446721303,0.038674593638646844
2026-03-27,301.70001220703125,0.038503790977022286,0.045367307124211484,0.04018734716036245
2026-03-30,292.54998779296875,0.04699443773667116,0.04656246025416693,0.0431460079033996
2026-03-31,298.3500061035156,0.05073745275515937,0.04648000038317189,0.04404028877155693
2026-04-01,297.79998779296875,0.05071787122089571,0.04561575335492787,0.043685122978344725
2026-04-02,295.3999938964844,0.05451170522180115,0.04492625806278995,0.04377285138347968
2026-04-06,298.04998779296875,0.053833037043946014,0.04429122576778779,0.04329016561646223
2026-04-07,286.1000061035156,0.035484498071128884,0.04709171333409647,0.04719023693584168
2026-04-08,294.04998779296875,0.023145910943375335,0.04771631629186813,0.04951221322022584
2026-04-09,293.70001220703125,0.03476800329934944,0.04679354083573334,0.04731269089424023
2026-04-10,300.1000061035156,0.0366084603987214,0.046859157161269226,0.04793492913682533
2026-04-13,300.8500061035156,0.03786076061380882,0.04598182275468586,0.046573554519515066
2026-04-14,302.6499938964844,0.03897582231717135,0.045203844310793884,0.04499866658359539
2026-04-15,304.25,0.059544707760005096,0.04444516909054557,0.04450738148108886
2026-04-16,296.45001220703125,0.07003539111934894,0.04513807629788059,0.04627614704162497
2026-04-17,289.29998779296875,0.06889582564589274,0.04561273374076277,0.04622055777760427
2026-04-20,292.20001220703125,0.07065409951620395,0.04498625123756733,0.0460999280725865
2026-04-21,289.0,0.0701962543981433,0.044449208511927754,0.0461834831397491
2026-04-22,302.3999938964844,0.0537344847328667,0.047953929575025984,0.0486972945093802
2026-04-23,316.3500061035156,0.03255034354824968,0.05098516610269008,0.05414147568922903
2026-04-24,309.79998779296875,0.02520112541716455,0.050765960076649914,0.053410280690509467
2026-04-27,304.1000061035156,0.01704933995194417,0.050381365477509495,0.05331840240729993
2026-04-28,306.3999938964844,0.019443351979629098,0.0494480918409048,0.05080218440897781
2026-04-29,305.25,0.028480038642143612,0.04847747941413222,0.05004432696428235
2026-04-30,300.8999938964844,0.03761173506575062,0.047940701834875546,0.05062825083048009
2026-05-01,302.0,0.03772189032204321,0.047030008618683,0.05044283830022192
2026-05-04,302.20001220703125,0.04835397860133949,0.04613407911467667,0.05027439009697142
2026-05-05,305.8500061035156,0.04855933939619734,0.04557544392440595,0.04548285298913274
2026-05-06,299.45001220703125,0.043987218010523244,0.04570514336298965,0.045199135458013816
2026-05-07,291.04998779296875,0.03409508246923183,0.04658427369353348,0.04752791389059461
2026-05-08,289.70001220703125,0.04794298943149023,0.045755214992091536,0.046119563907590796
2026-05-11,298.6000061035156,0.04775450366654225,0.04681774210526017,0.04880522114643552
2026-05-12,294.79998779296875,0.051058640788829504,0.046279403288394076,0.049065344781516085
2026-05-13,296.25,0.05128478893305665,0.045464089522527014,0.0490527494005455
2026-05-14,294.45001220703125,0.05429146723098462,0.044719834029441345,0.04740449380630513
2026-05-15,284.6000061035156,0.042481760610518865,0.04640819014741562,0.04890858394931717
2026-05-18,276.20001220703125,0.030718326620641813,0.04741147238175447,0.05063471478883167
2026-05-19,270.1499938964844,0.02619174701328981,0.04751321015293828,0.05140930073019581
2026-05-20,268.29998779296875,0.03000635042936978,0.04669663483254218,0.04456741529813806
2026-05-21,273.3999938964844,0.03966007470737564,0.046542892199687345,0.03811226766880122
2026-05-22,272.3500061035156,0.04380977053886999,0.04570094088310871,0.03745627390884014
2026-05-26,274.0,0.043724474960917,0.04493770913988132,0.03738039294792166
2026-05-27,269.8500061035156,0.04739277976983505,0.044646568306060716,0.03707132669969283
2026-05-28,274.25,0.050501609486913235,0.044416398739192786,0.03874027663796193
2026-05-29,265.6000061035156,0.03911816654231726,0.045860076114542896,0.04077866570015668
2026-06-01,260.6000061035156,0.03427812192743077,0.04579005594861555,0.04090597270015246
2026-06-02,259.20001220703125,0.03440075752939654,0.0450130217673346,0.04070464962646908
2026-06-03,253.1000061035156,0.029661244262960743,0.04543522486100713,0.04008268252195726
2026-06-04,247.1499938964844,0.028322072291861112,0.045825160314923015,0.040306452452798236
2026-06-05,246.5,0.030934094035453913,0.04499787003957672,0.03917968465749215
2026-06-08,245.8999938964844,0.03794505026286318,0.0442054075414972,0.039249575179342494
2026-06-09,244.3999938964844,0.06485901710387866,0.043520547153601416,0.03369121201363988
2026-06-10,248.3999938964844,0.06283166959740519,0.04335957048975254,0.036100783384619924
2026-06-11,253.9499969482422,0.05965296408556146,0.043701890058723596,0.038717062846215435
2026-06-12,257.20001220703125,0.05868676151545504,0.04330685270236774,0.04004252825326549
2026-06-15,262.95001220703125,0.06677090398554372,0.04365406649908926,0.03982133692581399
2026-06-16,277.25,0.04252551908617648,0.04876167195529988,0.04657995296164455
2026-06-17,277.8500061035156,0.04351507839527676,0.04779865995490442,0.04507362201146281
2026-06-18,275.1000061035156,0.04295777438603832,0.04707647819355208,0.04524810854585037
2026-06-22,277.0,0.04499648701168256,0.046272830953722484,0.044413281003079355
2026-06-23,287.95001220703125,0.07056707606546866,0.04846779893182201,0.048224660347737563
2026-06-24,291.54998779296875,0.08078065502143332,0.047814074244009665,0.04844322902164397
2026-06-25,288.79998779296875,0.08465571030181951,0.04707228954479978,0.047949924084378766
2026-06-26,286.75,0.16549511235988865,0.04628327167616345,0.0477302499013402
2026-06-29,291.1000061035156,0.1892806156010674,0.0458887657536641,0.0445319214729878
2026-06-30,311.20001220703125,0.17852583165815158,0.053691092462945365,0.052511834257190006
2026-07-01,324.29998779296875,0.19850149852575175,0.055521103657030245,0.05432284869647198
2026-07-02,315.6499938964844,0.20065192898120218,0.055561411261387805,0.05488993513634051
2026-07-06,363.9500122070313,0.14145766017008138,0.08270689988805775,0.0828844334353119
2026-07-07,331.6000061035156,0.10723008804436573,0.0902291260828552,0.09980939317484878
2026-07-08,324.25,0.10518048139953848,0.08825357318010241,0.10120883392686525
2026-07-09,356.95001220703125,0.058654733205458526,0.09555367224502602,0.10854224855218747
2026-07-10,343.0,0.048327531315494984,0.09448037774854624,0.11246370281269646
2026-07-13,341.3999938964844,0.05134205058549512,0.09182643876860068,0.11288605426951777
2026-07-14,337.20001220703125,0.05036716872721359,0.08940844825446924,0.1137020913972138
2026-07-15,334.45001220703125,0.0685305808671846,0.08698263937292516,0.1141097057775085
2026-07-16,321.29998779296875,0.060199136021254075,0.08638636739722413,0.11481105635948549
2026-07-17,328.45001220703125,0.0577833918754169,0.08453604175738866,0.11500272262505473
2026-07-20,334.3999938964844,0.06442979910655794,0.08257526890518924,0.11467926031920203
2026-07-21,331.95001220703125,0.07809463518462226,0.0803799843028001,0.11499373903595013
2026-07-22,316.6499938964844,0.07446195360478587,0.0809013706664208,0.11715847630925419
2026-07-23,309.3999938964844,0.07127377502124473,0.07935842114806425,0.11789392597537245
2026-07-24,313.79998779296875,0.07512601034009461,0.0774540969788569,0.11782863181121257
2026-07-27,324.54998779296875,0.07749436355978118,0.07679742637252737,0.11856535866899655
2026-07-28,339.3999938964844,0.06486965931695905,0.0772592383535277,0.12006879950811118
2026-07-29,325.79998779296875,0.05108437761301255,0.07730875445921398,0.11817730671203235
2026-07-30,323.04998779296875,0.052913962766460154,0.07532908133185864,0.11646816135180048
2026-07-31,332.1000061035156,0.06185790712299087,0.07431136611700405,0.11635985665351341
2026-08-03,319.5,0.04924502907319772,0.07431988066813384,0.09170099795153387
2026-08-04,324.1000061035156,0.04824325840406598,0.07261998625448456,0.079993124112943
2026-08-05,326.8999938964844,0.04918460754663544,0.07081347429938832,0.07932321920981592
2026-08-06,321.6499938964844,0.05088725049217854,0.06934589260559511,0.06156293501517972
2026-08-07,335.54998779296875,0.03196267229185731,0.07004828474027922,0.06308031172886384
2026-08-10,332.29998779296875,0.036699160344524924,0.06837565383938342,0.06320634433493771
2026-08-11,335.75,0.06252938563351751,0.06677824075245074,0.06318348354621713
2026-08-12,340.1000061035156,0.06213402005702842,0.0653300606522417,0.06336139110984497
2026-08-13,333.1000061035156,0.05963827334145613,0.06435439664427574,0.06075889223705034
2026-08-14,338.1000061035156,0.059288043755053255,0.06309162149433604,0.060238397662334464
2026-08-17,345.1000061035156,0.07588408317314434,0.06218811561469905,0.06043455691029637
2026-08-18,363.3999938964844,0.05810352442708988,0.06474747450639814,0.06516071136601746
2026-08-19,359.5,0.06850782504509191,0.06331766041472482,0.05988708739710406
2026-08-20,363.6000061035156,0.08111992916860084,0.06195642148930104,0.05786386531961349
2026-08-21,358.75,0.08082118545987117,0.06074356878795298,0.058738815889753555
2026-08-24,377.75,0.06245614060030774,0.0634380847092726,0.06152367003552954
2026-08-25,371.3999938964844,0.060303374881205185,0.06232850205931279,0.0594171805693968
2026-08-26,357.6000061035156,0.06252370247241881,0.0630505010846451,0.05882405723774464
2026-08-27,341.8999938964844,0.04524908440928478,0.06459520020647361,0.06358946914264935
2026-08-28,345.8500061035156,0.04376786496620551,0.06318655012641697,0.06243492812911766
2026-08-31,343.8999938964844,0.047004603194291845,0.06168705688125598,0.05884919117557324
2026-09-01,342.25,0.046817045868588605,0.06023194630664172,0.058717428237621876
