model,group,rows,rmse,mae,direction_accuracy,correlation,r2_vs_zero,mean_prediction,mean_actual,direction_note
reg__basic__linear,basic,2016,0.10225357425783876,0.07615644923902816,0.529265873015873,0.05291609392590731,-0.027960195129298926,0.004436072727323448,0.013248031287456326,Zero forecasts are neutral; direction is reported alongside a training-only majority-class benchmark.
reg__basic__xgb,basic,2016,0.1007041853450357,0.07371240812317487,0.5515873015873016,0.08991545487816452,0.0029559549551846365,0.0035963356033677867,0.013248031287456326,Zero forecasts are neutral; direction is reported alongside a training-only majority-class benchmark.
reg__basic__forest,basic,2016,0.1021200360402193,0.07440442991595554,0.5659722222222222,0.08015263785161275,-0.025277015827998905,0.0032835466807232807,0.013248031287456326,Zero forecasts are neutral; direction is reported alongside a training-only majority-class benchmark.
reg__basic__equal_ensemble,basic,2016,0.1011595483220263,0.07427173148934998,0.5456349206349206,0.08026245887915531,-0.006081274772049117,0.0037719850400592856,0.013248031287456326,Zero forecasts are neutral; direction is reported alongside a training-only majority-class benchmark.
reg__direction_core__linear,direction_core,2016,0.10716351298739668,0.08095268218791422,0.4915674603174603,-0.02479118630826024,-0.12905003073296029,0.009005951923184482,0.013248031287456326,Zero forecasts are neutral; direction is reported alongside a training-only majority-class benchmark.
reg__direction_core__xgb,direction_core,2016,0.10245200227309541,0.07603797329510968,0.5034722222222222,0.002668876088440431,-0.03195367927922854,0.006825592126848812,0.013248031287456326,Zero forecasts are neutral; direction is reported alongside a training-only majority-class benchmark.
reg__direction_core__forest,direction_core,2016,0.10491560120965071,0.07810214025084268,0.4990079365079365,-0.013293106346559887,-0.08217986745631634,0.006732444203795377,0.013248031287456326,Zero forecasts are neutral; direction is reported alongside a training-only majority-class benchmark.
reg__direction_core__equal_ensemble,direction_core,2016,0.10402071006951139,0.07770396874056913,0.5014880952380952,-0.015386565372865769,-0.06379741572323439,0.007521329486880798,0.013248031287456326,Zero forecasts are neutral; direction is reported alongside a training-only majority-class benchmark.
reg__price_direction__linear,price_direction,2016,0.10291771044505922,0.076555046840493,0.5322420634920635,0.084491637170053,-0.04135674685483104,0.006759322973928214,0.013248031287456326,Zero forecasts are neutral; direction is reported alongside a training-only majority-class benchmark.
reg__price_direction__xgb,price_direction,2016,0.10155718540812993,0.07534476723584842,0.5243055555555556,0.06678512487550059,-0.01400621117126355,0.002798856362467574,0.013248031287456326,Zero forecasts are neutral; direction is reported alongside a training-only majority-class benchmark.
reg__price_direction__forest,price_direction,2016,0.10373044750890344,0.07622701574115726,0.5069444444444444,0.011359881910671905,-0.05786879350361729,0.005344261955192012,0.013248031287456326,Zero forecasts are neutral; direction is reported alongside a training-only majority-class benchmark.
reg__price_direction__equal_ensemble,price_direction,2016,0.10199327844249922,0.07544493978424227,0.5223214285714286,0.06088288546974173,-0.02273332316183141,0.004967480455051525,0.013248031287456326,Zero forecasts are neutral; direction is reported alongside a training-only majority-class benchmark.
reg__cot_direction__linear,cot_direction,2016,0.10937600988590869,0.08122154980171965,0.49404761904761907,-0.01536605548849843,-0.17615200913274198,0.0058765486561402945,0.013248031287456326,Zero forecasts are neutral; direction is reported alongside a training-only majority-class benchmark.
reg__cot_direction__xgb,cot_direction,2016,0.10307854452438951,0.07549927653958884,0.5104166666666666,0.0159561016699769,-0.04461403894861293,0.005011260387315512,0.013248031287456326,Zero forecasts are neutral; direction is reported alongside a training-only majority-class benchmark.
reg__cot_direction__forest,cot_direction,2016,0.10339030811322544,0.07599433430842391,0.5337301587301587,0.051697183366170796,-0.05094251643452141,0.004119890205741861,0.013248031287456326,Zero forecasts are neutral; direction is reported alongside a training-only majority-class benchmark.
reg__cot_direction__equal_ensemble,cot_direction,2016,0.10438884591022829,0.07670950652824908,0.5119047619047619,0.014576544703220938,-0.0713404317842552,0.005002566461789482,0.013248031287456326,Zero forecasts are neutral; direction is reported alongside a training-only majority-class benchmark.
reg__weather_direction__linear,weather_direction,2016,0.11034605187259337,0.08288045592299623,0.5416666666666666,0.06531155426946796,-0.19710680820171111,0.009793887164666655,0.013248031287456326,Zero forecasts are neutral; direction is reported alongside a training-only majority-class benchmark.
reg__weather_direction__xgb,weather_direction,2016,0.10363288499053838,0.07650654052202735,0.5168650793650794,-0.008787496131679945,-0.05587979585940106,0.0032969182508431625,0.013248031287456326,Zero forecasts are neutral; direction is reported alongside a training-only majority-class benchmark.
reg__weather_direction__forest,weather_direction,2016,0.1041726765480854,0.07705805392921375,0.535218253968254,0.024001360801598568,-0.06690794313245974,0.0014988860414791312,0.013248031287456326,Zero forecasts are neutral; direction is reported alongside a training-only majority-class benchmark.
reg__weather_direction__equal_ensemble,weather_direction,2016,0.10432682369911163,0.07728820405739542,0.5381944444444444,0.040357082625896525,-0.0700677447978364,0.004863230511405081,0.013248031287456326,Zero forecasts are neutral; direction is reported alongside a training-only majority-class benchmark.
reg__engineered_direction__linear,engineered_direction,2016,0.11628735244432199,0.08769614218149493,0.5198412698412699,0.033613968240316545,-0.3294875314057477,0.00842059195654929,0.013248031287456326,Zero forecasts are neutral; direction is reported alongside a training-only majority-class benchmark.
reg__engineered_direction__xgb,engineered_direction,2016,0.10424059273688487,0.07641962304332722,0.5099206349206349,-0.03030825923597602,-0.0682995545268299,0.0014821881795074978,0.013248031287456326,Zero forecasts are neutral; direction is reported alongside a training-only majority-class benchmark.
reg__engineered_direction__forest,engineered_direction,2016,0.10457335513117136,0.07706761286391034,0.498015873015873,-0.020633667890462407,-0.07513100694269337,0.0016861824337778353,0.013248031287456326,Zero forecasts are neutral; direction is reported alongside a training-only majority-class benchmark.
reg__engineered_direction__equal_ensemble,engineered_direction,2016,0.10585227334654149,0.0781109981669503,0.5029761904761905,0.00804728325828095,-0.10158923215228488,0.0038629875330759523,0.013248031287456326,Zero forecasts are neutral; direction is reported alongside a training-only majority-class benchmark.
selected_return,basic,2016,0.1007041853450357,0.07371240812317487,0.5515873015873016,0.08991545487816452,0.0029559549551846365,0.0035963356033677867,0.013248031287456326,Zero forecasts are neutral; direction is reported alongside a training-only majority-class benchmark.
baseline_monthly_return,previous,2016,0.10005445896710595,0.07356862351023653,0.5049603174603174,0.09484923952067266,0.01577997109732099,0.0031178204140584745,0.013248031287456326,Zero forecasts are neutral; direction is reported alongside a training-only majority-class benchmark.
baseline_paper_return,previous,2016,0.10005523799003474,0.07253722639700781,0.5625,0.1249582283062351,0.01576464478478501,0.0010406925449567936,0.013248031287456326,Zero forecasts are neutral; direction is reported alongside a training-only majority-class benchmark.
baseline_mean_return,previous,2016,0.10047821663449041,0.07377038510333392,0.4975198412698413,-0.09210064796153973,0.0074254411406562415,0.0037408379858691995,0.013248031287456326,Zero forecasts are neutral; direction is reported alongside a training-only majority-class benchmark.
baseline_zero_return,previous,2016,0.10085335464776224,0.0736325632307729,0.002976190476190476,,0.0,0.0,0.013248031287456326,Zero forecasts are neutral; direction is reported alongside a training-only majority-class benchmark.
