model,family,cutoff,price_fit_start,price_fit_end,price_rows,optimizer_success,optimizer_message,objective,fitted_parameters,ar,ma,stage,train_rows,latest_training_label_end
arima_010_w252,arima,2013-11-12,2012-11-12,2013-11-11,252,True,CONVERGENCE: NORM OF PROJECTED GRADIENT <= PGTOL,0.00029464985100610257,{'intercept': -0.0015559890201957383},[],[],cv_1,,
arima_110_w252,arima,2013-11-12,2012-11-12,2013-11-11,252,True,CONVERGENCE: NORM OF PROJECTED GRADIENT <= PGTOL,0.000279928806845811,{'intercept': -0.0018700986818033854},[-0.22229870519498063],[],cv_1,,
arima_011_w252,arima,2013-11-12,2012-11-12,2013-11-11,252,True,CONVERGENCE: NORM OF PROJECTED GRADIENT <= PGTOL,0.00028120257166494816,{'intercept': -0.0015296002951293347},[],[-0.2012871316966063],cv_1,,
arima_111_w252,arima,2013-11-12,2012-11-12,2013-11-11,252,True,CONVERGENCE: NORM OF PROJECTED GRADIENT <= PGTOL,0.0002799252611310918,{'intercept': -0.0018862364734496871},[-0.23269945258248215],[0.010936595978595554],cv_1,,
arima_211_w252,arima,2013-11-12,2012-11-12,2013-11-11,252,True,CONVERGENCE: NORM OF PROJECTED GRADIENT <= PGTOL,0.0002796138568166476,{'intercept': -0.0010548851074438032},"[0.1906919759206394, 0.12093303841351634]",[-0.40656758819457406],cv_1,,
arima_100_w252,arima,2013-11-12,2012-11-12,2013-11-11,252,True,CONVERGENCE: NORM OF PROJECTED GRADIENT <= PGTOL,0.0002979445252499141,{'intercept': -0.0014649475671726904},[0.98],[],cv_1,,
arima_201_w252,arima,2013-11-12,2012-11-12,2013-11-11,252,True,CONVERGENCE: NORM OF PROJECTED GRADIENT <= PGTOL,0.0002826158346567593,{'intercept': -0.0019271471021074281},"[0.663416945442492, 0.32304393322194697]",[0.10938919445640041],cv_1,,
arima_010_w1260,arima,2013-11-12,2008-11-07,2013-11-11,1260,True,CONVERGENCE: NORM OF PROJECTED GRADIENT <= PGTOL,0.00035387942301548606,{'intercept': -5.7362565064325576e-05},[],[],cv_1,,
arima_110_w1260,arima,2013-11-12,2008-11-07,2013-11-11,1260,True,CONVERGENCE: NORM OF PROJECTED GRADIENT <= PGTOL,0.00035341409381946324,{'intercept': -5.907563090680489e-05},[-0.03626354810977034],[],cv_1,,
arima_011_w1260,arima,2013-11-12,2008-11-07,2013-11-11,1260,True,CONVERGENCE: NORM OF PROJECTED GRADIENT <= PGTOL,0.0003534184526349201,{'intercept': -5.701403708898315e-05},[],[-0.03589159894547241],cv_1,,
arima_111_w1260,arima,2013-11-12,2008-11-07,2013-11-11,1260,True,CONVERGENCE: RELATIVE REDUCTION OF F <= FACTR*EPSMCH,0.00035341273444356727,{'intercept': -6.098576330318968e-05},[-0.06980865555428549],[0.03355699331658191],cv_1,,
arima_211_w1260,arima,2013-11-12,2008-11-07,2013-11-11,1260,True,CONVERGENCE: RELATIVE REDUCTION OF F <= FACTR*EPSMCH,0.0003533272661316292,{'intercept': -1.681753011547953e-05},"[0.6663269100420364, 0.036622246093941026]",[-0.7023564250191466],cv_1,,
arima_100_w1260,arima,2013-11-12,2008-11-07,2013-11-11,1260,True,CONVERGENCE: NORM OF PROJECTED GRADIENT <= PGTOL,0.0003803614980917692,{'intercept': -2.3123767852157358e-05},[0.98],[],cv_1,,
arima_201_w1260,arima,2013-11-12,2008-11-07,2013-11-11,1260,True,CONVERGENCE: NORM OF PROJECTED GRADIENT <= PGTOL,0.00035278568144004593,{'intercept': -0.00017435027367233757},"[0.02626182021081014, 0.9700022301113727]",[0.98],cv_1,,
arima_111_no_drift_w1260,arima,2013-11-12,2008-11-07,2013-11-11,1260,True,CONVERGENCE: NORM OF PROJECTED GRADIENT <= PGTOL,0.00035341621578575385,{'intercept': 0.0},[-0.06998382050876586],[0.03373967947290946],cv_1,,
legacy_fixed_arima_111,legacy_arima,2013-11-12,2000-01-03,2013-11-11,3466,True,CONVERGENCE: NORM OF PROJECTED GRADIENT <= PGTOL,,{},-0.014764467727571663,-0.012396605678134463,cv_1,,
legacy_fixed_holt_5,legacy_holt,2013-11-12,2000-01-03,2013-11-11,3466,True,CONVERGENCE: NORM OF PROJECTED GRADIENT <= PGTOL,,"{'alpha': 0.9237624703656954, 'beta': 0.001, 'gamma': 0.3213860807127882}",,,cv_1,,
ar_lags5_ridge2,ar,2013-11-12,2000-01-03,2013-11-11,3466,True,Closed-form regularized least squares,,,,,cv_1,3445.0,2013-11-11
ar_lags5_ridge100,ar,2013-11-12,2000-01-03,2013-11-11,3466,True,Closed-form regularized least squares,,,,,cv_1,3445.0,2013-11-11
ar_lags5_ridge1000,ar,2013-11-12,2000-01-03,2013-11-11,3466,True,Closed-form regularized least squares,,,,,cv_1,3445.0,2013-11-11
ar_lags21_ridge2,ar,2013-11-12,2000-01-03,2013-11-11,3466,True,Closed-form regularized least squares,,,,,cv_1,3445.0,2013-11-11
ar_lags21_ridge100,ar,2013-11-12,2000-01-03,2013-11-11,3466,True,Closed-form regularized least squares,,,,,cv_1,3445.0,2013-11-11
ar_lags21_ridge1000,ar,2013-11-12,2000-01-03,2013-11-11,3466,True,Closed-form regularized least squares,,,,,cv_1,3445.0,2013-11-11
ar_lags63_ridge2,ar,2013-11-12,2000-01-03,2013-11-11,3466,True,Closed-form regularized least squares,,,,,cv_1,3445.0,2013-11-11
ar_lags63_ridge100,ar,2013-11-12,2000-01-03,2013-11-11,3466,True,Closed-form regularized least squares,,,,,cv_1,3445.0,2013-11-11
ar_lags63_ridge1000,ar,2013-11-12,2000-01-03,2013-11-11,3466,True,Closed-form regularized least squares,,,,,cv_1,3445.0,2013-11-11
elm_h32_a10_tanh_s42,elm,2013-11-12,2000-01-03,2013-11-11,3466,True,Closed-form regularized least squares,,,,,cv_1,3445.0,2013-11-11
elm_h32_a10_relu_s42,elm,2013-11-12,2000-01-03,2013-11-11,3466,True,Closed-form regularized least squares,,,,,cv_1,3445.0,2013-11-11
elm_h32_a100_tanh_s42,elm,2013-11-12,2000-01-03,2013-11-11,3466,True,Closed-form regularized least squares,,,,,cv_1,3445.0,2013-11-11
elm_h32_a100_relu_s42,elm,2013-11-12,2000-01-03,2013-11-11,3466,True,Closed-form regularized least squares,,,,,cv_1,3445.0,2013-11-11
elm_h32_a1000_tanh_s42,elm,2013-11-12,2000-01-03,2013-11-11,3466,True,Closed-form regularized least squares,,,,,cv_1,3445.0,2013-11-11
elm_h32_a1000_relu_s42,elm,2013-11-12,2000-01-03,2013-11-11,3466,True,Closed-form regularized least squares,,,,,cv_1,3445.0,2013-11-11
elm_h128_a10_tanh_s42,elm,2013-11-12,2000-01-03,2013-11-11,3466,True,Closed-form regularized least squares,,,,,cv_1,3445.0,2013-11-11
elm_h128_a10_relu_s42,elm,2013-11-12,2000-01-03,2013-11-11,3466,True,Closed-form regularized least squares,,,,,cv_1,3445.0,2013-11-11
elm_h128_a100_tanh_s42,elm,2013-11-12,2000-01-03,2013-11-11,3466,True,Closed-form regularized least squares,,,,,cv_1,3445.0,2013-11-11
elm_h128_a100_relu_s42,elm,2013-11-12,2000-01-03,2013-11-11,3466,True,Closed-form regularized least squares,,,,,cv_1,3445.0,2013-11-11
elm_h128_a1000_tanh_s42,elm,2013-11-12,2000-01-03,2013-11-11,3466,True,Closed-form regularized least squares,,,,,cv_1,3445.0,2013-11-11
elm_h128_a1000_relu_s42,elm,2013-11-12,2000-01-03,2013-11-11,3466,True,Closed-form regularized least squares,,,,,cv_1,3445.0,2013-11-11
elm_h128_a100_tanh_s314,elm,2013-11-12,2000-01-03,2013-11-11,3466,True,Closed-form regularized least squares,,,,,cv_1,3445.0,2013-11-11
elm_h128_a100_tanh_recent5y,elm,2013-11-12,2008-11-07,2013-11-11,1260,True,Closed-form regularized least squares,,,,,cv_1,1236.0,2013-11-11
holt_s0_phi10_w252,holt,2013-11-12,2012-11-12,2013-11-11,252,True,CONVERGENCE: RELATIVE REDUCTION OF F <= FACTR*EPSMCH,0.0002901966610486793,"{'alpha': 0.797739482737388, 'beta': 0.004661872307020053, 'gamma': 0.0, 'damping': 1.0}",,,cv_1,,
holt_s0_phi098_w252,holt,2013-11-12,2012-11-12,2013-11-11,252,True,CONVERGENCE: NORM OF PROJECTED GRADIENT <= PGTOL,0.0002912680523513793,"{'alpha': 0.8028712948457692, 'beta': 0.0029041328691498947, 'gamma': 0.0, 'damping': 0.98}",,,cv_1,,
holt_s5_phi10_w252,holt,2013-11-12,2012-11-12,2013-11-11,252,True,CONVERGENCE: RELATIVE REDUCTION OF F <= FACTR*EPSMCH,0.00036206584124052343,"{'alpha': 0.7042800508411983, 'beta': 0.017571512944675457, 'gamma': 0.5281803438309419, 'damping': 1.0}",,,cv_1,,
holt_s5_phi098_w252,holt,2013-11-12,2012-11-12,2013-11-11,252,True,CONVERGENCE: NORM OF PROJECTED GRADIENT <= PGTOL,0.0003574656777135602,"{'alpha': 0.7030170079346295, 'beta': 0.0027754160601041623, 'gamma': 0.5291298416791667, 'damping': 0.98}",,,cv_1,,
holt_s21_phi10_w252,holt,2013-11-12,2012-11-12,2013-11-11,252,True,CONVERGENCE: NORM OF PROJECTED GRADIENT <= PGTOL,0.000555154432325756,"{'alpha': 0.7568085431146092, 'beta': 0.001, 'gamma': 0.999, 'damping': 1.0}",,,cv_1,,
holt_s21_phi098_w252,holt,2013-11-12,2012-11-12,2013-11-11,252,True,CONVERGENCE: NORM OF PROJECTED GRADIENT <= PGTOL,0.000553960596899024,"{'alpha': 0.7562040516572126, 'beta': 0.001, 'gamma': 0.999, 'damping': 0.98}",,,cv_1,,
simple_smoothing_w252,smoothing,2013-11-12,2012-11-12,2013-11-11,252,True,Solution found.,0.00029135550114719956,"{'alpha': 0.8054186080238993, 'beta': 0.0, 'gamma': 0.0, 'damping': 1.0}",,,cv_1,,
holt_s0_phi10_w1260,holt,2013-11-12,2008-11-07,2013-11-11,1260,True,CONVERGENCE: NORM OF PROJECTED GRADIENT <= PGTOL,0.00035223037334972926,"{'alpha': 0.961066767953362, 'beta': 0.0031420382578826204, 'gamma': 0.0, 'damping': 1.0}",,,cv_1,,
holt_s0_phi098_w1260,holt,2013-11-12,2008-11-07,2013-11-11,1260,True,CONVERGENCE: NORM OF PROJECTED GRADIENT <= PGTOL,0.0003522084635419482,"{'alpha': 0.963121169881198, 'beta': 0.001, 'gamma': 0.0, 'damping': 0.98}",,,cv_1,,
holt_s5_phi10_w1260,holt,2013-11-12,2008-11-07,2013-11-11,1260,True,CONVERGENCE: RELATIVE REDUCTION OF F <= FACTR*EPSMCH,0.0003682103948155066,"{'alpha': 0.9417285056071553, 'beta': 0.006220796859454596, 'gamma': 0.5884554861283504, 'damping': 1.0}",,,cv_1,,
holt_s5_phi098_w1260,holt,2013-11-12,2008-11-07,2013-11-11,1260,True,CONVERGENCE: RELATIVE REDUCTION OF F <= FACTR*EPSMCH,0.0003671962503999111,"{'alpha': 0.94395479963633, 'beta': 0.0011991767987330636, 'gamma': 0.6135178049997405, 'damping': 0.98}",,,cv_1,,
holt_s21_phi10_w1260,holt,2013-11-12,2008-11-07,2013-11-11,1260,True,CONVERGENCE: RELATIVE REDUCTION OF F <= FACTR*EPSMCH,0.00047333016309630463,"{'alpha': 0.8454096855796615, 'beta': 0.001, 'gamma': 0.928051215142455, 'damping': 1.0}",,,cv_1,,
holt_s21_phi098_w1260,holt,2013-11-12,2008-11-07,2013-11-11,1260,True,CONVERGENCE: RELATIVE REDUCTION OF F <= FACTR*EPSMCH,0.0004731191040529314,"{'alpha': 0.844938199311329, 'beta': 0.001, 'gamma': 0.9255880941879381, 'damping': 0.98}",,,cv_1,,
simple_smoothing_w1260,smoothing,2013-11-12,2008-11-07,2013-11-11,1260,True,Solution found.,0.0003522207720279485,"{'alpha': 0.9641206501971599, 'beta': 0.0, 'gamma': 0.0, 'damping': 1.0}",,,cv_1,,
arima_010_w252,arima,2015-11-13,2014-11-13,2015-11-12,252,True,CONVERGENCE: NORM OF PROJECTED GRADIENT <= PGTOL,0.00047764768089221104,{'intercept': -0.001980929676727865},[],[],cv_2,,
arima_110_w252,arima,2015-11-13,2014-11-13,2015-11-12,252,True,CONVERGENCE: NORM OF PROJECTED GRADIENT <= PGTOL,0.0004775817857664125,{'intercept': -0.001956022783096434},[0.011625339028745157],[],cv_2,,
arima_011_w252,arima,2015-11-13,2014-11-13,2015-11-12,252,True,CONVERGENCE: NORM OF PROJECTED GRADIENT <= PGTOL,0.0004775858848437463,{'intercept': -0.0019791545249381952},[],[0.01089917669104676],cv_2,,
arima_111_w252,arima,2015-11-13,2014-11-13,2015-11-12,252,True,CONVERGENCE: NORM OF PROJECTED GRADIENT <= PGTOL,0.0004774593272610695,{'intercept': -0.0012267077207382506},[0.3798609777986919],[-0.36160393998039037],cv_2,,
arima_211_w252,arima,2015-11-13,2014-11-13,2015-11-12,252,True,CONVERGENCE: RELATIVE REDUCTION OF F <= FACTR*EPSMCH,0.00047141692911520155,{'intercept': -0.003403201241119316},"[-0.829768423883855, 0.07077766256732282]",[0.8515961521813668],cv_2,,
arima_100_w252,arima,2015-11-13,2014-11-13,2015-11-12,252,True,CONVERGENCE: NORM OF PROJECTED GRADIENT <= PGTOL,0.0004762771893709992,{'intercept': -0.002282362748828937},[0.9777344227883175],[],cv_2,,
arima_201_w252,arima,2015-11-13,2014-11-13,2015-11-12,252,True,CONVERGENCE: NORM OF PROJECTED GRADIENT <= PGTOL,0.0004716279360734338,{'intercept': -0.004257957202356857},"[0.08448479917631668, 0.8749234398216471]",[0.8519260379409059],cv_2,,
arima_010_w1260,arima,2015-11-13,2010-11-09,2015-11-12,1260,True,CONVERGENCE: NORM OF PROJECTED GRADIENT <= PGTOL,0.0004628021704451738,{'intercept': -0.0004304029033048904},[],[],cv_2,,
arima_110_w1260,arima,2015-11-13,2010-11-09,2015-11-12,1260,True,CONVERGENCE: NORM OF PROJECTED GRADIENT <= PGTOL,0.00046193533980237413,{'intercept': -0.00044970978735482187},[-0.04324437165510453],[],cv_2,,
arima_011_w1260,arima,2015-11-13,2010-11-09,2015-11-12,1260,True,CONVERGENCE: NORM OF PROJECTED GRADIENT <= PGTOL,0.00046197312197128915,{'intercept': -0.0004310456093734641},[],[-0.04124087802723222],cv_2,,
arima_111_w1260,arima,2015-11-13,2010-11-09,2015-11-12,1260,True,CONVERGENCE: NORM OF PROJECTED GRADIENT <= PGTOL,0.0004618997779717083,{'intercept': -0.0004902087349350722},[-0.13719364265064102],[0.09345055014986678],cv_2,,
arima_211_w1260,arima,2015-11-13,2010-11-09,2015-11-12,1260,True,CONVERGENCE: RELATIVE REDUCTION OF F <= FACTR*EPSMCH,0.00046088106445706177,{'intercept': -0.00016812468195216476},"[0.5454427738013184, 0.06398702781099276]",[-0.588376562174653],cv_2,,
arima_100_w1260,arima,2015-11-13,2010-11-09,2015-11-12,1260,True,CONVERGENCE: NORM OF PROJECTED GRADIENT <= PGTOL,0.0004860098869527291,{'intercept': -0.0004639823413779677},[0.98],[],cv_2,,
arima_201_w1260,arima,2015-11-13,2010-11-09,2015-11-12,1260,True,CONVERGENCE: NORM OF PROJECTED GRADIENT <= PGTOL,0.0004626586472610086,{'intercept': -0.0008951022097255915},"[0.029216759826408034, 0.9658461502444167]",[0.9724397254830837],cv_2,,
arima_111_no_drift_w1260,arima,2015-11-13,2010-11-09,2015-11-12,1260,True,CONVERGENCE: NORM OF PROJECTED GRADIENT <= PGTOL,0.0004621006712083693,{'intercept': 0.0},[-0.1387759739650825],[0.09543376850425667],cv_2,,
legacy_fixed_arima_111,legacy_arima,2015-11-13,2000-01-03,2015-11-12,3970,True,CONVERGENCE: NORM OF PROJECTED GRADIENT <= PGTOL,,{},-0.014947100244742564,-0.013845178040239667,cv_2,,
legacy_fixed_holt_5,legacy_holt,2015-11-13,2000-01-03,2015-11-12,3970,True,CONVERGENCE: NORM OF PROJECTED GRADIENT <= PGTOL,,"{'alpha': 0.938009353552831, 'beta': 0.001, 'gamma': 0.38870699002950654}",,,cv_2,,
ar_lags5_ridge2,ar,2015-11-13,2000-01-03,2015-11-12,3970,True,Closed-form regularized least squares,,,,,cv_2,3948.0,2015-11-12
ar_lags5_ridge100,ar,2015-11-13,2000-01-03,2015-11-12,3970,True,Closed-form regularized least squares,,,,,cv_2,3948.0,2015-11-12
ar_lags5_ridge1000,ar,2015-11-13,2000-01-03,2015-11-12,3970,True,Closed-form regularized least squares,,,,,cv_2,3948.0,2015-11-12
ar_lags21_ridge2,ar,2015-11-13,2000-01-03,2015-11-12,3970,True,Closed-form regularized least squares,,,,,cv_2,3948.0,2015-11-12
ar_lags21_ridge100,ar,2015-11-13,2000-01-03,2015-11-12,3970,True,Closed-form regularized least squares,,,,,cv_2,3948.0,2015-11-12
ar_lags21_ridge1000,ar,2015-11-13,2000-01-03,2015-11-12,3970,True,Closed-form regularized least squares,,,,,cv_2,3948.0,2015-11-12
ar_lags63_ridge2,ar,2015-11-13,2000-01-03,2015-11-12,3970,True,Closed-form regularized least squares,,,,,cv_2,3948.0,2015-11-12
ar_lags63_ridge100,ar,2015-11-13,2000-01-03,2015-11-12,3970,True,Closed-form regularized least squares,,,,,cv_2,3948.0,2015-11-12
ar_lags63_ridge1000,ar,2015-11-13,2000-01-03,2015-11-12,3970,True,Closed-form regularized least squares,,,,,cv_2,3948.0,2015-11-12
elm_h32_a10_tanh_s42,elm,2015-11-13,2000-01-03,2015-11-12,3970,True,Closed-form regularized least squares,,,,,cv_2,3948.0,2015-11-12
elm_h32_a10_relu_s42,elm,2015-11-13,2000-01-03,2015-11-12,3970,True,Closed-form regularized least squares,,,,,cv_2,3948.0,2015-11-12
elm_h32_a100_tanh_s42,elm,2015-11-13,2000-01-03,2015-11-12,3970,True,Closed-form regularized least squares,,,,,cv_2,3948.0,2015-11-12
elm_h32_a100_relu_s42,elm,2015-11-13,2000-01-03,2015-11-12,3970,True,Closed-form regularized least squares,,,,,cv_2,3948.0,2015-11-12
elm_h32_a1000_tanh_s42,elm,2015-11-13,2000-01-03,2015-11-12,3970,True,Closed-form regularized least squares,,,,,cv_2,3948.0,2015-11-12
elm_h32_a1000_relu_s42,elm,2015-11-13,2000-01-03,2015-11-12,3970,True,Closed-form regularized least squares,,,,,cv_2,3948.0,2015-11-12
elm_h128_a10_tanh_s42,elm,2015-11-13,2000-01-03,2015-11-12,3970,True,Closed-form regularized least squares,,,,,cv_2,3948.0,2015-11-12
elm_h128_a10_relu_s42,elm,2015-11-13,2000-01-03,2015-11-12,3970,True,Closed-form regularized least squares,,,,,cv_2,3948.0,2015-11-12
elm_h128_a100_tanh_s42,elm,2015-11-13,2000-01-03,2015-11-12,3970,True,Closed-form regularized least squares,,,,,cv_2,3948.0,2015-11-12
elm_h128_a100_relu_s42,elm,2015-11-13,2000-01-03,2015-11-12,3970,True,Closed-form regularized least squares,,,,,cv_2,3948.0,2015-11-12
elm_h128_a1000_tanh_s42,elm,2015-11-13,2000-01-03,2015-11-12,3970,True,Closed-form regularized least squares,,,,,cv_2,3948.0,2015-11-12
elm_h128_a1000_relu_s42,elm,2015-11-13,2000-01-03,2015-11-12,3970,True,Closed-form regularized least squares,,,,,cv_2,3948.0,2015-11-12
elm_h128_a100_tanh_s314,elm,2015-11-13,2000-01-03,2015-11-12,3970,True,Closed-form regularized least squares,,,,,cv_2,3948.0,2015-11-12
elm_h128_a100_tanh_recent5y,elm,2015-11-13,2010-11-09,2015-11-12,1260,True,Closed-form regularized least squares,,,,,cv_2,1234.0,2015-11-12
holt_s0_phi10_w252,holt,2015-11-13,2014-11-13,2015-11-12,252,True,CONVERGENCE: RELATIVE REDUCTION OF F <= FACTR*EPSMCH,0.0004922857262611046,"{'alpha': 0.999, 'beta': 0.0019099712043477257, 'gamma': 0.0, 'damping': 1.0}",,,cv_2,,
holt_s0_phi098_w252,holt,2015-11-13,2014-11-13,2015-11-12,252,True,CONVERGENCE: NORM OF PROJECTED GRADIENT <= PGTOL,0.0004927442153094358,"{'alpha': 0.999, 'beta': 0.001, 'gamma': 0.0, 'damping': 0.98}",,,cv_2,,
holt_s5_phi10_w252,holt,2015-11-13,2014-11-13,2015-11-12,252,True,CONVERGENCE: NORM OF PROJECTED GRADIENT <= PGTOL,0.000577140617553359,"{'alpha': 0.8631472481613305, 'beta': 0.001, 'gamma': 0.999, 'damping': 1.0}",,,cv_2,,
holt_s5_phi098_w252,holt,2015-11-13,2014-11-13,2015-11-12,252,True,CONVERGENCE: NORM OF PROJECTED GRADIENT <= PGTOL,0.0005786653219017901,"{'alpha': 0.8634202678071756, 'beta': 0.001, 'gamma': 0.999, 'damping': 0.98}",,,cv_2,,
holt_s21_phi10_w252,holt,2015-11-13,2014-11-13,2015-11-12,252,True,CONVERGENCE: NORM OF PROJECTED GRADIENT <= PGTOL,0.0008877339510581403,"{'alpha': 0.7809387705310485, 'beta': 0.001, 'gamma': 0.999, 'damping': 1.0}",,,cv_2,,
holt_s21_phi098_w252,holt,2015-11-13,2014-11-13,2015-11-12,252,True,CONVERGENCE: NORM OF PROJECTED GRADIENT <= PGTOL,0.0008830447932285283,"{'alpha': 0.7800946258843079, 'beta': 0.001, 'gamma': 0.999, 'damping': 0.98}",,,cv_2,,
simple_smoothing_w252,smoothing,2015-11-13,2014-11-13,2015-11-12,252,True,Solution found.,0.000492676073340649,"{'alpha': 0.998996634985394, 'beta': 0.0, 'gamma': 0.0, 'damping': 1.0}",,,cv_2,,
holt_s0_phi10_w1260,holt,2015-11-13,2010-11-09,2015-11-12,1260,True,CONVERGENCE: NORM OF PROJECTED GRADIENT <= PGTOL,0.00046346256637337153,"{'alpha': 0.9593346980763128, 'beta': 0.001, 'gamma': 0.0, 'damping': 1.0}",,,cv_2,,
holt_s0_phi098_w1260,holt,2015-11-13,2010-11-09,2015-11-12,1260,True,CONVERGENCE: NORM OF PROJECTED GRADIENT <= PGTOL,0.00046318886918643275,"{'alpha': 0.9577274724762574, 'beta': 0.002132641561662841, 'gamma': 0.0, 'damping': 0.98}",,,cv_2,,
holt_s5_phi10_w1260,holt,2015-11-13,2010-11-09,2015-11-12,1260,True,CONVERGENCE: RELATIVE REDUCTION OF F <= FACTR*EPSMCH,0.0005408665475961416,"{'alpha': 0.8766226616718343, 'beta': 0.003935498272864609, 'gamma': 0.6919860260657044, 'damping': 1.0}",,,cv_2,,
holt_s5_phi098_w1260,holt,2015-11-13,2010-11-09,2015-11-12,1260,True,CONVERGENCE: NORM OF PROJECTED GRADIENT <= PGTOL,0.000538873751746694,"{'alpha': 0.87421293266003, 'beta': 0.0028667348276241373, 'gamma': 0.6791104997834905, 'damping': 0.98}",,,cv_2,,
holt_s21_phi10_w1260,holt,2015-11-13,2010-11-09,2015-11-12,1260,True,CONVERGENCE: RELATIVE REDUCTION OF F <= FACTR*EPSMCH,0.0005785713591798585,"{'alpha': 0.8372832862725018, 'beta': 0.007136542797491942, 'gamma': 0.9423372134353877, 'damping': 1.0}",,,cv_2,,
holt_s21_phi098_w1260,holt,2015-11-13,2010-11-09,2015-11-12,1260,True,CONVERGENCE: NORM OF PROJECTED GRADIENT <= PGTOL,0.0005734199153555344,"{'alpha': 0.837715857789988, 'beta': 0.001, 'gamma': 0.9389747699381515, 'damping': 0.98}",,,cv_2,,
simple_smoothing_w1260,smoothing,2015-11-13,2010-11-09,2015-11-12,1260,True,Solution found.,0.0004632369296161445,"{'alpha': 0.9597846929835449, 'beta': 0.0, 'gamma': 0.0, 'damping': 1.0}",,,cv_2,,
arima_010_w252,arima,2017-11-16,2016-11-16,2017-11-15,252,True,CONVERGENCE: NORM OF PROJECTED GRADIENT <= PGTOL,0.00024179214572990216,{'intercept': -0.0008087359494342634},[],[],cv_3,,
arima_110_w252,arima,2017-11-16,2016-11-16,2017-11-15,252,True,CONVERGENCE: NORM OF PROJECTED GRADIENT <= PGTOL,0.00024100188615182243,{'intercept': -0.0007592792453802061},[0.05705040521497471],[],cv_3,,
arima_011_w252,arima,2017-11-16,2016-11-16,2017-11-15,252,True,CONVERGENCE: NORM OF PROJECTED GRADIENT <= PGTOL,0.00024104456651062773,{'intercept': -0.0008056661572597715},[],[0.05377015340093842],cv_3,,
arima_111_w252,arima,2017-11-16,2016-11-16,2017-11-15,252,True,CONVERGENCE: NORM OF PROJECTED GRADIENT <= PGTOL,0.00024096538863864418,{'intercept': -0.0006639514418979295},[0.17474288377039116],[-0.11720296355985163],cv_3,,
arima_211_w252,arima,2017-11-16,2016-11-16,2017-11-15,252,True,CONVERGENCE: NORM OF PROJECTED GRADIENT <= PGTOL,0.0002394484194677373,{'intercept': -0.0011825743444609305},"[-0.86286614593814, 0.08647301666401636]",[0.9246964226907513],cv_3,,
arima_100_w252,arima,2017-11-16,2016-11-16,2017-11-15,252,True,CONVERGENCE: NORM OF PROJECTED GRADIENT <= PGTOL,0.00023510642861505882,{'intercept': -0.000972858586236703},[0.958433730627884],[],cv_3,,
arima_201_w252,arima,2017-11-16,2016-11-16,2017-11-15,252,True,CONVERGENCE: NORM OF PROJECTED GRADIENT <= PGTOL,0.00023370009503309808,{'intercept': -0.0006759931571911847},"[1.271448086093874, -0.3044583826569394]",[-0.24168991160530984],cv_3,,
arima_010_w1260,arima,2017-11-16,2012-11-12,2017-11-15,1260,True,CONVERGENCE: NORM OF PROJECTED GRADIENT <= PGTOL,0.0004310915557205776,{'intercept': -0.00014171844386644283},[],[],cv_3,,
arima_110_w1260,arima,2017-11-16,2012-11-12,2017-11-15,1260,True,CONVERGENCE: NORM OF PROJECTED GRADIENT <= PGTOL,0.00043043728356317087,{'intercept': -0.00014630972375961798},[-0.038930608103834245],[],cv_3,,
arima_011_w1260,arima,2017-11-16,2012-11-12,2017-11-15,1260,True,CONVERGENCE: NORM OF PROJECTED GRADIENT <= PGTOL,0.00043048336367193876,{'intercept': -0.00014086907927268646},[],[-0.036097873109124295],cv_3,,
arima_111_w1260,arima,2017-11-16,2012-11-12,2017-11-15,1260,True,CONVERGENCE: NORM OF PROJECTED GRADIENT <= PGTOL,0.0004303421016499955,{'intercept': -0.00016864283051186963},[-0.19714681497768485],[0.15626710532858937],cv_3,,
arima_211_w1260,arima,2017-11-16,2012-11-12,2017-11-15,1260,True,CONVERGENCE: NORM OF PROJECTED GRADIENT <= PGTOL,0.00042916430196918625,{'intercept': -7.821561527531725e-05},"[0.3840491182811062, 0.06566595071510904]",[-0.42228531680034054],cv_3,,
arima_100_w1260,arima,2017-11-16,2012-11-12,2017-11-15,1260,True,CONVERGENCE: NORM OF PROJECTED GRADIENT <= PGTOL,0.0004335188717572595,{'intercept': -0.00012236029614717483},[0.98],[],cv_3,,
arima_201_w1260,arima,2017-11-16,2012-11-12,2017-11-15,1260,True,CONVERGENCE: NORM OF PROJECTED GRADIENT <= PGTOL,0.0004296419503445341,{'intercept': -0.00026249579900069255},"[0.10060598133858212, 0.884304216309331]",[0.8895703468978955],cv_3,,
arima_111_no_drift_w1260,arima,2017-11-16,2012-11-12,2017-11-15,1260,True,CONVERGENCE: NORM OF PROJECTED GRADIENT <= PGTOL,0.0004303633721861015,{'intercept': 0.0},[-0.19727839150775134],[0.15643084231452106],cv_3,,
legacy_fixed_arima_111,legacy_arima,2017-11-16,2000-01-03,2017-11-15,4474,True,CONVERGENCE: NORM OF PROJECTED GRADIENT <= PGTOL,,{},-0.012218903870084695,-0.011339732313891364,cv_3,,
legacy_fixed_holt_5,legacy_holt,2017-11-16,2000-01-03,2017-11-15,4474,True,CONVERGENCE: NORM OF PROJECTED GRADIENT <= PGTOL,,"{'alpha': 0.9298380871515819, 'beta': 0.001, 'gamma': 0.3164336181001304}",,,cv_3,,
ar_lags5_ridge2,ar,2017-11-16,2000-01-03,2017-11-15,4474,True,Closed-form regularized least squares,,,,,cv_3,4452.0,2017-11-15
ar_lags5_ridge100,ar,2017-11-16,2000-01-03,2017-11-15,4474,True,Closed-form regularized least squares,,,,,cv_3,4452.0,2017-11-15
ar_lags5_ridge1000,ar,2017-11-16,2000-01-03,2017-11-15,4474,True,Closed-form regularized least squares,,,,,cv_3,4452.0,2017-11-15
ar_lags21_ridge2,ar,2017-11-16,2000-01-03,2017-11-15,4474,True,Closed-form regularized least squares,,,,,cv_3,4452.0,2017-11-15
ar_lags21_ridge100,ar,2017-11-16,2000-01-03,2017-11-15,4474,True,Closed-form regularized least squares,,,,,cv_3,4452.0,2017-11-15
ar_lags21_ridge1000,ar,2017-11-16,2000-01-03,2017-11-15,4474,True,Closed-form regularized least squares,,,,,cv_3,4452.0,2017-11-15
ar_lags63_ridge2,ar,2017-11-16,2000-01-03,2017-11-15,4474,True,Closed-form regularized least squares,,,,,cv_3,4452.0,2017-11-15
ar_lags63_ridge100,ar,2017-11-16,2000-01-03,2017-11-15,4474,True,Closed-form regularized least squares,,,,,cv_3,4452.0,2017-11-15
ar_lags63_ridge1000,ar,2017-11-16,2000-01-03,2017-11-15,4474,True,Closed-form regularized least squares,,,,,cv_3,4452.0,2017-11-15
elm_h32_a10_tanh_s42,elm,2017-11-16,2000-01-03,2017-11-15,4474,True,Closed-form regularized least squares,,,,,cv_3,4452.0,2017-11-15
elm_h32_a10_relu_s42,elm,2017-11-16,2000-01-03,2017-11-15,4474,True,Closed-form regularized least squares,,,,,cv_3,4452.0,2017-11-15
elm_h32_a100_tanh_s42,elm,2017-11-16,2000-01-03,2017-11-15,4474,True,Closed-form regularized least squares,,,,,cv_3,4452.0,2017-11-15
elm_h32_a100_relu_s42,elm,2017-11-16,2000-01-03,2017-11-15,4474,True,Closed-form regularized least squares,,,,,cv_3,4452.0,2017-11-15
elm_h32_a1000_tanh_s42,elm,2017-11-16,2000-01-03,2017-11-15,4474,True,Closed-form regularized least squares,,,,,cv_3,4452.0,2017-11-15
elm_h32_a1000_relu_s42,elm,2017-11-16,2000-01-03,2017-11-15,4474,True,Closed-form regularized least squares,,,,,cv_3,4452.0,2017-11-15
elm_h128_a10_tanh_s42,elm,2017-11-16,2000-01-03,2017-11-15,4474,True,Closed-form regularized least squares,,,,,cv_3,4452.0,2017-11-15
elm_h128_a10_relu_s42,elm,2017-11-16,2000-01-03,2017-11-15,4474,True,Closed-form regularized least squares,,,,,cv_3,4452.0,2017-11-15
elm_h128_a100_tanh_s42,elm,2017-11-16,2000-01-03,2017-11-15,4474,True,Closed-form regularized least squares,,,,,cv_3,4452.0,2017-11-15
elm_h128_a100_relu_s42,elm,2017-11-16,2000-01-03,2017-11-15,4474,True,Closed-form regularized least squares,,,,,cv_3,4452.0,2017-11-15
elm_h128_a1000_tanh_s42,elm,2017-11-16,2000-01-03,2017-11-15,4474,True,Closed-form regularized least squares,,,,,cv_3,4452.0,2017-11-15
elm_h128_a1000_relu_s42,elm,2017-11-16,2000-01-03,2017-11-15,4474,True,Closed-form regularized least squares,,,,,cv_3,4452.0,2017-11-15
elm_h128_a100_tanh_s314,elm,2017-11-16,2000-01-03,2017-11-15,4474,True,Closed-form regularized least squares,,,,,cv_3,4452.0,2017-11-15
elm_h128_a100_tanh_recent5y,elm,2017-11-16,2012-11-12,2017-11-15,1260,True,Closed-form regularized least squares,,,,,cv_3,1234.0,2017-11-15
holt_s0_phi10_w252,holt,2017-11-16,2016-11-16,2017-11-15,252,True,CONVERGENCE: NORM OF PROJECTED GRADIENT <= PGTOL,0.0002401424187876802,"{'alpha': 0.999, 'beta': 0.001, 'gamma': 0.0, 'damping': 1.0}",,,cv_3,,
holt_s0_phi098_w252,holt,2017-11-16,2016-11-16,2017-11-15,252,True,CONVERGENCE: NORM OF PROJECTED GRADIENT <= PGTOL,0.0002401795991029047,"{'alpha': 0.999, 'beta': 0.001, 'gamma': 0.0, 'damping': 0.98}",,,cv_3,,
holt_s5_phi10_w252,holt,2017-11-16,2016-11-16,2017-11-15,252,True,CONVERGENCE: NORM OF PROJECTED GRADIENT <= PGTOL,0.00028412048722276643,"{'alpha': 0.9098786623757651, 'beta': 0.03452621522622355, 'gamma': 0.999, 'damping': 1.0}",,,cv_3,,
holt_s5_phi098_w252,holt,2017-11-16,2016-11-16,2017-11-15,252,True,CONVERGENCE: RELATIVE REDUCTION OF F <= FACTR*EPSMCH,0.00027598096887545485,"{'alpha': 0.9084040543550821, 'beta': 0.0011552229055155647, 'gamma': 0.999, 'damping': 0.98}",,,cv_3,,
holt_s21_phi10_w252,holt,2017-11-16,2016-11-16,2017-11-15,252,True,CONVERGENCE: NORM OF PROJECTED GRADIENT <= PGTOL,0.0008516643011423202,"{'alpha': 0.3985904970050713, 'beta': 0.001, 'gamma': 0.999, 'damping': 1.0}",,,cv_3,,
holt_s21_phi098_w252,holt,2017-11-16,2016-11-16,2017-11-15,252,True,CONVERGENCE: NORM OF PROJECTED GRADIENT <= PGTOL,0.0008499734511179948,"{'alpha': 0.39814140821017924, 'beta': 0.001, 'gamma': 0.999, 'damping': 0.98}",,,cv_3,,
simple_smoothing_w252,smoothing,2017-11-16,2016-11-16,2017-11-15,252,True,Solution found.,0.0002400920459400538,"{'alpha': 0.9989933495807446, 'beta': 0.0, 'gamma': 0.0, 'damping': 1.0}",,,cv_3,,
holt_s0_phi10_w1260,holt,2017-11-16,2012-11-12,2017-11-15,1260,True,CONVERGENCE: NORM OF PROJECTED GRADIENT <= PGTOL,0.0004317725433916252,"{'alpha': 0.9625529377008953, 'beta': 0.001, 'gamma': 0.0, 'damping': 1.0}",,,cv_3,,
holt_s0_phi098_w1260,holt,2017-11-16,2012-11-12,2017-11-15,1260,True,CONVERGENCE: NORM OF PROJECTED GRADIENT <= PGTOL,0.0004314176544953085,"{'alpha': 0.9617878099684172, 'beta': 0.001, 'gamma': 0.0, 'damping': 0.98}",,,cv_3,,
holt_s5_phi10_w1260,holt,2017-11-16,2012-11-12,2017-11-15,1260,True,CONVERGENCE: RELATIVE REDUCTION OF F <= FACTR*EPSMCH,0.00047290389826166936,"{'alpha': 0.9090306161372819, 'beta': 0.008469770304426938, 'gamma': 0.5787278831381737, 'damping': 1.0}",,,cv_3,,
holt_s5_phi098_w1260,holt,2017-11-16,2012-11-12,2017-11-15,1260,True,CONVERGENCE: NORM OF PROJECTED GRADIENT <= PGTOL,0.0004691752980671601,"{'alpha': 0.9083635315412972, 'beta': 0.001, 'gamma': 0.5776520613901024, 'damping': 0.98}",,,cv_3,,
holt_s21_phi10_w1260,holt,2017-11-16,2012-11-12,2017-11-15,1260,True,CONVERGENCE: NORM OF PROJECTED GRADIENT <= PGTOL,0.0005783687518719877,"{'alpha': 0.8667391815619667, 'beta': 0.001, 'gamma': 0.999, 'damping': 1.0}",,,cv_3,,
holt_s21_phi098_w1260,holt,2017-11-16,2012-11-12,2017-11-15,1260,True,CONVERGENCE: NORM OF PROJECTED GRADIENT <= PGTOL,0.0005778235429739608,"{'alpha': 0.8665384025330736, 'beta': 0.001, 'gamma': 0.999, 'damping': 0.98}",,,cv_3,,
simple_smoothing_w1260,smoothing,2017-11-16,2012-11-12,2017-11-15,1260,True,Solution found.,0.00043138403264094885,"{'alpha': 0.9626081951347194, 'beta': 0.0, 'gamma': 0.0, 'damping': 1.0}",,,cv_3,,
arima_010_w252,arima,2019-11-19,2018-11-16,2019-11-18,252,True,CONVERGENCE: NORM OF PROJECTED GRADIENT <= PGTOL,0.00037077721731414804,{'intercept': -5.546852240798784e-05},[],[],cv_4,,
arima_110_w252,arima,2019-11-19,2018-11-16,2019-11-18,252,True,CONVERGENCE: NORM OF PROJECTED GRADIENT <= PGTOL,0.0003629105212762019,{'intercept': -6.1021408960402825e-05},[-0.14568357226267573],[],cv_4,,
arima_011_w252,arima,2019-11-19,2018-11-16,2019-11-18,252,True,CONVERGENCE: NORM OF PROJECTED GRADIENT <= PGTOL,0.00036230581382745236,{'intercept': -5.402463638997655e-05},[],[-0.1542040167032887],cv_4,,
arima_111_w252,arima,2019-11-19,2018-11-16,2019-11-18,252,True,CONVERGENCE: NORM OF PROJECTED GRADIENT <= PGTOL,0.0003622964295881884,{'intercept': -5.308239691298743e-05},[0.02055555662248386],[-0.17354706428566974],cv_4,,
arima_211_w252,arima,2019-11-19,2018-11-16,2019-11-18,252,True,CONVERGENCE: NORM OF PROJECTED GRADIENT <= PGTOL,0.0003614837896253081,{'intercept': -7.316872900995162e-05},"[-0.2634740576603423, -0.07800350932348987]",[0.10912262950239003],cv_4,,
arima_100_w252,arima,2019-11-19,2018-11-16,2019-11-18,252,True,CONVERGENCE: NORM OF PROJECTED GRADIENT <= PGTOL,0.00035790273131206077,{'intercept': -0.0001981770014645003},[0.9399301431674495],[],cv_4,,
arima_201_w252,arima,2019-11-19,2018-11-16,2019-11-18,252,True,CONVERGENCE: NORM OF PROJECTED GRADIENT <= PGTOL,0.0003525288685315456,{'intercept': -0.00017901961990911638},"[0.9390490906021155, 0.014257809151054618]",[-0.11507736945341168],cv_4,,
arima_010_w1260,arima,2019-11-19,2014-11-13,2019-11-18,1260,True,CONVERGENCE: NORM OF PROJECTED GRADIENT <= PGTOL,0.000336411861634606,{'intercept': -0.0004590641048842491},[],[],cv_4,,
arima_110_w1260,arima,2019-11-19,2014-11-13,2019-11-18,1260,True,CONVERGENCE: NORM OF PROJECTED GRADIENT <= PGTOL,0.0003364090143099216,{'intercept': -0.00046050411758051085},[-0.0029001051891744726],[],cv_4,,
arima_011_w1260,arima,2019-11-19,2014-11-13,2019-11-18,1260,True,CONVERGENCE: NORM OF PROJECTED GRADIENT <= PGTOL,0.0003364090062568997,{'intercept': -0.000459172959404777},[],[-0.002908357348020791],cv_4,,
arima_111_w1260,arima,2019-11-19,2014-11-13,2019-11-18,1260,True,CONVERGENCE: NORM OF PROJECTED GRADIENT <= PGTOL,0.00033640901033123676,{'intercept': -0.0004598376992070526},[-0.0014521082847720943],[-0.001452215903961579],cv_4,,
arima_211_w1260,arima,2019-11-19,2014-11-13,2019-11-18,1260,True,CONVERGENCE: RELATIVE REDUCTION OF F <= FACTR*EPSMCH,0.0003364083544823462,{'intercept': -0.0004604716339628993},"[-0.0014551233360103688, -0.0013905303306044417]",[-0.0014633620448766974],cv_4,,
arima_100_w1260,arima,2019-11-19,2014-11-13,2019-11-18,1260,True,CONVERGENCE: NORM OF PROJECTED GRADIENT <= PGTOL,0.0003384277725393785,{'intercept': -0.0005259703803010342},[0.98],[],cv_4,,
arima_201_w1260,arima,2019-11-19,2014-11-13,2019-11-18,1260,True,CONVERGENCE: NORM OF PROJECTED GRADIENT <= PGTOL,0.0003353815472550281,{'intercept': -0.001003731340493654},"[0.04466485804658504, 0.9363412966840771]",[0.9347536716365411],cv_4,,
arima_111_no_drift_w1260,arima,2019-11-19,2014-11-13,2019-11-18,1260,True,CONVERGENCE: NORM OF PROJECTED GRADIENT <= PGTOL,0.0003366209180990923,{'intercept': 0.0},[-0.0011134477408803489],[-0.0011134393980731013],cv_4,,
legacy_fixed_arima_111,legacy_arima,2019-11-19,2000-01-03,2019-11-18,4978,True,CONVERGENCE: NORM OF PROJECTED GRADIENT <= PGTOL,,{},-0.013593493693399811,-0.012746805618635188,cv_4,,
legacy_fixed_holt_5,legacy_holt,2019-11-19,2000-01-03,2019-11-18,4978,True,CONVERGENCE: NORM OF PROJECTED GRADIENT <= PGTOL,,"{'alpha': 0.9326199495731431, 'beta': 0.001, 'gamma': 0.3195130839795074}",,,cv_4,,
ar_lags5_ridge2,ar,2019-11-19,2000-01-03,2019-11-18,4978,True,Closed-form regularized least squares,,,,,cv_4,4957.0,2019-11-18
ar_lags5_ridge100,ar,2019-11-19,2000-01-03,2019-11-18,4978,True,Closed-form regularized least squares,,,,,cv_4,4957.0,2019-11-18
ar_lags5_ridge1000,ar,2019-11-19,2000-01-03,2019-11-18,4978,True,Closed-form regularized least squares,,,,,cv_4,4957.0,2019-11-18
ar_lags21_ridge2,ar,2019-11-19,2000-01-03,2019-11-18,4978,True,Closed-form regularized least squares,,,,,cv_4,4957.0,2019-11-18
ar_lags21_ridge100,ar,2019-11-19,2000-01-03,2019-11-18,4978,True,Closed-form regularized least squares,,,,,cv_4,4957.0,2019-11-18
ar_lags21_ridge1000,ar,2019-11-19,2000-01-03,2019-11-18,4978,True,Closed-form regularized least squares,,,,,cv_4,4957.0,2019-11-18
ar_lags63_ridge2,ar,2019-11-19,2000-01-03,2019-11-18,4978,True,Closed-form regularized least squares,,,,,cv_4,4957.0,2019-11-18
ar_lags63_ridge100,ar,2019-11-19,2000-01-03,2019-11-18,4978,True,Closed-form regularized least squares,,,,,cv_4,4957.0,2019-11-18
ar_lags63_ridge1000,ar,2019-11-19,2000-01-03,2019-11-18,4978,True,Closed-form regularized least squares,,,,,cv_4,4957.0,2019-11-18
elm_h32_a10_tanh_s42,elm,2019-11-19,2000-01-03,2019-11-18,4978,True,Closed-form regularized least squares,,,,,cv_4,4957.0,2019-11-18
elm_h32_a10_relu_s42,elm,2019-11-19,2000-01-03,2019-11-18,4978,True,Closed-form regularized least squares,,,,,cv_4,4957.0,2019-11-18
elm_h32_a100_tanh_s42,elm,2019-11-19,2000-01-03,2019-11-18,4978,True,Closed-form regularized least squares,,,,,cv_4,4957.0,2019-11-18
elm_h32_a100_relu_s42,elm,2019-11-19,2000-01-03,2019-11-18,4978,True,Closed-form regularized least squares,,,,,cv_4,4957.0,2019-11-18
elm_h32_a1000_tanh_s42,elm,2019-11-19,2000-01-03,2019-11-18,4978,True,Closed-form regularized least squares,,,,,cv_4,4957.0,2019-11-18
elm_h32_a1000_relu_s42,elm,2019-11-19,2000-01-03,2019-11-18,4978,True,Closed-form regularized least squares,,,,,cv_4,4957.0,2019-11-18
elm_h128_a10_tanh_s42,elm,2019-11-19,2000-01-03,2019-11-18,4978,True,Closed-form regularized least squares,,,,,cv_4,4957.0,2019-11-18
elm_h128_a10_relu_s42,elm,2019-11-19,2000-01-03,2019-11-18,4978,True,Closed-form regularized least squares,,,,,cv_4,4957.0,2019-11-18
elm_h128_a100_tanh_s42,elm,2019-11-19,2000-01-03,2019-11-18,4978,True,Closed-form regularized least squares,,,,,cv_4,4957.0,2019-11-18
elm_h128_a100_relu_s42,elm,2019-11-19,2000-01-03,2019-11-18,4978,True,Closed-form regularized least squares,,,,,cv_4,4957.0,2019-11-18
elm_h128_a1000_tanh_s42,elm,2019-11-19,2000-01-03,2019-11-18,4978,True,Closed-form regularized least squares,,,,,cv_4,4957.0,2019-11-18
elm_h128_a1000_relu_s42,elm,2019-11-19,2000-01-03,2019-11-18,4978,True,Closed-form regularized least squares,,,,,cv_4,4957.0,2019-11-18
elm_h128_a100_tanh_s314,elm,2019-11-19,2000-01-03,2019-11-18,4978,True,Closed-form regularized least squares,,,,,cv_4,4957.0,2019-11-18
elm_h128_a100_tanh_recent5y,elm,2019-11-19,2014-11-13,2019-11-18,1260,True,Closed-form regularized least squares,,,,,cv_4,1235.0,2019-11-18
holt_s0_phi10_w252,holt,2019-11-19,2018-11-16,2019-11-18,252,True,CONVERGENCE: NORM OF PROJECTED GRADIENT <= PGTOL,0.0003602110359880461,"{'alpha': 0.8516360591627915, 'beta': 0.001, 'gamma': 0.0, 'damping': 1.0}",,,cv_4,,
holt_s0_phi098_w252,holt,2019-11-19,2018-11-16,2019-11-18,252,True,CONVERGENCE: NORM OF PROJECTED GRADIENT <= PGTOL,0.00035999851118124966,"{'alpha': 0.8509876530296108, 'beta': 0.001, 'gamma': 0.0, 'damping': 0.98}",,,cv_4,,
holt_s5_phi10_w252,holt,2019-11-19,2018-11-16,2019-11-18,252,True,CONVERGENCE: RELATIVE REDUCTION OF F <= FACTR*EPSMCH,0.0004497719129875618,"{'alpha': 0.7426917488648845, 'beta': 0.01888692431230219, 'gamma': 0.5993785595635222, 'damping': 1.0}",,,cv_4,,
holt_s5_phi098_w252,holt,2019-11-19,2018-11-16,2019-11-18,252,True,CONVERGENCE: NORM OF PROJECTED GRADIENT <= PGTOL,0.0004399470781524163,"{'alpha': 0.7366018919844994, 'beta': 0.001, 'gamma': 0.5870246873112042, 'damping': 0.98}",,,cv_4,,
holt_s21_phi10_w252,holt,2019-11-19,2018-11-16,2019-11-18,252,True,CONVERGENCE: NORM OF PROJECTED GRADIENT <= PGTOL,0.0008631982863890095,"{'alpha': 0.5427039563876128, 'beta': 0.001, 'gamma': 0.999, 'damping': 1.0}",,,cv_4,,
holt_s21_phi098_w252,holt,2019-11-19,2018-11-16,2019-11-18,252,True,CONVERGENCE: NORM OF PROJECTED GRADIENT <= PGTOL,0.0008610662170364844,"{'alpha': 0.5419637120675865, 'beta': 0.001, 'gamma': 0.999, 'damping': 0.98}",,,cv_4,,
simple_smoothing_w252,smoothing,2019-11-19,2018-11-16,2019-11-18,252,True,Solution found.,0.0003598810169744333,"{'alpha': 0.8515740333943228, 'beta': 0.0, 'gamma': 0.0, 'damping': 1.0}",,,cv_4,,
holt_s0_phi10_w1260,holt,2019-11-19,2014-11-13,2019-11-18,1260,True,CONVERGENCE: NORM OF PROJECTED GRADIENT <= PGTOL,0.00033960145570726205,"{'alpha': 0.9926041517619425, 'beta': 0.001, 'gamma': 0.0, 'damping': 1.0}",,,cv_4,,
holt_s0_phi098_w1260,holt,2019-11-19,2014-11-13,2019-11-18,1260,True,CONVERGENCE: NORM OF PROJECTED GRADIENT <= PGTOL,0.00033953193177255425,"{'alpha': 0.9924160524967681, 'beta': 0.001, 'gamma': 0.0, 'damping': 0.98}",,,cv_4,,
holt_s5_phi10_w1260,holt,2019-11-19,2014-11-13,2019-11-18,1260,True,CONVERGENCE: NORM OF PROJECTED GRADIENT <= PGTOL,0.000374467773242885,"{'alpha': 0.9191388176773346, 'beta': 0.001, 'gamma': 0.999, 'damping': 1.0}",,,cv_4,,
holt_s5_phi098_w1260,holt,2019-11-19,2014-11-13,2019-11-18,1260,True,CONVERGENCE: NORM OF PROJECTED GRADIENT <= PGTOL,0.0003743931798728395,"{'alpha': 0.9191204922252186, 'beta': 0.001, 'gamma': 0.999, 'damping': 0.98}",,,cv_4,,
holt_s21_phi10_w1260,holt,2019-11-19,2014-11-13,2019-11-18,1260,True,CONVERGENCE: RELATIVE REDUCTION OF F <= FACTR*EPSMCH,0.0004945394703117699,"{'alpha': 0.8836248153524965, 'beta': 0.0023339272662267234, 'gamma': 0.999, 'damping': 1.0}",,,cv_4,,
holt_s21_phi098_w1260,holt,2019-11-19,2014-11-13,2019-11-18,1260,True,CONVERGENCE: NORM OF PROJECTED GRADIENT <= PGTOL,0.0004907616697744224,"{'alpha': 0.8823219444230006, 'beta': 0.001, 'gamma': 0.999, 'damping': 0.98}",,,cv_4,,
simple_smoothing_w1260,smoothing,2019-11-19,2014-11-13,2019-11-18,1260,True,Solution found.,0.0003393947620695119,"{'alpha': 0.9929894018449047, 'beta': 0.0, 'gamma': 0.0, 'damping': 1.0}",,,cv_4,,
