source_file,source_dataset,source_archive,Market_and_Exchange_Names,As_of_Date_In_Form_YYMMDD,Report_Date_as_MM_DD_YYYY,CFTC_Contract_Market_Code,CFTC_Market_Code,CFTC_Region_Code,CFTC_Commodity_Code,Open_Interest_All,Prod_Merc_Positions_Long_ALL,Prod_Merc_Positions_Short_ALL,Swap_Positions_Long_All,Swap__Positions_Short_All,Swap__Positions_Spread_All,M_Money_Positions_Long_ALL,M_Money_Positions_Short_ALL,M_Money_Positions_Spread_ALL,Other_Rept_Positions_Long_ALL,Other_Rept_Positions_Short_ALL,Other_Rept_Positions_Spread_ALL,Tot_Rept_Positions_Long_All,Tot_Rept_Positions_Short_All,NonRept_Positions_Long_All,NonRept_Positions_Short_All,Open_Interest_Old,Prod_Merc_Positions_Long_Old,Prod_Merc_Positions_Short_Old,Swap_Positions_Long_Old,Swap_Positions_Short_Old,Swap_Positions_Spread_Old,M_Money_Positions_Long_Old,M_Money_Positions_Short_Old,M_Money_Positions_Spread_Old,Other_Rept_Positions_Long_Old,Other_Rept_Positions_Short_Old,Other_Rept_Positions_Spread_Old,Tot_Rept_Positions_Long_Old,Tot_Rept_Positions_Short_Old,NonRept_Positions_Long_Old,NonRept_Positions_Short_Old,Open_Interest_Other,Prod_Merc_Positions_Long_Other,Prod_Merc_Positions_Short_Other,Swap_Positions_Long_Other,Swap_Positions_Short_Other,Swap_Positions_Spread_Other,M_Money_Positions_Long_Other,M_Money_Positions_Short_Other,M_Money_Positions_Spread_Other,Other_Rept_Positions_Long_Other,Other_Rept_Positions_Short_Other,Other_Rept_Positions_Spread_Othr,Tot_Rept_Positions_Long_Other,Tot_Rept_Positions_Short_Other,NonRept_Positions_Long_Other,NonRept_Positions_Short_Other,Change_in_Open_Interest_All,Change_in_Prod_Merc_Long_All,Change_in_Prod_Merc_Short_All,Change_in_Swap_Long_All,Change_in_Swap_Short_All,Change_in_Swap_Spread_All,Change_in_M_Money_Long_All,Change_in_M_Money_Short_All,Change_in_M_Money_Spread_All,Change_in_Other_Rept_Long_All,Change_in_Other_Rept_Short_All,Change_in_Other_Rept_Spread_All,Change_in_Tot_Rept_Long_All,Change_in_Tot_Rept_Short_All,Change_in_NonRept_Long_All,Change_in_NonRept_Short_All,Pct_of_Open_Interest_All,Pct_of_OI_Prod_Merc_Long_All,Pct_of_OI_Prod_Merc_Short_All,Pct_of_OI_Swap_Long_All,Pct_of_OI_Swap_Short_All,Pct_of_OI_Swap_Spread_All,Pct_of_OI_M_Money_Long_All,Pct_of_OI_M_Money_Short_All,Pct_of_OI_M_Money_Spread_All,Pct_of_OI_Other_Rept_Long_All,Pct_of_OI_Other_Rept_Short_All,Pct_of_OI_Other_Rept_Spread_All,Pct_of_OI_Tot_Rept_Long_All,Pct_of_OI_Tot_Rept_Short_All,Pct_of_OI_NonRept_Long_All,Pct_of_OI_NonRept_Short_All,Pct_of_Open_Interest_Old,Pct_of_OI_Prod_Merc_Long_Old,Pct_of_OI_Prod_Merc_Short_Old,Pct_of_OI_Swap_Long_Old,Pct_of_OI_Swap_Short_Old,Pct_of_OI_Swap_Spread_Old,Pct_of_OI_M_Money_Long_Old,Pct_of_OI_M_Money_Short_Old,Pct_of_OI_M_Money_Spread_Old,Pct_of_OI_Other_Rept_Long_Old,Pct_of_OI_Other_Rept_Short_Old,Pct_of_OI_Other_Rept_Spread_Old,Pct_of_OI_Tot_Rept_Long_Old,Pct_of_OI_Tot_Rept_Short_Old,Pct_of_OI_NonRept_Long_Old,Pct_of_OI_NonRept_Short_Old,Pct_of_Open_Interest_Other,Pct_of_OI_Prod_Merc_Long_Other,Pct_of_OI_Prod_Merc_Short_Other,Pct_of_OI_Swap_Long_Other,Pct_of_OI_Swap_Short_Other,Pct_of_OI_Swap_Spread_Other,Pct_of_OI_M_Money_Long_Other,Pct_of_OI_M_Money_Short_Other,Pct_of_OI_M_Money_Spread_Other,Pct_of_OI_Other_Rept_Long_Other,Pct_of_OI_Other_Rept_Short_Other,Pct_of_OI_Other_Rept_Spread_Othr,Pct_of_OI_Tot_Rept_Long_Other,Pct_of_OI_Tot_Rept_Short_Other,Pct_of_OI_NonRept_Long_Other,Pct_of_OI_NonRept_Short_Other,Traders_Tot_All,Traders_Prod_Merc_Long_All,Traders_Prod_Merc_Short_All,Traders_Swap_Long_All,Traders_Swap_Short_All,Traders_Swap_Spread_All,Traders_M_Money_Long_All,Traders_M_Money_Short_All,Traders_M_Money_Spread_All,Traders_Other_Rept_Long_All,Traders_Other_Rept_Short_All,Traders_Other_Rept_Spread_All,Traders_Tot_Rept_Long_All,Traders_Tot_Rept_Short_All,Traders_Tot_Old,Traders_Prod_Merc_Long_Old,Traders_Prod_Merc_Short_Old,Traders_Swap_Long_Old,Traders_Swap_Short_Old,Traders_Swap_Spread_Old,Traders_M_Money_Long_Old,Traders_M_Money_Short_Old,Traders_M_Money_Spread_Old,Traders_Other_Rept_Long_Old,Traders_Other_Rept_Short_Old,Traders_Other_Rept_Spread_Old,Traders_Tot_Rept_Long_Old,Traders_Tot_Rept_Short_Old,Traders_Tot_Other,Traders_Prod_Merc_Long_Other,Traders_Prod_Merc_Short_Other,Traders_Swap_Long_Other,Traders_Swap_Short_Other,Traders_Swap_Spread_Other,Traders_M_Money_Long_Other,Traders_M_Money_Short_Other,Traders_M_Money_Spread_Other,Traders_Other_Rept_Long_Other,Traders_Other_Rept_Short_Other,Traders_Other_Rept_Spread_Other,Traders_Tot_Rept_Long_Other,Traders_Tot_Rept_Short_Other,Conc_Gross_LE_4_TDR_Long_All,Conc_Gross_LE_4_TDR_Short_All,Conc_Gross_LE_8_TDR_Long_All,Conc_Gross_LE_8_TDR_Short_All,Conc_Net_LE_4_TDR_Long_All,Conc_Net_LE_4_TDR_Short_All,Conc_Net_LE_8_TDR_Long_All,Conc_Net_LE_8_TDR_Short_All,Conc_Gross_LE_4_TDR_Long_Old,Conc_Gross_LE_4_TDR_Short_Old,Conc_Gross_LE_8_TDR_Long_Old,Conc_Gross_LE_8_TDR_Short_Old,Conc_Net_LE_4_TDR_Long_Old,Conc_Net_LE_4_TDR_Short_Old,Conc_Net_LE_8_TDR_Long_Old,Conc_Net_LE_8_TDR_Short_Old,Conc_Gross_LE_4_TDR_Long_Other,Conc_Gross_LE_4_TDR_Short_Other,Conc_Gross_LE_8_TDR_Long_Other,Conc_Gross_LE_8_TDR_Short_Other,Conc_Net_LE_4_TDR_Long_Other,Conc_Net_LE_4_TDR_Short_Other,Conc_Net_LE_8_TDR_Long_Other,Conc_Net_LE_8_TDR_Short_Other,Contract_Units,CFTC_SubGroup_Code,FutOnly_or_Combined
raw_cot_data/disaggregated_futures_only/fut_disagg_xls_2020/f_year.xls,disaggregated_futures_only,fut_disagg_xls_2020,COFFEE C - ICE FUTURES U.S.,201229,2020-12-29,083731,ICUS,1,83,258174,86049,151211,45818,27171,4912,38894,19256,23965,23268,2226,22760,245666,251501,12508,6673,220096,67957,123427,40250,25160,2742,38833,22814,19819,24181,5134,15028,208810,214124,11286,5972,38078,18092,27784,6715,3158,1023,3949,330,258,5091,3096,1728,36856,37377,1222,701,1757.0,-2361.0,-1223.0,-281.0,23.0,119.0,1562.0,516.0,52.0,1234.0,375.0,1460.0,1785.0,1322.0,-28.0,435.0,100,33.3,58.6,17.7,10.5,1.9,15.1,7.5,9.3,9.0,0.9,8.8,95.2,97.4,4.8,2.6,100,30.9,56.1,18.3,11.4,1.2,17.6,10.4,9.0,11.0,2.3,6.8,94.9,97.3,5.1,2.7,100,47.5,73.0,17.6,8.3,2.7,10.4,0.9,0.7,13.4,8.1,4.5,96.8,98.2,3.2,1.8,406,101.0,91.0,23.0,15.0,16.0,69.0,43.0,52.0,99.0,21.0,55.0,351,250,405.0,97.0,89.0,24.0,14.0,13.0,69.0,46.0,48.0,93.0,28.0,53.0,343.0,242.0,147.0,59.0,50.0,10.0,9.0,8.0,10.0,7.0,,25.0,,7.0,108.0,81.0,17.9,27.2,26.1,39.2,10.1,18.3,15.0,26.9,17.2,26.9,26.1,39.0,11.1,19.0,16.9,28.3,42.1,40.9,55.5,57.7,37.7,40.8,50.5,55.3,"(CONTRACTS OF 37,500 POUNDS)",A50,FutOnly
raw_cot_data/disaggregated_futures_only/fut_disagg_xls_2020/f_year.xls,disaggregated_futures_only,fut_disagg_xls_2020,COFFEE C - ICE FUTURES U.S.,201221,2020-12-21,083731,ICUS,1,83,256417,88410,152434,46099,27148,4793,37332,18740,23913,22034,1851,21300,243881,250179,12536,6238,219439,71049,125107,40629,25410,2496,37236,21777,20157,22635,4955,13943,208145,213845,11294,5594,36978,17361,27327,6721,2989,1046,3610,477,242,5296,2793,1460,35736,36334,1242,644,1164.0,-1077.0,1645.0,40.0,122.0,-611.0,1590.0,-402.0,-21.0,666.0,-12.0,853.0,1440.0,1574.0,-276.0,-410.0,100,34.5,59.4,18.0,10.6,1.9,14.6,7.3,9.3,8.6,0.7,8.3,95.1,97.6,4.9,2.4,100,32.4,57.0,18.5,11.6,1.1,17.0,9.9,9.2,10.3,2.3,6.4,94.9,97.5,5.1,2.5,100,46.9,73.9,18.2,8.1,2.8,9.8,1.3,0.7,14.3,7.6,3.9,96.6,98.3,3.4,1.7,395,100.0,89.0,25.0,14.0,18.0,65.0,41.0,50.0,93.0,20.0,50.0,338,245,394.0,96.0,86.0,25.0,14.0,14.0,65.0,44.0,46.0,87.0,27.0,48.0,329.0,236.0,143.0,58.0,50.0,10.0,9.0,8.0,9.0,6.0,,23.0,4.0,6.0,105.0,80.0,19.2,28.4,27.3,40.5,10.2,18.4,15.1,27.1,17.9,28.3,27.0,40.4,11.2,19.3,16.9,28.4,43.2,41.2,57.0,58.8,39.4,41.1,52.5,56.3,"(CONTRACTS OF 37,500 POUNDS)",A50,FutOnly
raw_cot_data/disaggregated_futures_only/fut_disagg_xls_2020/f_year.xls,disaggregated_futures_only,fut_disagg_xls_2020,COFFEE C - ICE FUTURES U.S.,201215,2020-12-15,083731,ICUS,1,83,255253,89487,150789,46059,27026,5404,35742,19142,23934,21368,1863,20447,242441,248605,12812,6648,218170,72116,123294,40248,25094,3318,35897,22327,19831,21796,4982,13209,206415,212055,11755,6115,37083,17371,27495,6906,3027,991,3676,646,272,5304,2613,1506,36026,36550,1057,533,-1265.0,-2631.0,-2074.0,-1282.0,1697.0,-490.0,1693.0,-2659.0,-129.0,216.0,-18.0,2203.0,-420.0,-1470.0,-845.0,205.0,100,35.1,59.1,18.0,10.6,2.1,14.0,7.5,9.4,8.4,0.7,8.0,95.0,97.4,5.0,2.6,100,33.1,56.5,18.4,11.5,1.5,16.5,10.2,9.1,10.0,2.3,6.1,94.6,97.2,5.4,2.8,100,46.8,74.1,18.6,8.2,2.7,9.9,1.7,0.7,14.3,7.0,4.1,97.1,98.6,2.9,1.4,405,102.0,93.0,25.0,14.0,18.0,64.0,46.0,51.0,96.0,23.0,53.0,349,251,403.0,97.0,90.0,25.0,14.0,14.0,65.0,48.0,47.0,91.0,28.0,51.0,338.0,242.0,144.0,59.0,50.0,10.0,9.0,8.0,10.0,5.0,,22.0,5.0,6.0,106.0,80.0,19.3,28.3,27.6,40.3,10.3,18.2,15.3,26.8,18.1,28.0,27.4,40.0,11.0,19.2,16.9,27.9,43.0,41.7,56.6,59.5,39.8,41.7,52.8,57.0,"(CONTRACTS OF 37,500 POUNDS)",A50,FutOnly
raw_cot_data/disaggregated_futures_only/fut_disagg_xls_2020/f_year.xls,disaggregated_futures_only,fut_disagg_xls_2020,COFFEE C - ICE FUTURES U.S.,201208,2020-12-08,083731,ICUS,1,83,256518,92118,152863,47341,25329,5894,34049,21801,24063,21152,1881,18244,242861,250075,13657,6443,219884,74958,125716,41037,23438,3901,34170,24785,20113,21683,4609,11494,207356,214056,12528,5828,36634,17160,27147,7268,2855,1029,3608,745,221,4751,2554,1468,35505,36019,1129,615,-4422.0,-1568.0,-3025.0,-1323.0,-400.0,-1222.0,-1836.0,-971.0,1032.0,10.0,-109.0,170.0,-4737.0,-4525.0,315.0,103.0,100,35.9,59.6,18.5,9.9,2.3,13.3,8.5,9.4,8.2,0.7,7.1,94.7,97.5,5.3,2.5,100,34.1,57.2,18.7,10.7,1.8,15.5,11.3,9.1,9.9,2.1,5.2,94.3,97.3,5.7,2.7,100,46.8,74.1,19.8,7.8,2.8,9.8,2.0,0.6,13.0,7.0,4.0,96.9,98.3,3.1,1.7,396,103.0,93.0,25.0,13.0,18.0,57.0,47.0,49.0,100.0,22.0,42.0,338,242,394.0,98.0,88.0,25.0,13.0,14.0,58.0,49.0,46.0,95.0,26.0,40.0,328.0,231.0,145.0,60.0,47.0,9.0,8.0,8.0,9.0,6.0,,25.0,5.0,7.0,109.0,76.0,20.4,27.8,28.9,39.1,10.5,17.5,15.4,26.2,19.8,27.1,29.2,38.8,11.4,18.4,17.5,27.3,43.2,41.9,56.7,59.9,40.4,41.8,53.6,57.3,"(CONTRACTS OF 37,500 POUNDS)",A50,FutOnly
raw_cot_data/disaggregated_futures_only/fut_disagg_xls_2020/f_year.xls,disaggregated_futures_only,fut_disagg_xls_2020,COFFEE C - ICE FUTURES U.S.,201201,2020-12-01,083731,ICUS,1,83,260940,93686,155888,48664,25729,7116,35885,22772,23031,21142,1990,18074,247598,254600,13342,6340,225082,76602,128900,42299,23571,5383,35980,25669,19441,21493,4795,11569,212767,219328,12315,5754,35858,17084,26988,7032,2825,1066,3376,574,119,4681,2227,1473,34831,35272,1027,586,7372.0,-544.0,2520.0,1428.0,126.0,1091.0,-1173.0,294.0,3846.0,2491.0,-625.0,24.0,7163.0,7276.0,209.0,96.0,100,35.9,59.7,18.6,9.9,2.7,13.8,8.7,8.8,8.1,0.8,6.9,94.9,97.6,5.1,2.4,100,34.0,57.3,18.8,10.5,2.4,16.0,11.4,8.6,9.5,2.1,5.1,94.5,97.4,5.5,2.6,100,47.6,75.3,19.6,7.9,3.0,9.4,1.6,0.3,13.1,6.2,4.1,97.1,98.4,2.9,1.6,407,104.0,90.0,25.0,14.0,17.0,63.0,49.0,54.0,103.0,23.0,44.0,348,249,405.0,99.0,84.0,25.0,14.0,14.0,64.0,51.0,51.0,98.0,27.0,42.0,338.0,238.0,146.0,57.0,49.0,10.0,9.0,8.0,9.0,6.0,,22.0,7.0,7.0,106.0,80.0,20.4,28.0,28.7,39.2,10.7,17.3,15.8,26.1,19.6,27.2,28.3,38.5,11.4,18.3,17.5,27.0,43.7,42.0,56.7,60.4,41.0,41.8,53.6,57.6,"(CONTRACTS OF 37,500 POUNDS)",A50,FutOnly
raw_cot_data/disaggregated_futures_only/fut_disagg_xls_2020/f_year.xls,disaggregated_futures_only,fut_disagg_xls_2020,COFFEE C - ICE FUTURES U.S.,201124,2020-11-24,083731,ICUS,1,83,253568,94230,153368,47236,25603,6025,37058,22478,19185,18651,2615,18050,240435,247324,13133,6244,218789,77406,126627,41608,23463,4363,37062,24806,16172,18190,5850,11789,206590,213070,12199,5719,34779,16824,26741,6191,2703,1099,2894,570,115,5240,1544,1482,33845,34254,934,525,-2404.0,-4759.0,2108.0,-1597.0,-639.0,-80.0,2656.0,-4507.0,2883.0,-267.0,-813.0,-1139.0,-2303.0,-2187.0,-101.0,-217.0,100,37.2,60.5,18.6,10.1,2.4,14.6,8.9,7.6,7.4,1.0,7.1,94.8,97.5,5.2,2.5,100,35.4,57.9,19.0,10.7,2.0,16.9,11.3,7.4,8.3,2.7,5.4,94.4,97.4,5.6,2.6,100,48.4,76.9,17.8,7.8,3.2,8.3,1.6,0.3,15.1,4.4,4.3,97.3,98.5,2.7,1.5,390,101.0,87.0,24.0,15.0,15.0,59.0,49.0,48.0,90.0,23.0,42.0,328,237,388.0,98.0,82.0,24.0,15.0,14.0,59.0,50.0,45.0,85.0,28.0,38.0,318.0,229.0,137.0,57.0,48.0,10.0,8.0,7.0,7.0,4.0,,22.0,4.0,7.0,101.0,74.0,20.2,28.1,28.1,39.7,10.5,17.4,16.0,26.6,19.6,27.1,28.0,38.6,11.6,18.6,17.9,27.3,42.5,42.7,55.8,60.4,40.1,42.1,52.9,57.3,"(CONTRACTS OF 37,500 POUNDS)",A50,FutOnly
raw_cot_data/disaggregated_futures_only/fut_disagg_xls_2020/f_year.xls,disaggregated_futures_only,fut_disagg_xls_2020,COFFEE C - ICE FUTURES U.S.,201117,2020-11-17,083731,ICUS,1,83,255972,98989,151260,48833,26242,6105,34402,26985,16302,18918,3428,19189,242738,249511,13234,6461,221516,81908,124770,43188,23915,4416,34619,29224,13239,18653,6768,13196,209219,215528,12297,5988,34456,17081,26490,6175,2857,1159,2782,760,64,4780,1175,1478,33519,33983,937,473,-26380.0,-3003.0,-692.0,2551.0,-1184.0,-2602.0,-534.0,-8304.0,-7153.0,-8112.0,757.0,-4272.0,-23125.0,-23450.0,-3255.0,-2930.0,100,38.7,59.1,19.1,10.3,2.4,13.4,10.5,6.4,7.4,1.3,7.5,94.8,97.5,5.2,2.5,100,37.0,56.3,19.5,10.8,2.0,15.6,13.2,6.0,8.4,3.1,6.0,94.4,97.3,5.6,2.7,100,49.6,76.9,17.9,8.3,3.4,8.1,2.2,0.2,13.9,3.4,4.3,97.3,98.6,2.7,1.4,398,104.0,92.0,23.0,16.0,15.0,70.0,41.0,52.0,78.0,32.0,41.0,337,243,396.0,98.0,89.0,23.0,16.0,14.0,70.0,44.0,47.0,75.0,34.0,38.0,323.0,237.0,138.0,58.0,48.0,10.0,9.0,7.0,9.0,4.0,,20.0,5.0,6.0,104.0,73.0,21.0,26.6,29.1,38.5,11.3,17.1,17.5,24.8,19.9,26.0,29.1,37.2,12.3,17.1,19.8,25.7,42.7,42.5,55.9,59.9,40.4,41.9,53.4,56.9,"(CONTRACTS OF 37,500 POUNDS)",A50,FutOnly
raw_cot_data/disaggregated_futures_only/fut_disagg_xls_2020/f_year.xls,disaggregated_futures_only,fut_disagg_xls_2020,COFFEE C - ICE FUTURES U.S.,201110,2020-11-10,083731,ICUS,1,83,282352,101992,151952,46282,27426,8707,34936,35289,23455,27030,2671,23461,265863,272961,16489,9391,248488,85054,126453,42430,25754,6755,35674,38223,19197,25733,5206,18009,232852,239597,15636,8891,33864,16938,25499,4656,2476,1148,3486,1290,34,4750,918,1999,33011,33364,853,500,-3280.0,1727.0,3717.0,2706.0,-2442.0,-1382.0,174.0,3978.0,-5535.0,23.0,234.0,-1323.0,-3610.0,-2753.0,330.0,-527.0,100,36.1,53.8,16.4,9.7,3.1,12.4,12.5,8.3,9.6,0.9,8.3,94.2,96.7,5.8,3.3,100,34.2,50.9,17.1,10.4,2.7,14.4,15.4,7.7,10.4,2.1,7.2,93.7,96.4,6.3,3.6,100,50.0,75.3,13.7,7.3,3.4,10.3,3.8,0.1,14.0,2.7,5.9,97.5,98.5,2.5,1.5,394,105.0,90.0,24.0,17.0,17.0,55.0,57.0,54.0,78.0,28.0,48.0,332,257,392.0,100.0,89.0,24.0,17.0,16.0,55.0,59.0,51.0,75.0,30.0,46.0,322.0,253.0,138.0,59.0,46.0,11.0,7.0,7.0,7.0,7.0,,18.0,6.0,7.0,103.0,74.0,19.2,22.8,28.6,34.6,10.4,15.2,17.1,22.6,18.5,21.6,28.7,32.8,11.6,13.5,19.1,21.3,42.1,43.1,54.3,61.6,40.7,42.6,52.6,56.4,"(CONTRACTS OF 37,500 POUNDS)",A50,FutOnly
raw_cot_data/disaggregated_futures_only/fut_disagg_xls_2020/f_year.xls,disaggregated_futures_only,fut_disagg_xls_2020,COFFEE C - ICE FUTURES U.S.,201103,2020-11-03,083731,ICUS,1,83,285632,100265,148235,43576,29868,10089,34762,31311,28990,27007,2437,24784,269473,275714,16159,9918,253063,84422,123153,39851,29166,8138,35914,34184,24338,25706,5304,19301,237670,243584,15393,9479,32569,15843,25082,4544,1521,1132,3479,1758,21,4892,724,1892,31803,32130,766,439,9148.0,6111.0,-694.0,335.0,218.0,1536.0,-2305.0,4850.0,675.0,-502.0,-257.0,2655.0,8505.0,8983.0,643.0,165.0,100,35.1,51.9,15.3,10.5,3.5,12.2,11.0,10.1,9.5,0.9,8.7,94.3,96.5,5.7,3.5,100,33.4,48.7,15.7,11.5,3.2,14.2,13.5,9.6,10.2,2.1,7.6,93.9,96.3,6.1,3.7,100,48.6,77.0,14.0,4.7,3.5,10.7,5.4,0.1,15.0,2.2,5.8,97.6,98.7,2.4,1.3,398,108.0,88.0,25.0,15.0,16.0,56.0,57.0,56.0,84.0,24.0,49.0,339,256,396.0,106.0,86.0,24.0,16.0,16.0,56.0,59.0,53.0,80.0,28.0,47.0,332.0,252.0,137.0,60.0,45.0,10.0,7.0,6.0,8.0,,,20.0,7.0,10.0,109.0,70.0,18.5,22.0,27.2,33.7,10.2,15.1,16.6,22.3,17.8,20.7,27.4,31.7,11.2,12.9,18.4,20.7,41.3,44.7,53.9,61.1,40.1,44.2,52.2,58.2,"(CONTRACTS OF 37,500 POUNDS)",A50,FutOnly
raw_cot_data/disaggregated_futures_only/fut_disagg_xls_2020/f_year.xls,disaggregated_futures_only,fut_disagg_xls_2020,COFFEE C - ICE FUTURES U.S.,201027,2020-10-27,083731,ICUS,1,83,276484,94154,148929,43241,29650,8553,37067,26461,28315,27509,2694,22129,260968,266731,15516,9753,243776,78245,124024,39502,28977,6561,38742,29339,23082,26054,5677,16811,228997,234471,14779,9305,32708,15909,24905,4602,1536,1129,3537,2334,21,4971,533,1802,31971,32260,737,448,2857.0,3983.0,-732.0,1299.0,1034.0,141.0,-4571.0,3363.0,89.0,2736.0,89.0,-1247.0,2430.0,2737.0,427.0,120.0,100,34.1,53.9,15.6,10.7,3.1,13.4,9.6,10.2,9.9,1.0,8.0,94.4,96.5,5.6,3.5,100,32.1,50.9,16.2,11.9,2.7,15.9,12.0,9.5,10.7,2.3,6.9,93.9,96.2,6.1,3.8,100,48.6,76.1,14.1,4.7,3.5,10.8,7.1,0.1,15.2,1.6,5.5,97.7,98.6,2.3,1.4,398,106.0,92.0,25.0,16.0,15.0,61.0,51.0,56.0,80.0,27.0,48.0,336,259,396.0,103.0,89.0,24.0,17.0,15.0,60.0,54.0,53.0,78.0,29.0,44.0,327.0,253.0,136.0,60.0,45.0,10.0,8.0,6.0,8.0,4.0,,18.0,6.0,10.0,106.0,72.0,18.4,22.5,27.6,34.4,10.3,15.7,16.5,23.2,17.7,21.3,27.8,32.4,11.4,13.9,18.3,22.1,41.7,44.6,54.8,61.9,40.6,44.1,53.0,59.7,"(CONTRACTS OF 37,500 POUNDS)",A50,FutOnly
raw_cot_data/disaggregated_futures_only/fut_disagg_xls_2020/f_year.xls,disaggregated_futures_only,fut_disagg_xls_2020,COFFEE C - ICE FUTURES U.S.,201020,2020-10-20,083731,ICUS,1,83,273627,90171,149661,41942,28616,8412,41638,23098,28226,24773,2605,23376,258538,263994,15089,9633,241429,74336,125212,38843,28050,6272,43326,26007,22859,23293,5603,18239,227168,232242,14261,9187,32198,15835,24449,4097,1564,1142,3665,2444,14,4905,427,1712,31370,31752,828,446,-17.0,4155.0,-2155.0,-1379.0,-364.0,11.0,-2498.0,4693.0,-332.0,946.0,-727.0,-1920.0,-1017.0,-794.0,1000.0,777.0,100,33.0,54.7,15.3,10.5,3.1,15.2,8.4,10.3,9.1,1.0,8.5,94.5,96.5,5.5,3.5,100,30.8,51.9,16.1,11.6,2.6,17.9,10.8,9.5,9.6,2.3,7.6,94.1,96.2,5.9,3.8,100,49.2,75.9,12.7,4.9,3.5,11.4,7.6,0.0,15.2,1.3,5.3,97.4,98.6,2.6,1.4,396,103.0,89.0,25.0,16.0,17.0,68.0,42.0,51.0,81.0,26.0,52.0,339,251,394.0,100.0,86.0,24.0,17.0,16.0,67.0,45.0,48.0,80.0,28.0,49.0,330.0,245.0,134.0,58.0,44.0,9.0,8.0,6.0,8.0,4.0,,18.0,8.0,9.0,102.0,72.0,17.3,22.6,26.7,34.7,9.5,15.5,15.6,23.1,17.0,21.4,26.9,32.9,10.4,14.2,17.6,22.3,41.9,45.1,53.6,63.0,40.8,44.8,51.9,61.1,"(CONTRACTS OF 37,500 POUNDS)",A50,FutOnly
raw_cot_data/disaggregated_futures_only/fut_disagg_xls_2020/f_year.xls,disaggregated_futures_only,fut_disagg_xls_2020,COFFEE C - ICE FUTURES U.S.,201013,2020-10-13,083731,ICUS,1,83,273644,86016,151816,43321,28980,8401,44136,18405,28558,23827,3332,25296,259555,264788,14089,8856,241705,70020,128105,40339,28344,6339,45728,20993,23414,22743,6229,19874,228457,233298,13248,8407,31939,15996,23711,4027,1681,1017,3532,2536,20,4845,864,1661,31098,31490,841,449,-4920.0,2196.0,212.0,447.0,1625.0,-468.0,-1602.0,457.0,-5972.0,624.0,-156.0,440.0,-4335.0,-3862.0,-585.0,-1058.0,100,31.4,55.5,15.8,10.6,3.1,16.1,6.7,10.4,8.7,1.2,9.2,94.9,96.8,5.1,3.2,100,29.0,53.0,16.7,11.7,2.6,18.9,8.7,9.7,9.4,2.6,8.2,94.5,96.5,5.5,3.5,100,50.1,74.2,12.6,5.3,3.2,11.1,7.9,0.1,15.2,2.7,5.2,97.4,98.6,2.6,1.4,387,100.0,93.0,26.0,15.0,17.0,67.0,40.0,47.0,75.0,26.0,50.0,325,249,385.0,97.0,91.0,25.0,16.0,16.0,66.0,43.0,44.0,74.0,26.0,47.0,316.0,244.0,135.0,56.0,46.0,9.0,7.0,6.0,8.0,4.0,,18.0,9.0,9.0,101.0,73.0,17.1,23.1,26.4,35.3,9.5,15.7,15.7,23.3,16.8,21.6,26.6,33.6,10.1,15.0,17.4,23.2,41.3,45.2,52.8,64.2,40.1,45.2,51.2,61.8,"(CONTRACTS OF 37,500 POUNDS)",A50,FutOnly
raw_cot_data/disaggregated_futures_only/fut_disagg_xls_2020/f_year.xls,disaggregated_futures_only,fut_disagg_xls_2020,COFFEE C - ICE FUTURES U.S.,201006,2020-10-06,083731,ICUS,1,83,278564,83820,151604,42874,27355,8869,45738,17948,34530,23203,3488,24856,263890,268650,14674,9914,247243,68037,128083,40139,26980,6570,47758,20343,29281,21598,6507,20075,233458,237839,13785,9404,31321,15783,23521,3985,1625,1049,3229,2854,0,4925,301,1461,30432,30811,889,510,347.0,5869.0,-1476.0,377.0,305.0,876.0,-3685.0,3329.0,-2336.0,478.0,890.0,-1454.0,125.0,134.0,222.0,213.0,100,30.1,54.4,15.4,9.8,3.2,16.4,6.4,12.4,8.3,1.3,8.9,94.7,96.4,5.3,3.6,100,27.5,51.8,16.2,10.9,2.7,19.3,8.2,11.8,8.7,2.6,8.1,94.4,96.2,5.6,3.8,100,50.4,75.1,12.7,5.2,3.3,10.3,9.1,0.0,15.7,1.0,4.7,97.2,98.4,2.8,1.6,388,101.0,92.0,23.0,17.0,15.0,69.0,43.0,54.0,73.0,27.0,47.0,326,252,386.0,99.0,91.0,23.0,17.0,14.0,67.0,48.0,51.0,69.0,31.0,43.0,317.0,248.0,136.0,57.0,47.0,9.0,7.0,6.0,10.0,,0.0,19.0,6.0,8.0,101.0,72.0,16.4,22.3,26.3,34.3,9.4,15.1,15.4,22.6,16.1,20.8,26.5,32.6,9.9,14.5,16.6,22.5,41.7,47.3,53.3,66.1,40.5,47.3,51.5,64.1,"(CONTRACTS OF 37,500 POUNDS)",A50,FutOnly
raw_cot_data/disaggregated_futures_only/fut_disagg_xls_2020/f_year.xls,disaggregated_futures_only,fut_disagg_xls_2020,COFFEE C - ICE FUTURES U.S.,200929,2020-09-29,083731,ICUS,1,83,278217,77951,153080,42497,27050,7993,49423,14619,36866,22725,2598,26310,263765,268516,14452,9701,247092,62617,129686,40421,26624,5747,51270,17035,31772,21266,6639,20370,233463,237873,13629,9219,31125,15334,23394,3315,1665,1007,3238,2669,9,5772,272,1627,30302,30643,823,482,2617.0,4728.0,-4252.0,256.0,3136.0,-154.0,-5701.0,2887.0,416.0,1956.0,178.0,549.0,2050.0,2760.0,567.0,-143.0,100,28.0,55.0,15.3,9.7,2.9,17.8,5.3,13.3,8.2,0.9,9.5,94.8,96.5,5.2,3.5,100,25.3,52.5,16.4,10.8,2.3,20.7,6.9,12.9,8.6,2.7,8.2,94.5,96.3,5.5,3.7,100,49.3,75.2,10.7,5.3,3.2,10.4,8.6,0.0,18.5,0.9,5.2,97.4,98.5,2.6,1.5,403,102.0,95.0,24.0,16.0,15.0,74.0,36.0,54.0,77.0,25.0,59.0,344,262,403.0,98.0,94.0,24.0,16.0,14.0,73.0,40.0,51.0,76.0,29.0,55.0,335.0,258.0,136.0,58.0,48.0,9.0,7.0,6.0,9.0,4.0,,19.0,6.0,11.0,103.0,77.0,15.1,21.7,25.0,34.0,9.3,15.0,15.7,23.5,15.2,20.4,25.3,32.6,10.0,15.0,17.1,23.2,43.8,47.0,56.4,65.4,41.8,47.0,52.6,63.7,"(CONTRACTS OF 37,500 POUNDS)",A50,FutOnly
raw_cot_data/disaggregated_futures_only/fut_disagg_xls_2020/f_year.xls,disaggregated_futures_only,fut_disagg_xls_2020,COFFEE C - ICE FUTURES U.S.,200922,2020-09-22,083731,ICUS,1,83,275600,73223,157332,42241,23914,8147,55124,11732,36450,20769,2420,25761,261715,265756,13885,9844,245486,58188,134141,40254,23260,6007,56017,13961,32494,19413,6222,20071,232444,236156,13042,9330,30114,15035,23191,3168,1835,959,3040,1704,23,5426,268,1620,29271,29600,843,514,4891.0,11222.0,5055.0,-234.0,752.0,-1594.0,-7088.0,706.0,2168.0,1408.0,-1788.0,-1756.0,4126.0,3543.0,765.0,1348.0,100,26.6,57.1,15.3,8.7,3.0,20.0,4.3,13.2,7.5,0.9,9.3,95.0,96.4,5.0,3.6,100,23.7,54.6,16.4,9.5,2.4,22.8,5.7,13.2,7.9,2.5,8.2,94.7,96.2,5.3,3.8,100,49.9,77.0,10.5,6.1,3.2,10.1,5.7,0.1,18.0,0.9,5.4,97.2,98.3,2.8,1.7,403,101.0,100.0,23.0,18.0,13.0,76.0,37.0,51.0,71.0,26.0,55.0,338,261,402.0,99.0,99.0,23.0,18.0,13.0,75.0,42.0,48.0,70.0,29.0,52.0,332.0,257.0,132.0,56.0,48.0,9.0,7.0,5.0,8.0,4.0,,18.0,6.0,8.0,96.0,75.0,15.2,22.1,24.6,35.5,9.6,15.6,15.9,24.5,14.8,21.9,24.7,34.5,10.4,15.3,17.3,23.9,45.2,47.3,57.2,64.5,43.3,46.9,54.1,62.7,"(CONTRACTS OF 37,500 POUNDS)",A50,FutOnly
raw_cot_data/disaggregated_futures_only/fut_disagg_xls_2020/f_year.xls,disaggregated_futures_only,fut_disagg_xls_2020,COFFEE C - ICE FUTURES U.S.,200915,2020-09-15,083731,ICUS,1,83,270709,62001,152277,42475,23162,9741,62212,11026,34282,19361,4208,27517,257589,262213,13120,8496,240635,46971,129247,40619,22530,7510,63076,13218,30356,18378,8304,21472,228382,232637,12253,7998,30074,15030,23030,3085,1861,1002,3054,1726,8,5335,256,1693,29207,29576,867,498,5272.0,-4289.0,-3862.0,-341.0,1351.0,1131.0,2532.0,-127.0,3983.0,-532.0,766.0,2636.0,5120.0,5878.0,152.0,-606.0,100,22.9,56.3,15.7,8.6,3.6,23.0,4.1,12.7,7.2,1.6,10.2,95.2,96.9,4.8,3.1,100,19.5,53.7,16.9,9.4,3.1,26.2,5.5,12.6,7.6,3.5,8.9,94.9,96.7,5.1,3.3,100,50.0,76.6,10.3,6.2,3.3,10.2,5.7,0.0,17.7,0.9,5.6,97.1,98.3,2.9,1.7,404,97.0,102.0,21.0,18.0,15.0,87.0,31.0,52.0,64.0,34.0,58.0,335,269,404.0,93.0,101.0,21.0,18.0,15.0,84.0,37.0,48.0,64.0,36.0,57.0,327.0,267.0,134.0,53.0,48.0,9.0,7.0,5.0,8.0,5.0,,19.0,6.0,10.0,96.0,77.0,13.6,21.3,23.2,33.3,10.0,15.8,16.8,25.2,14.3,20.2,23.8,31.9,10.8,15.6,18.4,24.6,45.4,47.4,57.7,64.0,43.1,46.9,53.6,62.3,"(CONTRACTS OF 37,500 POUNDS)",A50,FutOnly
raw_cot_data/disaggregated_futures_only/fut_disagg_xls_2020/f_year.xls,disaggregated_futures_only,fut_disagg_xls_2020,COFFEE C - ICE FUTURES U.S.,200908,2020-09-08,083731,ICUS,1,83,265437,66290,156139,42816,21811,8610,59680,11153,30299,19893,3442,24881,252469,256335,12968,9102,236272,51006,133904,40859,20970,6497,60276,12538,27471,18863,7090,19181,224153,227651,12119,8621,29165,15284,22235,3054,1938,1016,2232,1443,0,4982,304,1748,28316,28684,849,481,652.0,-2577.0,695.0,1216.0,1284.0,-974.0,3514.0,-2219.0,1373.0,-1194.0,-77.0,-526.0,832.0,-444.0,-180.0,1096.0,100,25.0,58.8,16.1,8.2,3.2,22.5,4.2,11.4,7.5,1.3,9.4,95.1,96.6,4.9,3.4,100,21.6,56.7,17.3,8.9,2.7,25.5,5.3,11.6,8.0,3.0,8.1,94.9,96.4,5.1,3.6,100,52.4,76.2,10.5,6.6,3.5,7.7,4.9,0.0,17.1,1.0,6.0,97.1,98.4,2.9,1.6,409,100.0,101.0,20.0,19.0,15.0,97.0,25.0,54.0,68.0,30.0,53.0,345,260,409.0,95.0,101.0,20.0,19.0,15.0,95.0,29.0,51.0,70.0,31.0,52.0,337.0,259.0,127.0,56.0,45.0,7.0,7.0,5.0,7.0,4.0,0.0,18.0,7.0,9.0,94.0,71.0,16.0,22.6,25.4,35.1,10.1,16.4,16.9,25.3,15.5,21.5,25.7,33.3,10.9,14.6,18.3,23.7,47.2,48.7,58.9,63.6,44.8,48.2,55.0,62.0,"(CONTRACTS OF 37,500 POUNDS)",A50,FutOnly
raw_cot_data/disaggregated_futures_only/fut_disagg_xls_2020/f_year.xls,disaggregated_futures_only,fut_disagg_xls_2020,COFFEE C - ICE FUTURES U.S.,200901,2020-09-01,083731,ICUS,1,83,264785,68867,155444,41600,20527,9584,56166,13372,28926,21087,3519,25407,251637,256779,13148,8006,236321,53710,134023,39507,19750,7436,56902,14664,26101,20370,6812,20021,224047,228807,12274,7514,28464,15157,21421,3175,1859,1066,2013,1457,76,4427,417,1676,27590,27972,874,492,5332.0,-3330.0,4981.0,247.0,2487.0,-174.0,6040.0,-1839.0,-258.0,1858.0,-156.0,1242.0,5625.0,6283.0,-293.0,-951.0,100,26.0,58.7,15.7,7.8,3.6,21.2,5.1,10.9,8.0,1.3,9.6,95.0,97.0,5.0,3.0,100,22.7,56.7,16.7,8.4,3.1,24.1,6.2,11.0,8.6,2.9,8.5,94.8,96.8,5.2,3.2,100,53.2,75.3,11.2,6.5,3.7,7.1,5.1,0.3,15.6,1.5,5.9,96.9,98.3,3.1,1.7,419,97.0,101.0,19.0,18.0,16.0,97.0,28.0,58.0,80.0,28.0,57.0,356,267,419.0,93.0,101.0,19.0,18.0,16.0,95.0,33.0,55.0,81.0,30.0,56.0,349.0,266.0,129.0,55.0,43.0,8.0,7.0,5.0,8.0,4.0,,19.0,7.0,7.0,94.0,70.0,16.7,22.2,26.8,35.5,9.8,16.1,16.4,24.7,16.3,21.9,27.1,34.3,10.5,14.0,17.7,23.1,48.1,47.5,59.3,63.1,45.9,47.1,55.7,61.3,"(CONTRACTS OF 37,500 POUNDS)",A50,FutOnly
raw_cot_data/disaggregated_futures_only/fut_disagg_xls_2020/f_year.xls,disaggregated_futures_only,fut_disagg_xls_2020,COFFEE C - ICE FUTURES U.S.,200825,2020-08-25,083731,ICUS,1,83,259453,72197,150463,41353,18040,9758,50126,15211,29184,19229,3675,24165,246012,250496,13441,8957,772,772,717,0,0,0,0,0,0,0,0,0,772,717,0,55,258681,71425,149746,41353,18040,9758,50126,15211,29184,19229,3675,24165,245240,249779,13441,8902,2.0,-5434.0,739.0,-234.0,651.0,477.0,4947.0,-2409.0,-337.0,102.0,50.0,1191.0,712.0,362.0,-710.0,-360.0,100,27.8,58.0,15.9,7.0,3.8,19.3,5.9,11.2,7.4,1.4,9.3,94.8,96.5,5.2,3.5,100,100.0,92.9,0.0,0.0,0.0,0.0,0.0,0.0,0.0,0.0,0.0,100.0,92.9,0.0,7.1,100,27.6,57.9,16.0,7.0,3.8,19.4,5.9,11.3,7.4,1.4,9.3,94.8,96.6,5.2,3.4,394,91.0,95.0,22.0,15.0,15.0,81.0,27.0,51.0,79.0,30.0,47.0,329,245,16.0,,14.0,0.0,0.0,0.0,0.0,0.0,0.0,0.0,0.0,0.0,,14.0,393.0,90.0,95.0,22.0,15.0,15.0,81.0,27.0,51.0,79.0,30.0,47.0,328.0,245.0,18.1,22.3,28.2,35.5,9.9,15.8,16.7,24.4,100.0,78.9,100.0,89.8,97.8,78.9,97.8,88.7,18.0,22.2,28.1,35.4,9.9,15.9,16.7,24.2,"(CONTRACTS OF 37,500 POUNDS)",A50,FutOnly
raw_cot_data/disaggregated_futures_only/fut_disagg_xls_2020/f_year.xls,disaggregated_futures_only,fut_disagg_xls_2020,COFFEE C - ICE FUTURES U.S.,200818,2020-08-18,083731,ICUS,1,83,259451,77631,149724,41587,17389,9281,45179,17620,29521,19127,3625,22974,245300,250134,14151,9317,11041,7462,7113,219,396,0,348,2221,0,1114,607,0,9143,10337,1898,704,248410,70169,142611,41411,17036,9238,46542,17110,27810,18545,3550,22442,236157,239797,12253,8613,-7884.0,-5026.0,2579.0,2836.0,-416.0,-506.0,1624.0,-1881.0,671.0,-756.0,-1287.0,-5691.0,-6848.0,-6531.0,-1036.0,-1353.0,100,29.9,57.7,16.0,6.7,3.6,17.4,6.8,11.4,7.4,1.4,8.9,94.5,96.4,5.5,3.6,100,67.6,64.4,2.0,3.6,0.0,3.2,20.1,0.0,10.1,5.5,0.0,82.8,93.6,17.2,6.4,100,28.2,57.4,16.7,6.9,3.7,18.7,6.9,11.2,7.5,1.4,9.0,95.1,96.5,4.9,3.5,384,96.0,98.0,22.0,15.0,17.0,77.0,34.0,53.0,71.0,27.0,47.0,324,252,126.0,24.0,61.0,7.0,5.0,0.0,4.0,8.0,0.0,13.0,10.0,0.0,48.0,84.0,380.0,94.0,95.0,22.0,15.0,15.0,78.0,32.0,52.0,69.0,29.0,44.0,320.0,241.0,19.4,22.4,29.4,35.3,9.8,15.0,16.2,23.2,55.3,47.4,65.0,61.5,54.9,47.4,64.7,61.5,18.6,23.3,29.0,36.7,10.2,15.6,16.9,24.0,"(CONTRACTS OF 37,500 POUNDS)",A50,FutOnly
raw_cot_data/disaggregated_futures_only/fut_disagg_xls_2020/f_year.xls,disaggregated_futures_only,fut_disagg_xls_2020,COFFEE C - ICE FUTURES U.S.,200811,2020-08-11,083731,ICUS,1,83,267335,82657,147145,38751,17805,9787,43555,19501,28850,19883,4912,28665,252148,256665,15187,10670,40782,15268,11902,4782,6474,97,9033,11279,393,6450,7550,0,36023,37695,4759,3087,226553,67389,135243,37126,14488,6533,38573,12273,24406,20279,4208,21819,216125,218970,10428,7583,-3048.0,-194.0,4463.0,-1315.0,784.0,927.0,1603.0,-6345.0,-2786.0,-1063.0,1192.0,-1886.0,-4714.0,-3651.0,1666.0,603.0,100,30.9,55.0,14.5,6.7,3.7,16.3,7.3,10.8,7.4,1.8,10.7,94.3,96.0,5.7,4.0,100,37.4,29.2,11.7,15.9,0.2,22.1,27.7,1.0,15.8,18.5,0.0,88.3,92.4,11.7,7.6,100,29.7,59.7,16.4,6.4,2.9,17.0,5.4,10.8,9.0,1.9,9.6,95.4,96.7,4.6,3.3,392,103.0,99.0,22.0,15.0,17.0,71.0,40.0,56.0,69.0,29.0,57.0,338,265,269.0,48.0,68.0,16.0,14.0,,31.0,33.0,11.0,42.0,29.0,0.0,142.0,151.0,365.0,98.0,90.0,23.0,13.0,12.0,74.0,29.0,44.0,58.0,34.0,46.0,307.0,230.0,19.4,21.2,29.2,34.2,9.5,14.2,15.3,22.6,28.4,24.3,40.0,37.2,27.8,24.3,37.6,37.2,19.3,24.6,30.6,38.6,11.3,16.8,17.8,24.3,"(CONTRACTS OF 37,500 POUNDS)",A50,FutOnly
raw_cot_data/disaggregated_futures_only/fut_disagg_xls_2020/f_year.xls,disaggregated_futures_only,fut_disagg_xls_2020,COFFEE C - ICE FUTURES U.S.,200804,2020-08-04,083731,ICUS,1,83,270383,82851,142682,40066,17021,8860,41952,25846,31636,20946,3720,30551,256862,260316,13521,10067,75254,19030,19306,13607,6853,320,24587,29482,1910,10280,13593,269,70003,71733,5251,3521,195129,63821,123376,29579,13288,5420,35656,14655,11435,24259,3720,16689,186859,188583,8270,6546,-722.0,-5740.0,9538.0,-524.0,2006.0,1426.0,6416.0,-15920.0,1535.0,-2235.0,1179.0,-1708.0,-830.0,-1944.0,108.0,1222.0,100,30.6,52.8,14.8,6.3,3.3,15.5,9.6,11.7,7.7,1.4,11.3,95.0,96.3,5.0,3.7,100,25.3,25.7,18.1,9.1,0.4,32.7,39.2,2.5,13.7,18.1,0.4,93.0,95.3,7.0,4.7,100,32.7,63.2,15.2,6.8,2.8,18.3,7.5,5.9,12.4,1.9,8.6,95.8,96.6,4.2,3.4,406,102.0,98.0,22.0,15.0,17.0,68.0,46.0,53.0,75.0,30.0,59.0,342,270,325.0,52.0,67.0,18.0,15.0,,50.0,43.0,17.0,56.0,34.0,,187.0,168.0,338.0,94.0,83.0,21.0,15.0,11.0,63.0,27.0,29.0,53.0,28.0,40.0,276.0,203.0,19.3,20.4,28.9,33.1,9.5,13.4,15.5,21.4,21.8,28.3,34.8,37.3,21.5,28.3,33.6,37.3,21.3,27.6,33.4,40.1,14.7,18.1,23.3,27.1,"(CONTRACTS OF 37,500 POUNDS)",A50,FutOnly
raw_cot_data/disaggregated_futures_only/fut_disagg_xls_2020/f_year.xls,disaggregated_futures_only,fut_disagg_xls_2020,COFFEE C - ICE FUTURES U.S.,200728,2020-07-28,083731,ICUS,1,83,271105,88591,133144,40590,15015,7434,35536,41766,30101,23181,2541,32259,257692,262260,13413,8845,88490,22502,23004,14190,7420,0,28509,38134,2376,14538,12725,243,82358,83902,6132,4588,182615,66089,110140,28456,9651,5378,20833,17438,13919,23688,4861,16971,175334,178358,7281,4257,-2699.0,-9646.0,466.0,-682.0,3016.0,-55.0,1550.0,-15106.0,2642.0,-2051.0,-340.0,6298.0,-1944.0,-3079.0,-755.0,380.0,100,32.7,49.1,15.0,5.5,2.7,13.1,15.4,11.1,8.6,0.9,11.9,95.1,96.7,4.9,3.3,100,25.4,26.0,16.0,8.4,0.0,32.2,43.1,2.7,16.4,14.4,0.3,93.1,94.8,6.9,5.2,100,36.2,60.3,15.6,5.3,2.9,11.4,9.5,7.6,13.0,2.7,9.3,96.0,97.7,4.0,2.3,408,105.0,96.0,25.0,14.0,15.0,64.0,53.0,53.0,78.0,25.0,59.0,344,268,350.0,60.0,60.0,23.0,11.0,0.0,52.0,57.0,24.0,67.0,29.0,,217.0,168.0,317.0,95.0,80.0,23.0,14.0,11.0,45.0,26.0,20.0,54.0,27.0,38.0,259.0,188.0,18.3,18.6,28.0,29.8,9.7,12.4,16.1,20.2,18.3,22.2,29.2,34.3,18.3,22.2,29.2,33.9,21.0,25.7,32.9,40.1,13.2,16.5,20.7,23.6,"(CONTRACTS OF 37,500 POUNDS)",A50,FutOnly
raw_cot_data/disaggregated_futures_only/fut_disagg_xls_2020/f_year.xls,disaggregated_futures_only,fut_disagg_xls_2020,COFFEE C - ICE FUTURES U.S.,200721,2020-07-21,083731,ICUS,1,83,273804,98237,132678,41272,11999,7489,33986,56872,27459,25232,2881,25961,259636,265339,14168,8465,100825,25599,27332,17557,6368,0,29631,48293,3638,16821,9927,107,93353,95665,7472,5160,172979,72638,105346,26017,7933,5187,19983,24207,8193,19628,4171,14637,166283,169674,6696,3305,3055.0,336.0,1291.0,-238.0,858.0,493.0,182.0,-2411.0,-295.0,-90.0,309.0,2642.0,3030.0,2887.0,25.0,168.0,100,35.9,48.5,15.1,4.4,2.7,12.4,20.8,10.0,9.2,1.1,9.5,94.8,96.9,5.2,3.1,100,25.4,27.1,17.4,6.3,0.0,29.4,47.9,3.6,16.7,9.8,0.1,92.6,94.9,7.4,5.1,100,42.0,60.9,15.0,4.6,3.0,11.6,14.0,4.7,11.3,2.4,8.5,96.1,98.1,3.9,1.9,419,108.0,93.0,26.0,13.0,16.0,48.0,73.0,55.0,89.0,27.0,57.0,340,285,374.0,68.0,59.0,23.0,11.0,0.0,47.0,67.0,25.0,79.0,33.0,,234.0,179.0,314.0,97.0,75.0,24.0,13.0,13.0,41.0,31.0,19.0,51.0,31.0,37.0,250.0,192.0,18.4,18.6,27.4,29.5,9.5,12.9,16.6,20.9,17.9,20.7,29.2,32.9,17.5,20.7,28.8,32.4,22.6,25.4,35.1,39.6,13.9,17.6,20.5,27.4,"(CONTRACTS OF 37,500 POUNDS)",A50,FutOnly
raw_cot_data/disaggregated_futures_only/fut_disagg_xls_2020/f_year.xls,disaggregated_futures_only,fut_disagg_xls_2020,COFFEE C - ICE FUTURES U.S.,200714,2020-07-14,083731,ICUS,1,83,270749,97901,131387,41510,11141,6996,33804,59283,27754,25322,2572,23319,256606,262452,14143,8297,103331,25282,29507,18665,5990,3,31255,51169,3515,16857,7668,162,95739,98014,7592,5317,167418,72619,101880,25722,8028,4116,19352,24917,7436,17208,3647,14414,160867,164438,6551,2980,2437.0,1340.0,815.0,-519.0,184.0,-302.0,-1700.0,404.0,1171.0,1615.0,-343.0,-132.0,1473.0,1797.0,964.0,640.0,100,36.2,48.5,15.3,4.1,2.6,12.5,21.9,10.3,9.4,0.9,8.6,94.8,96.9,5.2,3.1,100,24.5,28.6,18.1,5.8,0.0,30.2,49.5,3.4,16.3,7.4,0.2,92.7,94.9,7.3,5.1,100,43.4,60.9,15.4,4.8,2.5,11.6,14.9,4.4,10.3,2.2,8.6,96.1,98.2,3.9,1.8,423,111.0,91.0,26.0,12.0,15.0,51.0,77.0,57.0,84.0,23.0,55.0,340,285,380.0,69.0,62.0,23.0,10.0,,52.0,70.0,25.0,74.0,32.0,,232.0,187.0,309.0,98.0,72.0,22.0,14.0,12.0,40.0,34.0,15.0,47.0,28.0,35.0,245.0,182.0,17.2,17.7,26.5,29.3,9.5,12.9,16.3,21.1,16.9,20.8,29.0,32.9,15.6,20.7,27.6,32.4,22.5,24.7,35.8,39.5,14.2,18.0,20.6,28.3,"(CONTRACTS OF 37,500 POUNDS)",A50,FutOnly
raw_cot_data/disaggregated_futures_only/fut_disagg_xls_2020/f_year.xls,disaggregated_futures_only,fut_disagg_xls_2020,COFFEE C - ICE FUTURES U.S.,200707,2020-07-07,083731,ICUS,1,83,268312,96561,130572,42029,10957,7298,35504,58879,26583,23707,2915,23451,255133,260655,13179,7657,103367,27731,30559,17956,5445,18,32282,50888,3194,14986,8131,180,96347,98415,7020,4952,164945,68830,100013,26508,7947,4845,20110,24879,6501,17304,3367,14688,158786,162240,6159,2705,-205.0,-32.0,2526.0,1180.0,311.0,-503.0,811.0,-1455.0,-717.0,-752.0,-214.0,-428.0,-441.0,-480.0,236.0,275.0,100,36.0,48.7,15.7,4.1,2.7,13.2,21.9,9.9,8.8,1.1,8.7,95.1,97.1,4.9,2.9,100,26.8,29.6,17.4,5.3,0.0,31.2,49.2,3.1,14.5,7.9,0.2,93.2,95.2,6.8,4.8,100,41.7,60.6,16.1,4.8,2.9,12.2,15.1,3.9,10.5,2.0,8.9,96.3,98.4,3.7,1.6,423,112.0,96.0,26.0,13.0,13.0,54.0,71.0,59.0,81.0,26.0,56.0,341,289,386.0,70.0,66.0,25.0,10.0,,57.0,64.0,27.0,71.0,36.0,,235.0,193.0,309.0,96.0,73.0,21.0,14.0,11.0,40.0,34.0,15.0,49.0,30.0,34.0,243.0,183.0,17.3,17.2,26.4,28.8,9.9,12.7,16.9,20.8,18.0,19.1,29.7,31.8,16.9,19.1,27.8,31.3,21.7,23.8,34.7,38.5,14.6,17.9,21.8,27.8,"(CONTRACTS OF 37,500 POUNDS)",A50,FutOnly
raw_cot_data/disaggregated_futures_only/fut_disagg_xls_2020/f_year.xls,disaggregated_futures_only,fut_disagg_xls_2020,COFFEE C - ICE FUTURES U.S.,200630,2020-06-30,083731,ICUS,1,83,268517,96593,128046,40849,10646,7801,34693,60334,27300,24459,3129,23879,255574,261135,12943,7382,107327,29598,33522,17439,5736,14,33462,52036,3148,16435,7909,283,100379,102648,6948,4679,161190,66995,94524,26648,8148,4549,19424,26491,5959,18043,5239,13577,155195,158487,5995,2703,2953.0,788.0,2069.0,855.0,2259.0,-1995.0,5.0,-2446.0,1764.0,824.0,84.0,1815.0,4056.0,3550.0,-1103.0,-597.0,100,36.0,47.7,15.2,4.0,2.9,12.9,22.5,10.2,9.1,1.2,8.9,95.2,97.3,4.8,2.7,100,27.6,31.2,16.2,5.3,0.0,31.2,48.5,2.9,15.3,7.4,0.3,93.5,95.6,6.5,4.4,100,41.6,58.6,16.5,5.1,2.8,12.1,16.4,3.7,11.2,3.3,8.4,96.3,98.3,3.7,1.7,433,112.0,97.0,26.0,13.0,13.0,57.0,68.0,54.0,84.0,29.0,61.0,351,289,395.0,70.0,66.0,24.0,11.0,,61.0,61.0,26.0,80.0,35.0,,248.0,188.0,315.0,97.0,76.0,20.0,15.0,11.0,41.0,32.0,13.0,51.0,32.0,33.0,242.0,187.0,17.2,16.4,25.9,27.8,10.1,12.4,17.1,20.1,20.1,19.9,30.9,32.4,19.5,19.8,29.3,31.8,20.8,23.7,34.1,37.0,15.2,18.1,22.8,28.0,"(CONTRACTS OF 37,500 POUNDS)",A50,FutOnly
raw_cot_data/disaggregated_futures_only/fut_disagg_xls_2020/f_year.xls,disaggregated_futures_only,fut_disagg_xls_2020,COFFEE C - ICE FUTURES U.S.,200623,2020-06-23,083731,ICUS,1,83,265564,95805,125977,39994,8387,9796,34688,62780,25536,23635,3045,22064,251518,257585,14046,7979,111309,34902,34105,17114,6804,293,32395,55097,3103,15873,6792,53,103733,106247,7576,5062,154255,60903,91872,26927,5630,5456,19985,25375,4741,16414,4905,13359,147785,151338,6470,2917,-3293.0,-6258.0,-3525.0,1051.0,-3416.0,1034.0,614.0,5082.0,698.0,2433.0,-227.0,-1388.0,-1816.0,-1742.0,-1477.0,-1551.0,100,36.1,47.4,15.1,3.2,3.7,13.1,23.6,9.6,8.9,1.1,8.3,94.7,97.0,5.3,3.0,100,31.4,30.6,15.4,6.1,0.3,29.1,49.5,2.8,14.3,6.1,0.0,93.2,95.5,6.8,4.5,100,39.5,59.6,17.5,3.6,3.5,13.0,16.4,3.1,10.6,3.2,8.7,95.8,98.1,4.2,1.9,420,111.0,95.0,26.0,12.0,14.0,52.0,74.0,54.0,83.0,28.0,52.0,333,284,389.0,72.0,69.0,22.0,13.0,,55.0,67.0,24.0,73.0,33.0,,235.0,197.0,299.0,94.0,72.0,22.0,12.0,10.0,37.0,35.0,12.0,50.0,23.0,32.0,233.0,173.0,16.1,16.5,25.0,26.9,9.6,12.1,16.5,19.8,23.5,19.1,32.5,31.2,23.1,19.0,30.9,30.5,18.4,24.4,31.1,36.7,15.6,20.8,23.6,30.3,"(CONTRACTS OF 37,500 POUNDS)",A50,FutOnly
raw_cot_data/disaggregated_futures_only/fut_disagg_xls_2020/f_year.xls,disaggregated_futures_only,fut_disagg_xls_2020,COFFEE C - ICE FUTURES U.S.,200616,2020-06-16,083731,ICUS,1,83,268857,102063,129502,38943,11803,8762,34074,57698,24838,21202,3272,23452,253334,259327,15523,9530,123960,43842,39855,16494,10042,561,31577,50341,4755,13897,8023,4373,115499,117950,8461,6010,144897,58221,89647,26542,5854,4108,18670,23530,3910,15396,3340,10988,137835,141377,7062,3520,-3721.0,-1091.0,-7523.0,1276.0,-96.0,-62.0,938.0,8514.0,-762.0,-1792.0,-924.0,-3940.0,-5433.0,-4793.0,1712.0,1072.0,100,38.0,48.2,14.5,4.4,3.3,12.7,21.5,9.2,7.9,1.2,8.7,94.2,96.5,5.8,3.5,100,35.4,32.2,13.3,8.1,0.5,25.5,40.6,3.8,11.2,6.5,3.5,93.2,95.2,6.8,4.8,100,40.2,61.9,18.3,4.0,2.8,12.9,16.2,2.7,10.6,2.3,7.6,95.1,97.6,4.9,2.4,421,109.0,94.0,24.0,13.0,16.0,50.0,78.0,56.0,73.0,28.0,58.0,331,296,394.0,87.0,73.0,20.0,14.0,6.0,53.0,73.0,32.0,68.0,38.0,21.0,263.0,229.0,292.0,92.0,71.0,21.0,11.0,10.0,35.0,34.0,9.0,50.0,22.0,30.0,223.0,168.0,17.1,16.1,25.8,26.6,10.0,11.1,16.7,19.0,24.5,16.9,32.2,26.9,23.8,15.9,30.4,24.9,19.6,26.5,32.8,38.8,17.2,24.0,25.9,33.4,"(CONTRACTS OF 37,500 POUNDS)",A50,FutOnly
raw_cot_data/disaggregated_futures_only/fut_disagg_xls_2020/f_year.xls,disaggregated_futures_only,fut_disagg_xls_2020,COFFEE C - ICE FUTURES U.S.,200609,2020-06-09,083731,ICUS,1,83,272578,103154,137025,37667,11899,8824,33136,49184,25600,22994,4196,27392,258767,264120,13811,8458,133844,48652,45864,16858,9695,1192,28271,44322,9137,14801,10790,7087,125998,128087,7846,5757,138734,54502,91161,24422,5817,4019,16060,16057,5268,17172,2385,11326,132769,136033,5965,2701,-1674.0,3065.0,-154.0,1028.0,-447.0,-1802.0,313.0,7887.0,-4775.0,2369.0,529.0,-2816.0,-2618.0,-1578.0,944.0,-96.0,100,37.8,50.3,13.8,4.4,3.2,12.2,18.0,9.4,8.4,1.5,10.0,94.9,96.9,5.1,3.1,100,36.3,34.3,12.6,7.2,0.9,21.1,33.1,6.8,11.1,8.1,5.3,94.1,95.7,5.9,4.3,100,39.3,65.7,17.6,4.2,2.9,11.6,11.6,3.8,12.4,1.7,8.2,95.7,98.1,4.3,1.9,411,108.0,92.0,23.0,13.0,17.0,51.0,75.0,59.0,70.0,31.0,60.0,323,299,392.0,88.0,78.0,20.0,14.0,11.0,51.0,74.0,46.0,63.0,41.0,28.0,267.0,254.0,271.0,89.0,68.0,18.0,12.0,9.0,31.0,30.0,8.0,47.0,20.0,31.0,208.0,159.0,17.6,18.6,26.1,29.1,8.7,10.8,15.1,18.4,22.0,17.5,29.8,26.8,21.6,14.0,28.7,22.7,19.8,30.2,32.8,43.0,15.9,26.1,26.0,35.8,"(CONTRACTS OF 37,500 POUNDS)",A50,FutOnly
raw_cot_data/disaggregated_futures_only/fut_disagg_xls_2020/f_year.xls,disaggregated_futures_only,fut_disagg_xls_2020,COFFEE C - ICE FUTURES U.S.,200602,2020-06-02,083731,ICUS,1,83,274252,100089,137179,36639,12346,10626,32823,41297,30375,20625,3667,30208,261385,265698,12867,8554,141946,49798,48377,18039,9484,3351,24890,40044,15038,13372,9422,10084,134572,135800,7374,6146,132306,50291,88802,22209,6471,3666,15606,8926,7664,15608,2600,11769,126813,129898,5493,2408,24360.0,9720.0,-1898.0,1692.0,856.0,912.0,158.0,14780.0,4474.0,1690.0,213.0,4125.0,22771.0,23462.0,1589.0,898.0,100,36.5,50.0,13.4,4.5,3.9,12.0,15.1,11.1,7.5,1.3,11.0,95.3,96.9,4.7,3.1,100,35.1,34.1,12.7,6.7,2.4,17.5,28.2,10.6,9.4,6.6,7.1,94.8,95.7,5.2,4.3,100,38.0,67.1,16.8,4.9,2.8,11.8,6.7,5.8,11.8,2.0,8.9,95.8,98.2,4.2,1.8,396,109.0,93.0,23.0,13.0,16.0,48.0,70.0,59.0,70.0,28.0,55.0,315,288,378.0,96.0,76.0,20.0,14.0,12.0,47.0,70.0,43.0,62.0,36.0,34.0,270.0,247.0,262.0,89.0,69.0,19.0,13.0,7.0,37.0,21.0,8.0,41.0,19.0,26.0,203.0,149.0,19.0,18.0,27.9,29.6,8.3,11.0,14.8,18.7,23.6,17.9,31.8,28.3,20.2,13.4,25.8,21.3,20.5,31.3,32.6,43.7,16.0,27.5,25.7,37.3,"(CONTRACTS OF 37,500 POUNDS)",A50,FutOnly
raw_cot_data/disaggregated_futures_only/fut_disagg_xls_2020/f_year.xls,disaggregated_futures_only,fut_disagg_xls_2020,COFFEE C - ICE FUTURES U.S.,200526,2020-05-26,083731,ICUS,1,83,249892,90369,139077,34947,11490,9714,32665,26517,25901,18935,3454,26083,238614,242236,11278,7656,130948,46369,53472,17383,8473,3745,25187,30982,12599,11071,8567,7758,124112,125596,6836,5352,118944,44000,85605,20252,5705,3281,17174,5231,3606,14624,1647,11565,114502,116640,4442,2304,5634.0,5213.0,875.0,743.0,-208.0,-394.0,-1099.0,3629.0,-1031.0,-15.0,570.0,1481.0,4898.0,4922.0,736.0,712.0,100,36.2,55.7,14.0,4.6,3.9,13.1,10.6,10.4,7.6,1.4,10.4,95.5,96.9,4.5,3.1,100,35.4,40.8,13.3,6.5,2.9,19.2,23.7,9.6,8.5,6.5,5.9,94.8,95.9,5.2,4.1,100,37.0,72.0,17.0,4.8,2.8,14.4,4.4,3.0,12.3,1.4,9.7,96.3,98.1,3.7,1.9,378,106.0,95.0,24.0,12.0,18.0,54.0,54.0,53.0,63.0,30.0,54.0,308,273,361.0,90.0,81.0,22.0,12.0,13.0,52.0,56.0,43.0,57.0,37.0,29.0,262.0,235.0,254.0,88.0,67.0,18.0,13.0,7.0,37.0,17.0,7.0,37.0,20.0,26.0,196.0,145.0,18.0,20.1,27.2,31.9,8.6,13.8,14.8,21.5,22.0,20.0,30.2,29.6,19.7,16.5,25.1,24.0,22.2,33.5,34.8,46.3,16.1,28.8,26.9,39.8,"(CONTRACTS OF 37,500 POUNDS)",A50,FutOnly
raw_cot_data/disaggregated_futures_only/fut_disagg_xls_2020/f_year.xls,disaggregated_futures_only,fut_disagg_xls_2020,COFFEE C - ICE FUTURES U.S.,200519,2020-05-19,083731,ICUS,1,83,244258,85156,138202,34204,11698,10108,33764,22888,26932,18950,2884,24602,233716,237314,10542,6944,131134,44057,56629,17437,8556,4138,27067,28117,13348,11725,8637,6690,124462,126115,6672,5019,113124,41099,81573,19580,5955,3157,16706,4780,3575,14944,1966,10193,109254,111199,3870,1925,5817.0,-142.0,-663.0,-444.0,845.0,137.0,523.0,1834.0,3267.0,695.0,-765.0,1362.0,5398.0,6017.0,419.0,-200.0,100,34.9,56.6,14.0,4.8,4.1,13.8,9.4,11.0,7.8,1.2,10.1,95.7,97.2,4.3,2.8,100,33.6,43.2,13.3,6.5,3.2,20.6,21.4,10.2,8.9,6.6,5.1,94.9,96.2,5.1,3.8,100,36.3,72.1,17.3,5.3,2.8,14.8,4.2,3.2,13.2,1.7,9.0,96.6,98.3,3.4,1.7,357,102.0,92.0,23.0,12.0,15.0,56.0,44.0,52.0,57.0,27.0,47.0,296,249,342.0,88.0,79.0,21.0,12.0,11.0,57.0,45.0,45.0,50.0,33.0,26.0,258.0,216.0,239.0,83.0,68.0,18.0,12.0,8.0,34.0,17.0,7.0,33.0,19.0,21.0,181.0,141.0,18.1,20.4,27.4,32.4,8.6,14.2,14.5,22.0,20.5,22.1,28.2,32.3,18.4,18.8,24.0,27.0,23.6,34.3,35.8,45.3,18.8,29.6,29.1,40.1,"(CONTRACTS OF 37,500 POUNDS)",A50,FutOnly
raw_cot_data/disaggregated_futures_only/fut_disagg_xls_2020/f_year.xls,disaggregated_futures_only,fut_disagg_xls_2020,COFFEE C - ICE FUTURES U.S.,200512,2020-05-12,083731,ICUS,1,83,238441,85298,138865,34648,10853,9971,33241,21054,23665,18255,3649,23240,228318,231297,10123,7144,127785,44163,58798,17428,7712,4149,26593,25876,11669,12027,9205,5476,121505,122885,6280,4900,110656,41135,80067,19930,5851,3112,15337,3867,3307,14265,2481,9727,106813,108412,3843,2244,2273.0,-327.0,-147.0,-1183.0,-166.0,654.0,1342.0,328.0,712.0,209.0,530.0,101.0,1508.0,2012.0,765.0,261.0,100,35.8,58.2,14.5,4.6,4.2,13.9,8.8,9.9,7.7,1.5,9.7,95.8,97.0,4.2,3.0,100,34.6,46.0,13.6,6.0,3.2,20.8,20.2,9.1,9.4,7.2,4.3,95.1,96.2,4.9,3.8,100,37.2,72.4,18.0,5.3,2.8,13.9,3.5,3.0,12.9,2.2,8.8,96.5,98.0,3.5,2.0,352,99.0,87.0,24.0,11.0,15.0,56.0,42.0,49.0,57.0,28.0,49.0,293,241,341.0,85.0,74.0,21.0,12.0,10.0,58.0,43.0,39.0,52.0,35.0,26.0,254.0,207.0,237.0,81.0,63.0,19.0,11.0,8.0,36.0,15.0,8.0,30.0,23.0,22.0,182.0,137.0,19.1,21.6,27.9,33.8,8.9,14.9,15.0,22.2,20.1,22.6,27.8,34.0,18.4,21.1,24.0,29.4,25.0,34.7,36.7,45.8,20.7,30.1,30.3,40.1,"(CONTRACTS OF 37,500 POUNDS)",A50,FutOnly
raw_cot_data/disaggregated_futures_only/fut_disagg_xls_2020/f_year.xls,disaggregated_futures_only,fut_disagg_xls_2020,COFFEE C - ICE FUTURES U.S.,200505,2020-05-05,083731,ICUS,1,83,236168,85625,139012,35831,11019,9317,31899,20726,22953,18046,3119,23139,226810,229285,9358,6883,128976,45418,60325,17294,7635,4819,26190,25248,11679,12306,9087,5342,123048,124135,5928,4841,107192,40207,78687,20921,5768,2114,13775,3544,3208,14241,2533,9296,103762,105150,3430,2042,9022.0,4127.0,3173.0,1175.0,849.0,-1353.0,2023.0,5562.0,-318.0,2040.0,370.0,615.0,8309.0,8898.0,713.0,124.0,100,36.3,58.9,15.2,4.7,3.9,13.5,8.8,9.7,7.6,1.3,9.8,96.0,97.1,4.0,2.9,100,35.2,46.8,13.4,5.9,3.7,20.3,19.6,9.1,9.5,7.0,4.1,95.4,96.2,4.6,3.8,100,37.5,73.4,19.5,5.4,2.0,12.9,3.3,3.0,13.3,2.4,8.7,96.8,98.1,3.2,1.9,339,97.0,89.0,23.0,12.0,18.0,56.0,38.0,51.0,47.0,28.0,45.0,283,240,332.0,85.0,75.0,21.0,12.0,12.0,55.0,42.0,41.0,45.0,35.0,25.0,248.0,207.0,229.0,80.0,63.0,18.0,12.0,6.0,33.0,15.0,7.0,27.0,23.0,19.0,175.0,131.0,18.9,22.6,28.0,34.7,9.1,14.6,15.4,21.7,19.5,22.0,28.2,33.4,17.5,20.8,23.9,29.0,26.2,36.4,38.0,47.5,21.9,31.6,31.2,41.7,"(CONTRACTS OF 37,500 POUNDS)",A50,FutOnly
raw_cot_data/disaggregated_futures_only/fut_disagg_xls_2020/f_year.xls,disaggregated_futures_only,fut_disagg_xls_2020,COFFEE C - ICE FUTURES U.S.,200428,2020-04-28,083731,ICUS,1,83,227146,81498,135839,34656,10170,10670,29876,15164,23271,16006,2749,22524,218501,220387,8645,6759,125946,42689,60869,18152,7313,5701,25184,20229,12581,10563,8750,5447,120317,120890,5629,5056,101200,38809,74970,19403,5756,2070,12227,2470,3155,13466,2022,9054,98184,99497,3016,1703,6795.0,4916.0,-3363.0,-1426.0,2162.0,976.0,64.0,6349.0,3071.0,-160.0,-1560.0,-926.0,6515.0,6709.0,280.0,86.0,100,35.9,59.8,15.3,4.5,4.7,13.2,6.7,10.2,7.0,1.2,9.9,96.2,97.0,3.8,3.0,100,33.9,48.3,14.4,5.8,4.5,20.0,16.1,10.0,8.4,6.9,4.3,95.5,96.0,4.5,4.0,100,38.3,74.1,19.2,5.7,2.0,12.1,2.4,3.1,13.3,2.0,8.9,97.0,98.3,3.0,1.7,337,101.0,90.0,21.0,12.0,18.0,57.0,39.0,51.0,47.0,25.0,47.0,284,241,330.0,88.0,75.0,18.0,13.0,13.0,55.0,42.0,42.0,45.0,33.0,25.0,246.0,209.0,218.0,83.0,59.0,16.0,11.0,6.0,27.0,13.0,8.0,28.0,21.0,21.0,172.0,124.0,18.3,22.5,27.8,34.2,9.5,15.2,16.0,22.4,17.7,22.1,26.0,33.7,15.9,21.0,22.0,29.3,27.2,35.6,39.5,47.3,22.7,30.7,32.3,41.4,"(CONTRACTS OF 37,500 POUNDS)",A50,FutOnly
raw_cot_data/disaggregated_futures_only/fut_disagg_xls_2020/f_year.xls,disaggregated_futures_only,fut_disagg_xls_2020,COFFEE C - ICE FUTURES U.S.,200421,2020-04-21,083731,ICUS,1,83,220351,76582,139202,36082,8008,9694,29812,8815,20200,16166,4309,23450,211986,213678,8365,6673,120962,40193,64305,20058,7539,4896,24898,15855,8346,10710,8650,6496,115597,116087,5365,4875,99389,36389,74897,18691,3136,2131,13281,1327,3487,14107,4310,8303,96389,97591,3000,1798,-7324.0,-7154.0,-5370.0,-147.0,-2489.0,-488.0,2239.0,1837.0,-367.0,-640.0,-335.0,604.0,-5953.0,-6608.0,-1371.0,-716.0,100,34.8,63.2,16.4,3.6,4.4,13.5,4.0,9.2,7.3,2.0,10.6,96.2,97.0,3.8,3.0,100,33.2,53.2,16.6,6.2,4.0,20.6,13.1,6.9,8.9,7.2,5.4,95.6,96.0,4.4,4.0,100,36.6,75.4,18.8,3.2,2.1,13.4,1.3,3.5,14.2,4.3,8.4,97.0,98.2,3.0,1.8,328,98.0,96.0,21.0,10.0,18.0,62.0,32.0,51.0,47.0,20.0,42.0,274,239,320.0,86.0,82.0,19.0,11.0,12.0,55.0,40.0,40.0,44.0,27.0,20.0,235.0,206.0,217.0,83.0,65.0,15.0,11.0,6.0,32.0,8.0,7.0,27.0,20.0,17.0,171.0,122.0,17.1,23.3,26.9,36.7,10.0,16.6,16.6,25.0,16.4,24.0,24.5,35.0,13.9,22.5,20.4,31.5,27.2,36.2,39.9,48.3,22.6,31.3,32.1,42.4,"(CONTRACTS OF 37,500 POUNDS)",A50,FutOnly
raw_cot_data/disaggregated_futures_only/fut_disagg_xls_2020/f_year.xls,disaggregated_futures_only,fut_disagg_xls_2020,COFFEE C - ICE FUTURES U.S.,200414,2020-04-14,083731,ICUS,1,83,227675,83736,144572,36229,10497,10182,27573,6978,20567,16806,4644,22846,217939,220286,9736,7389,131677,47358,72420,21553,9715,4842,22797,11976,10905,10798,9384,6482,124735,125724,6942,5953,95998,36378,72152,17716,3822,2300,11050,1276,3388,14565,3817,7807,93204,94562,2794,1436,-12834.0,-2811.0,-973.0,-1896.0,-2358.0,-341.0,202.0,-872.0,-1294.0,-829.0,-1094.0,-6727.0,-13696.0,-13659.0,862.0,825.0,100,36.8,63.5,15.9,4.6,4.5,12.1,3.1,9.0,7.4,2.0,10.0,95.7,96.8,4.3,3.2,100,36.0,55.0,16.4,7.4,3.7,17.3,9.1,8.3,8.2,7.1,4.9,94.7,95.5,5.3,4.5,100,37.9,75.2,18.5,4.0,2.4,11.5,1.3,3.5,15.2,4.0,8.1,97.1,98.5,2.9,1.5,340,103.0,99.0,21.0,9.0,20.0,64.0,24.0,53.0,52.0,26.0,54.0,297,251,333.0,95.0,88.0,21.0,9.0,15.0,57.0,33.0,47.0,47.0,38.0,35.0,270.0,224.0,213.0,80.0,62.0,14.0,12.0,7.0,24.0,8.0,7.0,35.0,19.0,18.0,165.0,122.0,16.4,22.5,25.8,35.7,9.6,15.6,16.2,25.1,13.5,23.0,22.5,34.0,11.0,21.1,16.3,29.9,27.9,35.0,41.9,48.0,23.2,29.4,32.5,41.3,"(CONTRACTS OF 37,500 POUNDS)",A50,FutOnly
raw_cot_data/disaggregated_futures_only/fut_disagg_xls_2020/f_year.xls,disaggregated_futures_only,fut_disagg_xls_2020,COFFEE C - ICE FUTURES U.S.,200407,2020-04-07,083731,ICUS,1,83,240509,86547,145545,38125,12855,10523,27371,7850,21861,17635,5738,29573,231635,233945,8874,6564,148320,50031,76542,26159,12749,4992,23833,12640,12346,12071,11439,12510,141942,143218,6378,5102,92189,36516,69003,15524,3664,1973,9711,1383,3342,14891,3626,7736,89693,90727,2496,1462,-203.0,-359.0,315.0,-103.0,-777.0,1700.0,-2171.0,-1142.0,-1726.0,-100.0,-748.0,2096.0,-663.0,-282.0,460.0,79.0,100,36.0,60.5,15.9,5.3,4.4,11.4,3.3,9.1,7.3,2.4,12.3,96.3,97.3,3.7,2.7,100,33.7,51.6,17.6,8.6,3.4,16.1,8.5,8.3,8.1,7.7,8.4,95.7,96.6,4.3,3.4,100,39.6,74.8,16.8,4.0,2.1,10.5,1.5,3.6,16.2,3.9,8.4,97.3,98.4,2.7,1.6,340,104.0,101.0,22.0,10.0,18.0,68.0,25.0,57.0,50.0,27.0,49.0,297,250,333.0,96.0,91.0,21.0,10.0,13.0,62.0,33.0,53.0,45.0,36.0,39.0,275.0,230.0,208.0,80.0,62.0,15.0,11.0,6.0,22.0,8.0,7.0,33.0,15.0,17.0,162.0,116.0,17.8,22.6,26.4,35.7,8.9,15.5,15.3,24.6,14.1,23.5,23.7,35.0,10.5,19.3,16.2,26.8,28.0,34.1,41.4,47.3,23.3,28.2,31.7,40.3,"(CONTRACTS OF 37,500 POUNDS)",A50,FutOnly
raw_cot_data/disaggregated_futures_only/fut_disagg_xls_2020/f_year.xls,disaggregated_futures_only,fut_disagg_xls_2020,COFFEE C - ICE FUTURES U.S.,200331,2020-03-31,083731,ICUS,1,83,240712,86906,145230,38228,13632,8823,29542,8992,23587,17735,6486,27477,232298,234227,8414,6485,153393,49493,79892,27809,13336,3289,26230,12423,16171,12536,11515,11653,147181,148279,6212,5114,87319,37413,65338,13937,3814,2016,8436,1693,2292,13689,3461,7334,85117,85948,2202,1371,-5156.0,-2828.0,2793.0,-844.0,-253.0,-47.0,1472.0,-6089.0,-4120.0,-65.0,709.0,1211.0,-5221.0,-5796.0,65.0,640.0,100,36.1,60.3,15.9,5.7,3.7,12.3,3.7,9.8,7.4,2.7,11.4,96.5,97.3,3.5,2.7,100,32.3,52.1,18.1,8.7,2.1,17.1,8.1,10.5,8.2,7.5,7.6,96.0,96.7,4.0,3.3,100,42.8,74.8,16.0,4.4,2.3,9.7,1.9,2.6,15.7,4.0,8.4,97.5,98.4,2.5,1.6,344,102.0,98.0,19.0,12.0,17.0,69.0,27.0,55.0,51.0,30.0,50.0,295,251,336.0,93.0,87.0,19.0,11.0,13.0,66.0,33.0,51.0,44.0,40.0,41.0,272.0,231.0,208.0,81.0,62.0,15.0,10.0,6.0,21.0,9.0,4.0,33.0,18.0,18.0,161.0,117.0,17.8,23.4,26.3,35.9,8.7,15.7,15.1,24.8,14.0,25.4,23.1,36.6,10.2,18.7,16.7,26.5,29.3,32.6,42.0,46.2,23.5,25.9,31.3,38.1,"(CONTRACTS OF 37,500 POUNDS)",A50,FutOnly
raw_cot_data/disaggregated_futures_only/fut_disagg_xls_2020/f_year.xls,disaggregated_futures_only,fut_disagg_xls_2020,COFFEE C - ICE FUTURES U.S.,200324,2020-03-24,083731,ICUS,1,83,245868,89734,142437,39072,13885,8870,28070,15081,27707,17800,5777,26266,237519,240023,8349,5845,159472,51551,77156,29633,13222,3763,25758,18738,19732,12359,11712,10431,153227,154754,6245,4718,86396,38183,65281,12663,3887,1883,8226,2257,2061,14645,3269,6631,84292,85269,2104,1127,-10390.0,304.0,3986.0,-807.0,2795.0,-88.0,902.0,-11661.0,-7804.0,-2460.0,3038.0,1021.0,-8932.0,-8713.0,-1458.0,-1677.0,100,36.5,57.9,15.9,5.6,3.6,11.4,6.1,11.3,7.2,2.3,10.7,96.6,97.6,3.4,2.4,100,32.3,48.4,18.6,8.3,2.4,16.2,11.8,12.4,7.7,7.3,6.5,96.1,97.0,3.9,3.0,100,44.2,75.6,14.7,4.5,2.2,9.5,2.6,2.4,17.0,3.8,7.7,97.6,98.7,2.4,1.3,341,105.0,99.0,21.0,11.0,16.0,61.0,33.0,58.0,47.0,29.0,48.0,296,249,333.0,96.0,92.0,20.0,11.0,12.0,59.0,35.0,55.0,44.0,40.0,29.0,268.0,228.0,205.0,80.0,59.0,16.0,9.0,7.0,19.0,9.0,6.0,33.0,19.0,19.0,159.0,118.0,17.7,21.5,26.5,34.8,8.4,14.9,14.9,23.4,13.7,23.8,23.0,36.4,10.5,18.3,17.6,26.7,29.9,32.9,42.0,47.1,22.5,25.1,32.3,37.7,"(CONTRACTS OF 37,500 POUNDS)",A50,FutOnly
raw_cot_data/disaggregated_futures_only/fut_disagg_xls_2020/f_year.xls,disaggregated_futures_only,fut_disagg_xls_2020,COFFEE C - ICE FUTURES U.S.,200317,2020-03-17,083731,ICUS,1,83,256258,89430,138451,39879,11090,8958,27168,26742,35511,20260,2739,25245,246451,248736,9807,7522,174501,54549,77348,30371,10934,3948,25855,30729,27662,16441,9301,8434,167260,168356,7241,6145,81757,34881,61103,12707,3355,1811,7385,2085,1777,13019,2638,7611,79191,80380,2566,1377,-12548.0,-443.0,-3580.0,-2914.0,-599.0,1175.0,-4704.0,-2325.0,-3588.0,927.0,-1803.0,-1853.0,-11400.0,-12573.0,-1148.0,25.0,100,34.9,54.0,15.6,4.3,3.5,10.6,10.4,13.9,7.9,1.1,9.9,96.2,97.1,3.8,2.9,100,31.3,44.3,17.4,6.3,2.3,14.8,17.6,15.9,9.4,5.3,4.8,95.9,96.5,4.1,3.5,100,42.7,74.7,15.5,4.1,2.2,9.0,2.6,2.2,15.9,3.2,9.3,96.9,98.3,3.1,1.7,352,98.0,92.0,21.0,12.0,15.0,50.0,50.0,57.0,58.0,24.0,53.0,290,259,343.0,93.0,87.0,18.0,14.0,12.0,48.0,51.0,51.0,55.0,36.0,34.0,264.0,239.0,203.0,76.0,59.0,14.0,10.0,7.0,16.0,9.0,7.0,29.0,25.0,19.0,151.0,123.0,17.7,19.2,26.0,31.5,8.1,12.5,14.4,20.4,14.5,21.8,24.2,33.3,10.4,15.4,17.5,24.4,29.2,31.0,42.7,45.5,23.8,26.3,34.3,38.1,"(CONTRACTS OF 37,500 POUNDS)",A50,FutOnly
raw_cot_data/disaggregated_futures_only/fut_disagg_xls_2020/f_year.xls,disaggregated_futures_only,fut_disagg_xls_2020,COFFEE C - ICE FUTURES U.S.,200310,2020-03-10,083731,ICUS,1,83,268806,89873,142031,42793,11689,7783,31872,29067,39099,19333,4542,27098,257851,261309,10955,7497,192049,57133,85476,33504,10445,3828,30888,32192,31662,18293,13638,8297,183605,185538,8444,6511,76757,32740,56555,11601,3556,1643,6399,2290,2022,13080,2944,6761,74246,75771,2511,986,-9938.0,-415.0,-1457.0,-1724.0,-483.0,-147.0,-4372.0,-6918.0,229.0,-1592.0,182.0,-945.0,-8966.0,-9539.0,-972.0,-399.0,100,33.4,52.8,15.9,4.3,2.9,11.9,10.8,14.5,7.2,1.7,10.1,95.9,97.2,4.1,2.8,100,29.7,44.5,17.4,5.4,2.0,16.1,16.8,16.5,9.5,7.1,4.3,95.6,96.6,4.4,3.4,100,42.7,73.7,15.1,4.6,2.1,8.3,3.0,2.6,17.0,3.8,8.8,96.7,98.7,3.3,1.3,373,101.0,91.0,21.0,12.0,17.0,56.0,46.0,59.0,61.0,35.0,59.0,312,269,366.0,96.0,84.0,21.0,11.0,13.0,54.0,48.0,52.0,60.0,45.0,39.0,284.0,248.0,204.0,79.0,58.0,15.0,10.0,7.0,18.0,8.0,6.0,30.0,25.0,19.0,157.0,120.0,15.6,19.1,23.6,31.6,7.8,11.9,14.2,19.3,13.5,21.5,23.3,32.7,10.1,15.5,16.9,23.6,29.4,32.1,42.6,46.1,24.6,28.2,34.8,39.5,"(CONTRACTS OF 37,500 POUNDS)",A50,FutOnly
raw_cot_data/disaggregated_futures_only/fut_disagg_xls_2020/f_year.xls,disaggregated_futures_only,fut_disagg_xls_2020,COFFEE C - ICE FUTURES U.S.,200303,2020-03-03,083731,ICUS,1,83,278744,90288,143488,44517,12172,7930,36244,35985,38870,20925,4360,28043,266817,270848,11927,7896,208055,58294,90004,35846,10448,5780,35175,36757,34030,19757,14471,10106,198988,201596,9067,6459,70689,31994,53484,10171,3224,650,4142,2301,1767,13593,2314,5512,67829,69252,2860,1437,-10606.0,-6818.0,5394.0,427.0,74.0,-1581.0,296.0,-15977.0,-767.0,-2228.0,719.0,1.0,-10670.0,-12137.0,64.0,1531.0,100,32.4,51.5,16.0,4.4,2.8,13.0,12.9,13.9,7.5,1.6,10.1,95.7,97.2,4.3,2.8,100,28.0,43.3,17.2,5.0,2.8,16.9,17.7,16.4,9.5,7.0,4.9,95.6,96.9,4.4,3.1,100,45.3,75.7,14.4,4.6,0.9,5.9,3.3,2.5,19.2,3.3,7.8,96.0,98.0,4.0,2.0,402,102.0,94.0,22.0,11.0,18.0,70.0,47.0,61.0,73.0,37.0,62.0,340,277,395.0,98.0,85.0,21.0,11.0,15.0,68.0,50.0,54.0,68.0,49.0,44.0,316.0,254.0,201.0,77.0,61.0,17.0,8.0,7.0,18.0,11.0,7.0,30.0,20.0,19.0,155.0,121.0,15.9,19.8,23.8,32.0,7.6,11.8,14.1,19.6,14.8,21.7,24.0,32.4,9.7,14.9,16.3,23.3,30.1,32.7,43.3,47.0,22.9,29.2,31.3,40.0,"(CONTRACTS OF 37,500 POUNDS)",A50,FutOnly
raw_cot_data/disaggregated_futures_only/fut_disagg_xls_2020/f_year.xls,disaggregated_futures_only,fut_disagg_xls_2020,COFFEE C - ICE FUTURES U.S.,200225,2020-02-25,083731,ICUS,1,83,289350,97106,138094,44090,12098,9511,35948,51962,39637,23153,3641,28042,277487,282985,11863,6365,219830,64908,88853,35822,10262,7343,35073,52678,34389,22422,11019,9614,209571,214158,10259,5672,69520,32198,49241,9919,3487,517,4401,2810,1722,11980,3871,7179,67916,68827,1604,693,-2.0,-5589.0,-5785.0,912.0,24.0,-385.0,528.0,-935.0,5445.0,-2222.0,-199.0,1221.0,-90.0,-614.0,88.0,612.0,100,33.6,47.7,15.2,4.2,3.3,12.4,18.0,13.7,8.0,1.3,9.7,95.9,97.8,4.1,2.2,100,29.5,40.4,16.3,4.7,3.3,16.0,24.0,15.6,10.2,5.0,4.4,95.3,97.4,4.7,2.6,100,46.3,70.8,14.3,5.0,0.7,6.3,4.0,2.5,17.2,5.6,10.3,97.7,99.0,2.3,1.0,413,108.0,94.0,22.0,11.0,16.0,67.0,55.0,63.0,74.0,40.0,62.0,341,290,407.0,106.0,86.0,21.0,11.0,13.0,65.0,59.0,55.0,75.0,46.0,47.0,323.0,267.0,208.0,78.0,60.0,17.0,8.0,7.0,22.0,11.0,7.0,28.0,23.0,19.0,160.0,121.0,15.8,18.1,23.7,29.2,7.4,10.5,13.4,18.8,14.3,19.7,23.1,30.4,9.0,13.0,14.7,21.7,30.3,31.8,43.3,45.6,21.5,28.0,31.5,37.5,"(CONTRACTS OF 37,500 POUNDS)",A50,FutOnly
raw_cot_data/disaggregated_futures_only/fut_disagg_xls_2020/f_year.xls,disaggregated_futures_only,fut_disagg_xls_2020,COFFEE C - ICE FUTURES U.S.,200218,2020-02-18,083731,ICUS,1,83,289352,102695,143879,43178,12074,9896,35420,52897,34192,25375,3840,26821,277577,283599,11775,5753,224572,71300,96171,36064,10639,7254,34322,53165,29868,23893,10630,11681,214382,219408,10190,5164,64780,31395,47708,9228,3549,528,4338,2972,1084,11668,3396,4954,63195,64191,1585,589,-14833.0,-1996.0,-4406.0,2085.0,1119.0,-3998.0,-2192.0,-553.0,-2047.0,-781.0,-46.0,-3475.0,-12404.0,-13406.0,-2429.0,-1427.0,100,35.5,49.7,14.9,4.2,3.4,12.2,18.3,11.8,8.8,1.3,9.3,95.9,98.0,4.1,2.0,100,31.7,42.8,16.1,4.7,3.2,15.3,23.7,13.3,10.6,4.7,5.2,95.5,97.7,4.5,2.3,100,48.5,73.6,14.2,5.5,0.8,6.7,4.6,1.7,18.0,5.2,7.6,97.6,99.1,2.4,0.9,414,110.0,98.0,23.0,11.0,15.0,66.0,53.0,58.0,79.0,37.0,60.0,342,286,408.0,108.0,91.0,24.0,9.0,12.0,63.0,57.0,52.0,78.0,44.0,46.0,325.0,266.0,204.0,80.0,62.0,16.0,9.0,8.0,20.0,10.0,4.0,26.0,22.0,19.0,156.0,121.0,14.5,18.5,22.4,29.0,7.5,10.4,13.3,18.4,12.8,18.8,21.6,29.6,9.0,12.8,14.7,21.1,30.3,32.4,43.6,45.7,22.4,29.7,33.3,39.7,"(CONTRACTS OF 37,500 POUNDS)",A50,FutOnly
raw_cot_data/disaggregated_futures_only/fut_disagg_xls_2020/f_year.xls,disaggregated_futures_only,fut_disagg_xls_2020,COFFEE C - ICE FUTURES U.S.,200211,2020-02-11,083731,ICUS,1,83,304185,104691,148285,41093,10955,13894,37612,53450,36239,26156,3886,30296,289981,297005,14204,7180,244810,74279,104037,35928,10381,10184,36693,53957,32369,23493,7984,19278,232224,238190,12586,6620,59375,30412,44248,8283,3692,592,3753,2327,1036,9444,2683,4237,57757,58815,1618,560,-12611.0,7317.0,-3886.0,-139.0,-1150.0,-4467.0,-3073.0,15936.0,-11895.0,4251.0,-306.0,-5700.0,-13706.0,-11468.0,1095.0,-1143.0,100,34.4,48.7,13.5,3.6,4.6,12.4,17.6,11.9,8.6,1.3,10.0,95.3,97.6,4.7,2.4,100,30.3,42.5,14.7,4.2,4.2,15.0,22.0,13.2,9.6,3.3,7.9,94.9,97.3,5.1,2.7,100,51.2,74.5,14.0,6.2,1.0,6.3,3.9,1.7,15.9,4.5,7.1,97.3,99.1,2.7,0.9,416,110.0,100.0,20.0,11.0,17.0,61.0,63.0,57.0,82.0,34.0,61.0,342,293,413.0,107.0,97.0,19.0,12.0,15.0,60.0,66.0,51.0,82.0,42.0,52.0,328.0,282.0,192.0,78.0,61.0,17.0,6.0,7.0,17.0,10.0,5.0,25.0,18.0,19.0,150.0,114.0,14.5,18.3,22.0,27.8,6.9,9.6,12.2,16.6,12.4,18.1,20.4,27.3,7.8,11.5,13.4,18.8,31.8,34.6,44.5,48.1,23.3,31.7,32.8,41.9,"(CONTRACTS OF 37,500 POUNDS)",A50,FutOnly
raw_cot_data/disaggregated_futures_only/fut_disagg_xls_2020/f_year.xls,disaggregated_futures_only,fut_disagg_xls_2020,COFFEE C - ICE FUTURES U.S.,200204,2020-02-04,083731,ICUS,1,83,316796,97374,152171,41232,12105,18361,40685,37514,48134,21905,4192,35996,303687,308473,13109,8323,261665,68765,111670,38381,11465,14634,38914,39091,44267,21084,9001,23942,249987,254070,11678,7595,55131,28609,40501,5941,3730,637,4785,1437,853,8544,2914,4331,53700,54403,1431,728,24471.0,9913.0,-4073.0,-1276.0,419.0,3594.0,-4058.0,12038.0,7034.0,4953.0,509.0,2821.0,22981.0,22342.0,1490.0,2129.0,100,30.7,48.0,13.0,3.8,5.8,12.8,11.8,15.2,6.9,1.3,11.4,95.9,97.4,4.1,2.6,100,26.3,42.7,14.7,4.4,5.6,14.9,14.9,16.9,8.1,3.4,9.1,95.5,97.1,4.5,2.9,100,51.9,73.5,10.8,6.8,1.2,8.7,2.6,1.5,15.5,5.3,7.9,97.4,98.7,2.6,1.3,418,114.0,100.0,22.0,12.0,15.0,60.0,61.0,60.0,78.0,40.0,63.0,346,298,416.0,112.0,97.0,22.0,12.0,15.0,56.0,66.0,55.0,82.0,45.0,54.0,334.0,289.0,187.0,73.0,59.0,14.0,7.0,7.0,19.0,6.0,4.0,23.0,23.0,17.0,143.0,111.0,14.7,18.6,23.1,29.0,6.3,9.6,11.7,15.5,13.8,19.8,22.1,28.2,7.3,11.2,13.1,17.1,31.1,31.8,44.7,46.2,23.4,29.6,32.0,40.8,"(CONTRACTS OF 37,500 POUNDS)",A50,FutOnly
raw_cot_data/disaggregated_futures_only/fut_disagg_xls_2020/f_year.xls,disaggregated_futures_only,fut_disagg_xls_2020,COFFEE C - ICE FUTURES U.S.,200128,2020-01-28,083731,ICUS,1,83,292325,87461,156244,42508,11686,14767,44743,25476,41100,16952,3683,33175,280706,286131,11619,6194,240039,59815,117203,41573,10516,11664,42993,28317,36376,15946,9261,21180,229547,234517,10492,5522,52286,27646,39041,3247,3482,791,5933,1342,541,8295,1711,4706,51159,51614,1127,672,9124.0,7344.0,-2094.0,306.0,431.0,1240.0,-4026.0,8022.0,568.0,3249.0,159.0,1392.0,10073.0,9718.0,-949.0,-594.0,100,29.9,53.4,14.5,4.0,5.1,15.3,8.7,14.1,5.8,1.3,11.3,96.0,97.9,4.0,2.1,100,24.9,48.8,17.3,4.4,4.9,17.9,11.8,15.2,6.6,3.9,8.8,95.6,97.7,4.4,2.3,100,52.9,74.7,6.2,6.7,1.5,11.3,2.6,1.0,15.9,3.3,9.0,97.8,98.7,2.2,1.3,414,111.0,101.0,21.0,12.0,15.0,67.0,54.0,67.0,80.0,34.0,61.0,355,288,412.0,109.0,100.0,22.0,11.0,15.0,65.0,58.0,62.0,83.0,40.0,55.0,342.0,285.0,182.0,69.0,62.0,11.0,9.0,6.0,16.0,8.0,4.0,24.0,19.0,20.0,136.0,114.0,13.3,20.3,22.2,30.6,7.5,11.2,13.3,18.5,11.8,20.7,20.3,30.4,9.1,13.9,15.4,20.7,33.3,32.8,49.0,47.5,28.8,30.4,36.5,41.2,"(CONTRACTS OF 37,500 POUNDS)",A50,FutOnly
raw_cot_data/disaggregated_futures_only/fut_disagg_xls_2020/f_year.xls,disaggregated_futures_only,fut_disagg_xls_2020,COFFEE C - ICE FUTURES U.S.,200121,2020-01-21,083731,ICUS,1,83,283201,80117,158338,42202,11255,13527,48769,17454,40532,13703,3524,31783,270633,276413,12568,6788,233742,53907,121049,41590,10022,11178,47053,20959,36189,14096,9920,18369,222382,227686,11360,6056,49459,26210,37289,2172,2793,789,5770,549,289,8168,2165,4853,48251,48727,1208,732,-7681.0,945.0,-3901.0,-3118.0,159.0,1754.0,-2183.0,1166.0,-5684.0,-36.0,-1891.0,831.0,-7491.0,-7566.0,-190.0,-115.0,100,28.3,55.9,14.9,4.0,4.8,17.2,6.2,14.3,4.8,1.2,11.2,95.6,97.6,4.4,2.4,100,23.1,51.8,17.8,4.3,4.8,20.1,9.0,15.5,6.0,4.2,7.9,95.1,97.4,4.9,2.6,100,53.0,75.4,4.4,5.6,1.6,11.7,1.1,0.6,16.5,4.4,9.8,97.6,98.5,2.4,1.5,409,111.0,103.0,21.0,11.0,15.0,74.0,44.0,68.0,74.0,35.0,61.0,351,287,408.0,110.0,102.0,22.0,10.0,15.0,73.0,47.0,64.0,76.0,42.0,51.0,338.0,283.0,181.0,68.0,62.0,10.0,10.0,5.0,18.0,6.0,,21.0,22.0,17.0,131.0,111.0,13.8,20.7,22.1,32.0,8.0,12.2,13.8,20.7,12.2,21.2,21.5,31.7,9.7,15.0,16.3,22.8,34.6,34.9,49.1,49.5,29.4,31.1,37.6,42.6,"(CONTRACTS OF 37,500 POUNDS)",A50,FutOnly
raw_cot_data/disaggregated_futures_only/fut_disagg_xls_2020/f_year.xls,disaggregated_futures_only,fut_disagg_xls_2020,COFFEE C - ICE FUTURES U.S.,200114,2020-01-14,083731,ICUS,1,83,290882,79172,162239,45320,11096,11773,50952,16288,46216,13739,5415,30952,278124,283979,12758,6903,241645,53226,125610,45058,9993,9237,49228,19897,42166,14713,12141,16296,229924,235340,11721,6305,49237,25946,36629,2077,2918,721,5614,281,160,8235,2483,5447,48200,48639,1037,598,6511.0,2192.0,1326.0,-903.0,523.0,5658.0,-4760.0,587.0,-1132.0,-507.0,-4702.0,5352.0,5900.0,7612.0,611.0,-1101.0,100,27.2,55.8,15.6,3.8,4.0,17.5,5.6,15.9,4.7,1.9,10.6,95.6,97.6,4.4,2.4,100,22.0,52.0,18.6,4.1,3.8,20.4,8.2,17.4,6.1,5.0,6.7,95.1,97.4,4.9,2.6,100,52.7,74.4,4.2,5.9,1.5,11.4,0.6,0.3,16.7,5.0,11.1,97.9,98.8,2.1,1.2,407,106.0,99.0,22.0,10.0,15.0,78.0,45.0,68.0,67.0,40.0,63.0,349,284,404.0,103.0,96.0,23.0,9.0,15.0,77.0,48.0,64.0,67.0,47.0,53.0,333.0,278.0,177.0,64.0,61.0,9.0,11.0,5.0,18.0,5.0,,23.0,17.0,15.0,126.0,106.0,14.9,21.2,23.1,33.4,8.3,13.7,14.2,21.7,13.2,23.0,22.7,33.5,10.0,16.0,16.9,24.0,34.6,34.8,49.5,50.5,29.2,30.2,37.8,41.4,"(CONTRACTS OF 37,500 POUNDS)",A50,FutOnly
raw_cot_data/disaggregated_futures_only/fut_disagg_xls_2020/f_year.xls,disaggregated_futures_only,fut_disagg_xls_2020,COFFEE C - ICE FUTURES U.S.,200107,2020-01-07,083731,ICUS,1,83,284371,76980,160913,46223,10573,6115,55712,15701,47348,14246,10117,25600,272224,276367,12147,8004,237407,52515,125279,45553,9474,3757,53702,19255,43662,14791,16287,12372,226352,230086,11055,7321,46964,24465,35634,2331,2760,697,5639,75,57,7757,2132,4926,45872,46281,1092,683,7210.0,-601.0,-1712.0,-236.0,-77.0,986.0,-1691.0,-112.0,2043.0,572.0,1168.0,4543.0,5616.0,6839.0,1594.0,371.0,100,27.1,56.6,16.3,3.7,2.2,19.6,5.5,16.6,5.0,3.6,9.0,95.7,97.2,4.3,2.8,100,22.1,52.8,19.2,4.0,1.6,22.6,8.1,18.4,6.2,6.9,5.2,95.3,96.9,4.7,3.1,100,52.1,75.9,5.0,5.9,1.5,12.0,0.2,0.1,16.5,4.5,10.5,97.7,98.5,2.3,1.5,418,106.0,100.0,22.0,9.0,14.0,77.0,52.0,70.0,64.0,47.0,58.0,352,288,416.0,104.0,99.0,22.0,9.0,13.0,76.0,56.0,66.0,65.0,52.0,50.0,339.0,283.0,171.0,63.0,59.0,9.0,11.0,6.0,18.0,,,23.0,18.0,15.0,125.0,101.0,13.7,21.0,21.6,33.3,8.5,13.4,14.9,21.8,11.7,22.7,20.8,33.4,10.0,16.0,17.6,24.4,37.9,34.5,53.2,49.3,30.9,30.6,39.8,40.9,"(CONTRACTS OF 37,500 POUNDS)",A50,FutOnly
